url,bucket,status,final_status,hops,final_url,redirect_chain,canonical,self_canonical,meta_robots,x_robots_tag,content_type,title,h1,h1_count,in_sitemap,inbound_count
https://oligopolypeptides.com,Page with redirect,301,200,1,https://www.oligopolypeptides.com/,https://www.oligopolypeptides.com/,https://www.oligopolypeptides.com/,True,"follow, index, max-snippet:-1, max-video-preview:-1, max-image-preview:large",,text/html,Research Peptides & Laboratory Products | OligoPoly,Unlock 20% Off Your First OligoPoly Order,2,False,8
https://www.oligopolypeptides.com/,Indexable,200,200,0,https://www.oligopolypeptides.com/,,https://www.oligopolypeptides.com/,True,"follow, index, max-snippet:-1, max-video-preview:-1, max-image-preview:large",,text/html,Research Peptides & Laboratory Products | OligoPoly,Unlock 20% Off Your First OligoPoly Order,2,True,233
https://www.oligopolypeptides.com/?add-to-cart=12,Alternate page with proper canonical tag,200,200,0,https://www.oligopolypeptides.com/?add-to-cart=12,,https://www.oligopolypeptides.com/,False,"follow, index, max-snippet:-1, max-video-preview:-1, max-image-preview:large",,text/html,Research Peptides & Laboratory Products | OligoPoly,Unlock 20% Off Your First OligoPoly Order,2,False,16
https://www.oligopolypeptides.com/?add-to-cart=39,Alternate page with proper canonical tag,200,200,0,https://www.oligopolypeptides.com/?add-to-cart=39,,https://www.oligopolypeptides.com/,False,"follow, index, max-snippet:-1, max-video-preview:-1, max-image-preview:large",,text/html,Research Peptides & Laboratory Products | OligoPoly,Unlock 20% Off Your First OligoPoly Order,2,False,13
https://www.oligopolypeptides.com/?add-to-cart=436,Alternate page with proper canonical tag,200,200,0,https://www.oligopolypeptides.com/?add-to-cart=436,,https://www.oligopolypeptides.com/,False,"follow, index, max-snippet:-1, max-video-preview:-1, max-image-preview:large",,text/html,Research Peptides & Laboratory Products | OligoPoly,Unlock 20% Off Your First OligoPoly Order,2,False,5
https://www.oligopolypeptides.com/?add-to-cart=441,Alternate page with proper canonical tag,200,200,0,https://www.oligopolypeptides.com/?add-to-cart=441,,https://www.oligopolypeptides.com/,False,"follow, index, max-snippet:-1, max-video-preview:-1, max-image-preview:large",,text/html,Research Peptides & Laboratory Products | OligoPoly,Unlock 20% Off Your First OligoPoly Order,2,False,2
https://www.oligopolypeptides.com/?add-to-cart=442,Alternate page with proper canonical tag,200,200,0,https://www.oligopolypeptides.com/?add-to-cart=442,,https://www.oligopolypeptides.com/,False,"follow, index, max-snippet:-1, max-video-preview:-1, max-image-preview:large",,text/html,Research Peptides & Laboratory Products | OligoPoly,Unlock 20% Off Your First OligoPoly Order,2,False,1
https://www.oligopolypeptides.com/?add-to-cart=443,Alternate page with proper canonical tag,200,200,0,https://www.oligopolypeptides.com/?add-to-cart=443,,https://www.oligopolypeptides.com/,False,"follow, index, max-snippet:-1, max-video-preview:-1, max-image-preview:large",,text/html,Research Peptides & Laboratory Products | OligoPoly,Unlock 20% Off Your First OligoPoly Order,2,False,1
https://www.oligopolypeptides.com/?add-to-cart=448,Alternate page with proper canonical tag,200,200,0,https://www.oligopolypeptides.com/?add-to-cart=448,,https://www.oligopolypeptides.com/,False,"follow, index, max-snippet:-1, max-video-preview:-1, max-image-preview:large",,text/html,Research Peptides & Laboratory Products | OligoPoly,Unlock 20% Off Your First OligoPoly Order,2,False,1
https://www.oligopolypeptides.com/?add-to-cart=449,Alternate page with proper canonical tag,200,200,0,https://www.oligopolypeptides.com/?add-to-cart=449,,https://www.oligopolypeptides.com/,False,"follow, index, max-snippet:-1, max-video-preview:-1, max-image-preview:large",,text/html,Research Peptides & Laboratory Products | OligoPoly,Unlock 20% Off Your First OligoPoly Order,2,False,1
https://www.oligopolypeptides.com/?add-to-cart=462,Alternate page with proper canonical tag,200,200,0,https://www.oligopolypeptides.com/?add-to-cart=462,,https://www.oligopolypeptides.com/,False,"follow, index, max-snippet:-1, max-video-preview:-1, max-image-preview:large",,text/html,Research Peptides & Laboratory Products | OligoPoly,Unlock 20% Off Your First OligoPoly Order,2,False,1
https://www.oligopolypeptides.com/?add-to-cart=47,Alternate page with proper canonical tag,200,200,0,https://www.oligopolypeptides.com/?add-to-cart=47,,https://www.oligopolypeptides.com/,False,"follow, index, max-snippet:-1, max-video-preview:-1, max-image-preview:large",,text/html,Research Peptides & Laboratory Products | OligoPoly,Unlock 20% Off Your First OligoPoly Order,2,False,13
https://www.oligopolypeptides.com/?add-to-cart=470,Alternate page with proper canonical tag,200,200,0,https://www.oligopolypeptides.com/?add-to-cart=470,,https://www.oligopolypeptides.com/,False,"follow, index, max-snippet:-1, max-video-preview:-1, max-image-preview:large",,text/html,Research Peptides & Laboratory Products | OligoPoly,Unlock 20% Off Your First OligoPoly Order,2,False,1
https://www.oligopolypeptides.com/?add-to-cart=479,Alternate page with proper canonical tag,200,200,0,https://www.oligopolypeptides.com/?add-to-cart=479,,https://www.oligopolypeptides.com/,False,"follow, index, max-snippet:-1, max-video-preview:-1, max-image-preview:large",,text/html,Research Peptides & Laboratory Products | OligoPoly,Unlock 20% Off Your First OligoPoly Order,2,False,1
https://www.oligopolypeptides.com/?add-to-cart=49,Alternate page with proper canonical tag,200,200,0,https://www.oligopolypeptides.com/?add-to-cart=49,,https://www.oligopolypeptides.com/,False,"follow, index, max-snippet:-1, max-video-preview:-1, max-image-preview:large",,text/html,Research Peptides & Laboratory Products | OligoPoly,Unlock 20% Off Your First OligoPoly Order,2,False,4
https://www.oligopolypeptides.com/?add-to-cart=52,Alternate page with proper canonical tag,200,200,0,https://www.oligopolypeptides.com/?add-to-cart=52,,https://www.oligopolypeptides.com/,False,"follow, index, max-snippet:-1, max-video-preview:-1, max-image-preview:large",,text/html,Research Peptides & Laboratory Products | OligoPoly,Unlock 20% Off Your First OligoPoly Order,2,False,4
https://www.oligopolypeptides.com/?add-to-cart=55,Alternate page with proper canonical tag,200,200,0,https://www.oligopolypeptides.com/?add-to-cart=55,,https://www.oligopolypeptides.com/,False,"follow, index, max-snippet:-1, max-video-preview:-1, max-image-preview:large",,text/html,Research Peptides & Laboratory Products | OligoPoly,Unlock 20% Off Your First OligoPoly Order,2,False,1
https://www.oligopolypeptides.com/?add-to-cart=60,Alternate page with proper canonical tag,200,200,0,https://www.oligopolypeptides.com/?add-to-cart=60,,https://www.oligopolypeptides.com/,False,"follow, index, max-snippet:-1, max-video-preview:-1, max-image-preview:large",,text/html,Research Peptides & Laboratory Products | OligoPoly,Unlock 20% Off Your First OligoPoly Order,2,False,2
https://www.oligopolypeptides.com/?add-to-cart=63,Alternate page with proper canonical tag,200,200,0,https://www.oligopolypeptides.com/?add-to-cart=63,,https://www.oligopolypeptides.com/,False,"follow, index, max-snippet:-1, max-video-preview:-1, max-image-preview:large",,text/html,Research Peptides & Laboratory Products | OligoPoly,Unlock 20% Off Your First OligoPoly Order,2,False,1
https://www.oligopolypeptides.com/?add-to-cart=815,Alternate page with proper canonical tag,200,200,0,https://www.oligopolypeptides.com/?add-to-cart=815,,https://www.oligopolypeptides.com/,False,"follow, index, max-snippet:-1, max-video-preview:-1, max-image-preview:large",,text/html,Research Peptides & Laboratory Products | OligoPoly,Unlock 20% Off Your First OligoPoly Order,2,False,2
https://www.oligopolypeptides.com/?opl7_pdf=batch-verification,Duplicate without user-selected canonical,200,200,0,https://www.oligopolypeptides.com/?opl7_pdf=batch-verification,,,False,,,application/pdf,,,0,False,1
https://www.oligopolypeptides.com/?opl7_pdf=coa-guide,Duplicate without user-selected canonical,200,200,0,https://www.oligopolypeptides.com/?opl7_pdf=coa-guide,,,False,,,application/pdf,,,0,False,1
https://www.oligopolypeptides.com/?opl7_pdf=documentation-downloads,Duplicate without user-selected canonical,200,200,0,https://www.oligopolypeptides.com/?opl7_pdf=documentation-downloads,,,False,,,application/pdf,,,0,False,1
https://www.oligopolypeptides.com/?opl7_pdf=research-article&item=2074,Duplicate without user-selected canonical,200,200,0,https://www.oligopolypeptides.com/?opl7_pdf=research-article&item=2074,,,False,,,application/pdf,,,0,False,1
https://www.oligopolypeptides.com/?opl7_pdf=research-article&item=2075,Duplicate without user-selected canonical,200,200,0,https://www.oligopolypeptides.com/?opl7_pdf=research-article&item=2075,,,False,,,application/pdf,,,0,False,1
https://www.oligopolypeptides.com/?opl7_pdf=research-article&item=2076,Duplicate without user-selected canonical,200,200,0,https://www.oligopolypeptides.com/?opl7_pdf=research-article&item=2076,,,False,,,application/pdf,,,0,False,1
https://www.oligopolypeptides.com/?opl7_pdf=research-article&item=2215,Duplicate without user-selected canonical,200,200,0,https://www.oligopolypeptides.com/?opl7_pdf=research-article&item=2215,,,False,,,application/pdf,,,0,False,1
https://www.oligopolypeptides.com/?opl7_pdf=research-article&item=2216,Duplicate without user-selected canonical,200,200,0,https://www.oligopolypeptides.com/?opl7_pdf=research-article&item=2216,,,False,,,application/pdf,,,0,False,1
https://www.oligopolypeptides.com/?opl7_pdf=research-article&item=2236,Duplicate without user-selected canonical,200,200,0,https://www.oligopolypeptides.com/?opl7_pdf=research-article&item=2236,,,False,,,application/pdf,,,0,False,1
https://www.oligopolypeptides.com/?opl7_pdf=research-article&item=2243,Duplicate without user-selected canonical,200,200,0,https://www.oligopolypeptides.com/?opl7_pdf=research-article&item=2243,,,False,,,application/pdf,,,0,False,1
https://www.oligopolypeptides.com/?opl7_pdf=research-article&item=2244,Duplicate without user-selected canonical,200,200,0,https://www.oligopolypeptides.com/?opl7_pdf=research-article&item=2244,,,False,,,application/pdf,,,0,False,1
https://www.oligopolypeptides.com/?opl7_pdf=research-article&item=2245,Duplicate without user-selected canonical,200,200,0,https://www.oligopolypeptides.com/?opl7_pdf=research-article&item=2245,,,False,,,application/pdf,,,0,False,1
https://www.oligopolypeptides.com/?opl7_pdf=research-article&item=2246,Duplicate without user-selected canonical,200,200,0,https://www.oligopolypeptides.com/?opl7_pdf=research-article&item=2246,,,False,,,application/pdf,,,0,False,1
https://www.oligopolypeptides.com/?opl7_pdf=research-article&item=2247,Duplicate without user-selected canonical,200,200,0,https://www.oligopolypeptides.com/?opl7_pdf=research-article&item=2247,,,False,,,application/pdf,,,0,False,1
https://www.oligopolypeptides.com/?opl7_pdf=research-article&item=2248,Duplicate without user-selected canonical,200,200,0,https://www.oligopolypeptides.com/?opl7_pdf=research-article&item=2248,,,False,,,application/pdf,,,0,False,1
https://www.oligopolypeptides.com/?opl7_pdf=research-article&item=2249,Duplicate without user-selected canonical,200,200,0,https://www.oligopolypeptides.com/?opl7_pdf=research-article&item=2249,,,False,,,application/pdf,,,0,False,1
https://www.oligopolypeptides.com/?opl7_pdf=research-article&item=2250,Duplicate without user-selected canonical,200,200,0,https://www.oligopolypeptides.com/?opl7_pdf=research-article&item=2250,,,False,,,application/pdf,,,0,False,1
https://www.oligopolypeptides.com/?opl7_pdf=research-article&item=2251,Duplicate without user-selected canonical,200,200,0,https://www.oligopolypeptides.com/?opl7_pdf=research-article&item=2251,,,False,,,application/pdf,,,0,False,1
https://www.oligopolypeptides.com/?opl7_pdf=research-article&item=2252,Duplicate without user-selected canonical,200,200,0,https://www.oligopolypeptides.com/?opl7_pdf=research-article&item=2252,,,False,,,application/pdf,,,0,False,1
https://www.oligopolypeptides.com/?opl7_pdf=research-compound&item=479,Duplicate without user-selected canonical,200,200,0,https://www.oligopolypeptides.com/?opl7_pdf=research-compound&item=479,,,False,,,application/pdf,,,0,False,1
https://www.oligopolypeptides.com/?opl7_pdf=research-compound&item=49,Duplicate without user-selected canonical,200,200,0,https://www.oligopolypeptides.com/?opl7_pdf=research-compound&item=49,,,False,,,application/pdf,,,0,False,1
https://www.oligopolypeptides.com/?opl7_pdf=research-compound&item=815,Duplicate without user-selected canonical,200,200,0,https://www.oligopolypeptides.com/?opl7_pdf=research-compound&item=815,,,False,,,application/pdf,,,0,False,1
https://www.oligopolypeptides.com/?opl7_pdf=research-library,Duplicate without user-selected canonical,200,200,0,https://www.oligopolypeptides.com/?opl7_pdf=research-library,,,False,,,application/pdf,,,0,False,1
https://www.oligopolypeptides.com/?opl7_pdf=research-product-compare,Duplicate without user-selected canonical,200,200,0,https://www.oligopolypeptides.com/?opl7_pdf=research-product-compare,,,False,,,application/pdf,,,0,False,1
https://www.oligopolypeptides.com/?opl7_pdf=research-standards,Duplicate without user-selected canonical,200,200,0,https://www.oligopolypeptides.com/?opl7_pdf=research-standards,,,False,,,application/pdf,,,0,False,1
https://www.oligopolypeptides.com/?product=advanced-multi-pathway-Research Panel,Malformed URL (not crawlable),0,0,0,https://www.oligopolypeptides.com/?product=advanced-multi-pathway-Research Panel,,,False,,,,,,0,False,1
https://www.oligopolypeptides.com/?product=aod-9604,Page with redirect,301,200,2,https://www.oligopolypeptides.com/research-catalog/,https://www.oligopolypeptides.com/products/ -> https://www.oligopolypeptides.com/research-catalog/,https://www.oligopolypeptides.com/research-catalog/,True,"follow, index, max-snippet:-1, max-video-preview:-1, max-image-preview:large",,text/html,Research Products Catalog | OligoPoly Laboratories,Unlock 20% Off Your First OligoPoly Order,2,False,1
https://www.oligopolypeptides.com/?product=ara-290,Page with redirect,301,200,2,https://www.oligopolypeptides.com/research-catalog/,https://www.oligopolypeptides.com/products/ -> https://www.oligopolypeptides.com/research-catalog/,https://www.oligopolypeptides.com/research-catalog/,True,"follow, index, max-snippet:-1, max-video-preview:-1, max-image-preview:large",,text/html,Research Products Catalog | OligoPoly Laboratories,Unlock 20% Off Your First OligoPoly Order,2,False,1
https://www.oligopolypeptides.com/?product=bpc-157,Page with redirect,301,200,1,https://www.oligopolypeptides.com/products/bpc-157-10mg-research-peptide/,https://www.oligopolypeptides.com/products/bpc-157-10mg-research-peptide/,https://www.oligopolypeptides.com/products/bpc-157-10mg-research-peptide/,True,"follow, index, max-snippet:-1, max-video-preview:-1, max-image-preview:large",,text/html,BPC-157 10mg Research Peptide for Lab Research | OligoPoly,Unlock 20% Off Your First OligoPoly Order,2,False,1
https://www.oligopolypeptides.com/?product=bpc-tb-blend,Page with redirect,301,200,2,https://www.oligopolypeptides.com/research-catalog/,https://www.oligopolypeptides.com/products/ -> https://www.oligopolypeptides.com/research-catalog/,https://www.oligopolypeptides.com/research-catalog/,True,"follow, index, max-snippet:-1, max-video-preview:-1, max-image-preview:large",,text/html,Research Products Catalog | OligoPoly Laboratories,Unlock 20% Off Your First OligoPoly Order,2,False,1
https://www.oligopolypeptides.com/?product=cagrilintide,Page with redirect,301,200,2,https://www.oligopolypeptides.com/research-catalog/,https://www.oligopolypeptides.com/products/ -> https://www.oligopolypeptides.com/research-catalog/,https://www.oligopolypeptides.com/research-catalog/,True,"follow, index, max-snippet:-1, max-video-preview:-1, max-image-preview:large",,text/html,Research Products Catalog | OligoPoly Laboratories,Unlock 20% Off Your First OligoPoly Order,2,False,1
https://www.oligopolypeptides.com/?product=cjc-1295-dac,Page with redirect,301,200,1,https://www.oligopolypeptides.com/cjc-1295-vs-ipamorelin/,https://www.oligopolypeptides.com/cjc-1295-vs-ipamorelin/,https://www.oligopolypeptides.com/cjc-1295-vs-ipamorelin/,True,"follow, index, max-snippet:-1, max-video-preview:-1, max-image-preview:large",,text/html,CJC-1295 vs Ipamorelin | GHRH vs GHSR Research | OligoPoly Laboratories,Unlock 20% Off Your First OligoPoly Order,3,False,1
https://www.oligopolypeptides.com/?product=cjc-1295-nodac,Page with redirect,301,200,2,https://www.oligopolypeptides.com/research-catalog/,https://www.oligopolypeptides.com/products/ -> https://www.oligopolypeptides.com/research-catalog/,https://www.oligopolypeptides.com/research-catalog/,True,"follow, index, max-snippet:-1, max-video-preview:-1, max-image-preview:large",,text/html,Research Products Catalog | OligoPoly Laboratories,Unlock 20% Off Your First OligoPoly Order,2,False,1
https://www.oligopolypeptides.com/?product=follistatin-344,Page with redirect,301,200,2,https://www.oligopolypeptides.com/research-catalog/,https://www.oligopolypeptides.com/products/ -> https://www.oligopolypeptides.com/research-catalog/,https://www.oligopolypeptides.com/research-catalog/,True,"follow, index, max-snippet:-1, max-video-preview:-1, max-image-preview:large",,text/html,Research Products Catalog | OligoPoly Laboratories,Unlock 20% Off Your First OligoPoly Order,2,False,1
https://www.oligopolypeptides.com/?product=ghk-cu,Page with redirect,301,200,1,https://www.oligopolypeptides.com/products/ghk-cu-50mg-research-peptide/,https://www.oligopolypeptides.com/products/ghk-cu-50mg-research-peptide/,https://www.oligopolypeptides.com/products/ghk-cu-50mg-research-peptide/,True,"follow, index, max-snippet:-1, max-video-preview:-1, max-image-preview:large",,text/html,GHK-Cu 50mg Research Peptide for Lab Research | OligoPoly,Unlock 20% Off Your First OligoPoly Order,2,False,1
https://www.oligopolypeptides.com/?product=igf-1-lr3,Page with redirect,301,200,2,https://www.oligopolypeptides.com/research-catalog/,https://www.oligopolypeptides.com/products/ -> https://www.oligopolypeptides.com/research-catalog/,https://www.oligopolypeptides.com/research-catalog/,True,"follow, index, max-snippet:-1, max-video-preview:-1, max-image-preview:large",,text/html,Research Products Catalog | OligoPoly Laboratories,Unlock 20% Off Your First OligoPoly Order,2,False,1
https://www.oligopolypeptides.com/?product=melanotan-ii,Page with redirect,301,200,2,https://www.oligopolypeptides.com/research-catalog/,https://www.oligopolypeptides.com/products/ -> https://www.oligopolypeptides.com/research-catalog/,https://www.oligopolypeptides.com/research-catalog/,True,"follow, index, max-snippet:-1, max-video-preview:-1, max-image-preview:large",,text/html,Research Products Catalog | OligoPoly Laboratories,Unlock 20% Off Your First OligoPoly Order,2,False,1
https://www.oligopolypeptides.com/?product=metabolic-research-Research Panel,Malformed URL (not crawlable),0,0,0,https://www.oligopolypeptides.com/?product=metabolic-research-Research Panel,,,False,,,,,,0,False,1
https://www.oligopolypeptides.com/?product=mots-c-2,Page with redirect,301,200,2,https://www.oligopolypeptides.com/research-catalog/,https://www.oligopolypeptides.com/products/ -> https://www.oligopolypeptides.com/research-catalog/,https://www.oligopolypeptides.com/research-catalog/,True,"follow, index, max-snippet:-1, max-video-preview:-1, max-image-preview:large",,text/html,Research Products Catalog | OligoPoly Laboratories,Unlock 20% Off Your First OligoPoly Order,2,False,1
https://www.oligopolypeptides.com/?product=peg-mgf,Page with redirect,301,200,2,https://www.oligopolypeptides.com/research-catalog/,https://www.oligopolypeptides.com/products/ -> https://www.oligopolypeptides.com/research-catalog/,https://www.oligopolypeptides.com/research-catalog/,True,"follow, index, max-snippet:-1, max-video-preview:-1, max-image-preview:large",,text/html,Research Products Catalog | OligoPoly Laboratories,Unlock 20% Off Your First OligoPoly Order,2,False,1
https://www.oligopolypeptides.com/?product=pt-141,Page with redirect,301,200,2,https://www.oligopolypeptides.com/research-catalog/,https://www.oligopolypeptides.com/products/ -> https://www.oligopolypeptides.com/research-catalog/,https://www.oligopolypeptides.com/research-catalog/,True,"follow, index, max-snippet:-1, max-video-preview:-1, max-image-preview:large",,text/html,Research Products Catalog | OligoPoly Laboratories,Unlock 20% Off Your First OligoPoly Order,2,False,1
https://www.oligopolypeptides.com/?product=recovery-cellular-Research Panel-bpc-157-tb-500-ghk-cu-ss-31,Malformed URL (not crawlable),0,0,0,https://www.oligopolypeptides.com/?product=recovery-cellular-Research Panel-bpc-157-tb-500-ghk-cu-ss-31,,,False,,,,,,0,False,1
https://www.oligopolypeptides.com/?product=recovery-support-Research Panel-bpc-157-tb-500-ara-290,Malformed URL (not crawlable),0,0,0,https://www.oligopolypeptides.com/?product=recovery-support-Research Panel-bpc-157-tb-500-ara-290,,,False,,,,,,0,False,1
https://www.oligopolypeptides.com/?product=semax,Page with redirect,301,200,2,https://www.oligopolypeptides.com/research-catalog/,https://www.oligopolypeptides.com/products/ -> https://www.oligopolypeptides.com/research-catalog/,https://www.oligopolypeptides.com/research-catalog/,True,"follow, index, max-snippet:-1, max-video-preview:-1, max-image-preview:large",,text/html,Research Products Catalog | OligoPoly Laboratories,Unlock 20% Off Your First OligoPoly Order,2,False,1
https://www.oligopolypeptides.com/?product=ss-31,Page with redirect,301,200,2,https://www.oligopolypeptides.com/research-catalog/,https://www.oligopolypeptides.com/products/ -> https://www.oligopolypeptides.com/research-catalog/,https://www.oligopolypeptides.com/research-catalog/,True,"follow, index, max-snippet:-1, max-video-preview:-1, max-image-preview:large",,text/html,Research Products Catalog | OligoPoly Laboratories,Unlock 20% Off Your First OligoPoly Order,2,False,1
https://www.oligopolypeptides.com/?product=starter-research-Research Panel-bpc-157-tb-500-ghk-cu,Malformed URL (not crawlable),0,0,0,https://www.oligopolypeptides.com/?product=starter-research-Research Panel-bpc-157-tb-500-ghk-cu,,,False,,,,,,0,False,1
https://www.oligopolypeptides.com/?product=tb-500,Page with redirect,301,200,1,https://www.oligopolypeptides.com/products/tb-500-10mg-research-peptide/,https://www.oligopolypeptides.com/products/tb-500-10mg-research-peptide/,https://www.oligopolypeptides.com/products/tb-500-10mg-research-peptide/,True,"follow, index, max-snippet:-1, max-video-preview:-1, max-image-preview:large",,text/html,TB-500 10mg Research Peptide for Lab Research | OligoPoly,Unlock 20% Off Your First OligoPoly Order,2,False,1
https://www.oligopolypeptides.com/?product=thymosin-alpha-1,Page with redirect,301,200,2,https://www.oligopolypeptides.com/research-catalog/,https://www.oligopolypeptides.com/products/ -> https://www.oligopolypeptides.com/research-catalog/,https://www.oligopolypeptides.com/research-catalog/,True,"follow, index, max-snippet:-1, max-video-preview:-1, max-image-preview:large",,text/html,Research Products Catalog | OligoPoly Laboratories,Unlock 20% Off Your First OligoPoly Order,2,False,1
https://www.oligopolypeptides.com/?product=thymosin-beta-4,Page with redirect,301,200,2,https://www.oligopolypeptides.com/research-catalog/,https://www.oligopolypeptides.com/products/ -> https://www.oligopolypeptides.com/research-catalog/,https://www.oligopolypeptides.com/research-catalog/,True,"follow, index, max-snippet:-1, max-video-preview:-1, max-image-preview:large",,text/html,Research Products Catalog | OligoPoly Laboratories,Unlock 20% Off Your First OligoPoly Order,2,False,1
https://www.oligopolypeptides.com/Research Panels/,Malformed URL (not crawlable),0,0,0,https://www.oligopolypeptides.com/Research Panels/,,,False,,,,,,0,False,31
https://www.oligopolypeptides.com/about/,Indexable,200,200,0,https://www.oligopolypeptides.com/about/,,https://www.oligopolypeptides.com/about/,True,"follow, index, max-snippet:-1, max-video-preview:-1, max-image-preview:large",,text/html,About OligoPoly Laboratories | Culture of Excellence,Unlock 20% Off Your First OligoPoly Order,2,True,233
https://www.oligopolypeptides.com/amino-acid-chart/,Indexable,200,200,0,https://www.oligopolypeptides.com/amino-acid-chart/,,https://www.oligopolypeptides.com/amino-acid-chart/,True,"follow, index, max-snippet:-1, max-video-preview:-1, max-image-preview:large",,text/html,Amino Acid Chart for Peptide Research | OligoPoly,Unlock 20% Off Your First OligoPoly Order,3,True,1
https://www.oligopolypeptides.com/amino-acid-chart/?share=facebook,Redirects off-site,302,200,3,https://www.facebook.com/login/?next=https%3A%2F%2Fwww.facebook.com%2Fshare_channel%2F%3Ftype%3Dreshare%26link%3Dhttps%253A%252F%252Fwww.oligopolypeptides.com%252Famino-acid-chart%252F%26app_id%3D966242223397117%26source_surface%3Dexternal_reshare%26display%26hashtag,https://www.facebook.com/sharer/sharer.php?u=https%3A%2F%2Fwww.oligopolypeptides.com%2Famino-acid-chart%2F&t=Amino%20Acid%20Chart%20%E2%80%94%20All%2020%20Standard%20Amino%20Acids%20for%20Peptide%20Research -> https://www.facebook.com/share_channel/?type=reshare&link=https%3A%2F%2Fwww.oligopolypeptides.com%2Famino-acid-chart%2F&app_id=966242223397117&source_surface=external_reshare&display&hashtag -> https://www.facebook.com/login/?next=https%3A%2F%2Fwww.facebook.com%2Fshare_channel%2F%3Ftype%3Dreshare%26link%3Dhttps%253A%252F%252Fwww.oligopolypeptides.com%252Famino-acid-chart%252F%26app_id%3D966242223397117%26source_surface%3Dexternal_reshare%26display%26hashtag,https://www.facebook.com/login,False,,,text/html,Facebook,,0,False,1
https://www.oligopolypeptides.com/amino-acid-chart/?share=x,Redirects off-site,302,200,1,https://x.com/intent/tweet?text=Amino%20Acid%20Chart%20%E2%80%94%20All%2020%20Standard%20Amino%20Acids%20for%20Peptide%20Research&url=https%3A%2F%2Fwww.oligopolypeptides.com%2Famino-acid-chart%2F,https://x.com/intent/tweet?text=Amino%20Acid%20Chart%20%E2%80%94%20All%2020%20Standard%20Amino%20Acids%20for%20Peptide%20Research&url=https%3A%2F%2Fwww.oligopolypeptides.com%2Famino-acid-chart%2F,,False,,,text/html,,JavaScript is not available.,1,False,1
https://www.oligopolypeptides.com/aod-9604-vs-cagrilintide-research-comparison/,Indexable,200,200,0,https://www.oligopolypeptides.com/aod-9604-vs-cagrilintide-research-comparison/,,https://www.oligopolypeptides.com/aod-9604-vs-cagrilintide-research-comparison/,True,"follow, index, max-snippet:-1, max-video-preview:-1, max-image-preview:large",,text/html,AOD-9604 vs Cagrilintide Research Comparison | OligoPoly Laboratories,Unlock 20% Off Your First OligoPoly Order,2,True,12
https://www.oligopolypeptides.com/aod-9604-vs-cagrilintide-research-comparison/?share=facebook,Redirects off-site,302,200,3,https://www.facebook.com/login/?next=https%3A%2F%2Fwww.facebook.com%2Fshare_channel%2F%3Ftype%3Dreshare%26link%3Dhttps%253A%252F%252Fwww.oligopolypeptides.com%252Faod-9604-vs-cagrilintide-research-comparison%252F%26app_id%3D966242223397117%26source_surface%3Dexternal_reshare%26display%26hashtag,https://www.facebook.com/sharer/sharer.php?u=https%3A%2F%2Fwww.oligopolypeptides.com%2Faod-9604-vs-cagrilintide-research-comparison%2F&t=AOD-9604%20vs%20Cagrilintide%20Research%20Comparison -> https://www.facebook.com/share_channel/?type=reshare&link=https%3A%2F%2Fwww.oligopolypeptides.com%2Faod-9604-vs-cagrilintide-research-comparison%2F&app_id=966242223397117&source_surface=external_reshare&display&hashtag -> https://www.facebook.com/login/?next=https%3A%2F%2Fwww.facebook.com%2Fshare_channel%2F%3Ftype%3Dreshare%26link%3Dhttps%253A%252F%252Fwww.oligopolypeptides.com%252Faod-9604-vs-cagrilintide-research-comparison%252F%26app_id%3D966242223397117%26source_surface%3Dexternal_reshare%26display%26hashtag,https://www.facebook.com/login,False,,,text/html,Facebook,,0,False,1
https://www.oligopolypeptides.com/aod-9604-vs-cagrilintide-research-comparison/?share=x,Redirects off-site,302,200,1,https://x.com/intent/tweet?text=AOD-9604%20vs%20Cagrilintide%20Research%20Comparison&url=https%3A%2F%2Fwww.oligopolypeptides.com%2Faod-9604-vs-cagrilintide-research-comparison%2F,https://x.com/intent/tweet?text=AOD-9604%20vs%20Cagrilintide%20Research%20Comparison&url=https%3A%2F%2Fwww.oligopolypeptides.com%2Faod-9604-vs-cagrilintide-research-comparison%2F,,False,,,text/html,,JavaScript is not available.,1,False,1
https://www.oligopolypeptides.com/aod-9604-vs-retatrutide-research-comparison/,Indexable,200,200,0,https://www.oligopolypeptides.com/aod-9604-vs-retatrutide-research-comparison/,,https://www.oligopolypeptides.com/aod-9604-vs-retatrutide-research-comparison/,True,"follow, index, max-snippet:-1, max-video-preview:-1, max-image-preview:large",,text/html,AOD-9604 vs Retatrutide Research Comparison | OligoPoly Laboratories,Unlock 20% Off Your First OligoPoly Order,2,True,12
https://www.oligopolypeptides.com/aod-9604-vs-retatrutide-research-comparison/?share=facebook,Redirects off-site,302,200,3,https://www.facebook.com/login/?next=https%3A%2F%2Fwww.facebook.com%2Fshare_channel%2F%3Ftype%3Dreshare%26link%3Dhttps%253A%252F%252Fwww.oligopolypeptides.com%252Faod-9604-vs-retatrutide-research-comparison%252F%26app_id%3D966242223397117%26source_surface%3Dexternal_reshare%26display%26hashtag,https://www.facebook.com/sharer/sharer.php?u=https%3A%2F%2Fwww.oligopolypeptides.com%2Faod-9604-vs-retatrutide-research-comparison%2F&t=AOD-9604%20vs%20Retatrutide%20Research%20Comparison -> https://www.facebook.com/share_channel/?type=reshare&link=https%3A%2F%2Fwww.oligopolypeptides.com%2Faod-9604-vs-retatrutide-research-comparison%2F&app_id=966242223397117&source_surface=external_reshare&display&hashtag -> https://www.facebook.com/login/?next=https%3A%2F%2Fwww.facebook.com%2Fshare_channel%2F%3Ftype%3Dreshare%26link%3Dhttps%253A%252F%252Fwww.oligopolypeptides.com%252Faod-9604-vs-retatrutide-research-comparison%252F%26app_id%3D966242223397117%26source_surface%3Dexternal_reshare%26display%26hashtag,https://www.facebook.com/login,False,,,text/html,Facebook,,0,False,1
https://www.oligopolypeptides.com/aod-9604-vs-retatrutide-research-comparison/?share=x,Redirects off-site,302,200,1,https://x.com/intent/tweet?text=AOD-9604%20vs%20Retatrutide%20Research%20Comparison&url=https%3A%2F%2Fwww.oligopolypeptides.com%2Faod-9604-vs-retatrutide-research-comparison%2F,https://x.com/intent/tweet?text=AOD-9604%20vs%20Retatrutide%20Research%20Comparison&url=https%3A%2F%2Fwww.oligopolypeptides.com%2Faod-9604-vs-retatrutide-research-comparison%2F,,False,,,text/html,,JavaScript is not available.,1,False,1
https://www.oligopolypeptides.com/aod-9604-vs-semaglutide-research-comparison/,Indexable,200,200,0,https://www.oligopolypeptides.com/aod-9604-vs-semaglutide-research-comparison/,,https://www.oligopolypeptides.com/aod-9604-vs-semaglutide-research-comparison/,True,"follow, index, max-snippet:-1, max-video-preview:-1, max-image-preview:large",,text/html,AOD-9604 vs Semaglutide Research Comparison | OligoPoly Laboratories,Unlock 20% Off Your First OligoPoly Order,2,True,9
https://www.oligopolypeptides.com/aod-9604-vs-semaglutide-research-comparison/?share=facebook,Redirects off-site,302,200,3,https://www.facebook.com/login/?next=https%3A%2F%2Fwww.facebook.com%2Fshare_channel%2F%3Ftype%3Dreshare%26link%3Dhttps%253A%252F%252Fwww.oligopolypeptides.com%252Faod-9604-vs-semaglutide-research-comparison%252F%26app_id%3D966242223397117%26source_surface%3Dexternal_reshare%26display%26hashtag,https://www.facebook.com/sharer/sharer.php?u=https%3A%2F%2Fwww.oligopolypeptides.com%2Faod-9604-vs-semaglutide-research-comparison%2F&t=AOD-9604%20vs%20Semaglutide%20Research%20Comparison -> https://www.facebook.com/share_channel/?type=reshare&link=https%3A%2F%2Fwww.oligopolypeptides.com%2Faod-9604-vs-semaglutide-research-comparison%2F&app_id=966242223397117&source_surface=external_reshare&display&hashtag -> https://www.facebook.com/login/?next=https%3A%2F%2Fwww.facebook.com%2Fshare_channel%2F%3Ftype%3Dreshare%26link%3Dhttps%253A%252F%252Fwww.oligopolypeptides.com%252Faod-9604-vs-semaglutide-research-comparison%252F%26app_id%3D966242223397117%26source_surface%3Dexternal_reshare%26display%26hashtag,https://www.facebook.com/login,False,,,text/html,Facebook,,0,False,1
https://www.oligopolypeptides.com/aod-9604-vs-semaglutide-research-comparison/?share=x,Redirects off-site,302,200,1,https://x.com/intent/tweet?text=AOD-9604%20vs%20Semaglutide%20Research%20Comparison&url=https%3A%2F%2Fwww.oligopolypeptides.com%2Faod-9604-vs-semaglutide-research-comparison%2F,https://x.com/intent/tweet?text=AOD-9604%20vs%20Semaglutide%20Research%20Comparison&url=https%3A%2F%2Fwww.oligopolypeptides.com%2Faod-9604-vs-semaglutide-research-comparison%2F,,False,,,text/html,,JavaScript is not available.,1,False,1
https://www.oligopolypeptides.com/apply-individual-research-account/,Page with redirect,301,200,1,https://www.oligopolypeptides.com/my-account/,https://www.oligopolypeptides.com/my-account/,,False,"noindex, follow",,text/html,My account | Research Peptides & Laboratory Compounds | OligoPoly Laboratories,My account,1,True,0
https://www.oligopolypeptides.com/apply-institutional-account/,Page with redirect,301,200,1,https://www.oligopolypeptides.com/my-account/,https://www.oligopolypeptides.com/my-account/,,False,"noindex, follow",,text/html,My account | Research Peptides & Laboratory Compounds | OligoPoly Laboratories,My account,1,True,0
https://www.oligopolypeptides.com/batch-verification/,Indexable,200,200,0,https://www.oligopolypeptides.com/batch-verification/,,https://www.oligopolypeptides.com/batch-verification/,True,"follow, index, max-snippet:-1, max-video-preview:-1, max-image-preview:large",,text/html,Batch Verification | Research Peptides & Laboratory Compounds | OligoPoly Laboratories,Unlock 20% Off Your First OligoPoly Order,3,True,233
https://www.oligopolypeptides.com/batch-verification/?share=facebook,Redirects off-site,302,200,3,https://www.facebook.com/login/?next=https%3A%2F%2Fwww.facebook.com%2Fshare_channel%2F%3Ftype%3Dreshare%26link%3Dhttps%253A%252F%252Fwww.oligopolypeptides.com%252Fbatch-verification%252F%26app_id%3D966242223397117%26source_surface%3Dexternal_reshare%26display%26hashtag,https://www.facebook.com/sharer/sharer.php?u=https%3A%2F%2Fwww.oligopolypeptides.com%2Fbatch-verification%2F&t=Batch%20Verification -> https://www.facebook.com/share_channel/?type=reshare&link=https%3A%2F%2Fwww.oligopolypeptides.com%2Fbatch-verification%2F&app_id=966242223397117&source_surface=external_reshare&display&hashtag -> https://www.facebook.com/login/?next=https%3A%2F%2Fwww.facebook.com%2Fshare_channel%2F%3Ftype%3Dreshare%26link%3Dhttps%253A%252F%252Fwww.oligopolypeptides.com%252Fbatch-verification%252F%26app_id%3D966242223397117%26source_surface%3Dexternal_reshare%26display%26hashtag,https://www.facebook.com/login,False,,,text/html,Facebook,,0,False,1
https://www.oligopolypeptides.com/batch-verification/?share=x,Redirects off-site,302,200,1,https://x.com/intent/tweet?text=Batch%20Verification&url=https%3A%2F%2Fwww.oligopolypeptides.com%2Fbatch-verification%2F,https://x.com/intent/tweet?text=Batch%20Verification&url=https%3A%2F%2Fwww.oligopolypeptides.com%2Fbatch-verification%2F,,False,,,text/html,,JavaScript is not available.,1,False,1
https://www.oligopolypeptides.com/blog/peptide-synthesis-explained/,Indexable,200,200,0,https://www.oligopolypeptides.com/blog/peptide-synthesis-explained/,,https://www.oligopolypeptides.com/blog/peptide-synthesis-explained/,True,"follow, index, max-snippet:-1, max-video-preview:-1, max-image-preview:large",,text/html,Peptide Synthesis Explained | OligoPoly Laboratories,Unlock 20% Off Your First OligoPoly Order,2,True,1
https://www.oligopolypeptides.com/blog/peptide-synthesis-explained/?share=facebook,Redirects off-site,302,200,3,https://www.facebook.com/login/?next=https%3A%2F%2Fwww.facebook.com%2Fshare_channel%2F%3Ftype%3Dreshare%26link%3Dhttps%253A%252F%252Fwww.oligopolypeptides.com%252Fblog%252Fpeptide-synthesis-explained%252F%26app_id%3D966242223397117%26source_surface%3Dexternal_reshare%26display%26hashtag,https://www.facebook.com/sharer/sharer.php?u=https%3A%2F%2Fwww.oligopolypeptides.com%2Fblog%2Fpeptide-synthesis-explained%2F&t=Peptide%20Synthesis%20Explained -> https://www.facebook.com/share_channel/?type=reshare&link=https%3A%2F%2Fwww.oligopolypeptides.com%2Fblog%2Fpeptide-synthesis-explained%2F&app_id=966242223397117&source_surface=external_reshare&display&hashtag -> https://www.facebook.com/login/?next=https%3A%2F%2Fwww.facebook.com%2Fshare_channel%2F%3Ftype%3Dreshare%26link%3Dhttps%253A%252F%252Fwww.oligopolypeptides.com%252Fblog%252Fpeptide-synthesis-explained%252F%26app_id%3D966242223397117%26source_surface%3Dexternal_reshare%26display%26hashtag,https://www.facebook.com/login,False,,,text/html,Facebook,,0,False,1
https://www.oligopolypeptides.com/blog/peptide-synthesis-explained/?share=x,Redirects off-site,302,200,1,https://x.com/intent/tweet?text=Peptide%20Synthesis%20Explained&url=https%3A%2F%2Fwww.oligopolypeptides.com%2Fblog%2Fpeptide-synthesis-explained%2F,https://x.com/intent/tweet?text=Peptide%20Synthesis%20Explained&url=https%3A%2F%2Fwww.oligopolypeptides.com%2Fblog%2Fpeptide-synthesis-explained%2F,,False,,,text/html,,JavaScript is not available.,1,False,1
https://www.oligopolypeptides.com/bpc-157-kpv-blend-recovery-immune-research/,Indexable,200,200,0,https://www.oligopolypeptides.com/bpc-157-kpv-blend-recovery-immune-research/,,https://www.oligopolypeptides.com/bpc-157-kpv-blend-recovery-immune-research/,True,"follow, index, max-snippet:-1, max-video-preview:-1, max-image-preview:large",,text/html,BPC-157 and KPV Research Blend: Recovery and Immune Pathway Study Design | OligoPoly,Unlock 20% Off Your First OligoPoly Order,3,True,1
https://www.oligopolypeptides.com/bpc-157-kpv-blend-recovery-immune-research/?share=facebook,Redirects off-site,302,200,3,https://www.facebook.com/login/?next=https%3A%2F%2Fwww.facebook.com%2Fshare_channel%2F%3Ftype%3Dreshare%26link%3Dhttps%253A%252F%252Fwww.oligopolypeptides.com%252Fbpc-157-kpv-blend-recovery-immune-research%252F%26app_id%3D966242223397117%26source_surface%3Dexternal_reshare%26display%26hashtag,https://www.facebook.com/sharer/sharer.php?u=https%3A%2F%2Fwww.oligopolypeptides.com%2Fbpc-157-kpv-blend-recovery-immune-research%2F&t=BPC-157%20and%20KPV%20Research%20Blend%3A%20Recovery%20and%20Immune%20Pathway%20Dual-Model%20Study%20Design -> https://www.facebook.com/share_channel/?type=reshare&link=https%3A%2F%2Fwww.oligopolypeptides.com%2Fbpc-157-kpv-blend-recovery-immune-research%2F&app_id=966242223397117&source_surface=external_reshare&display&hashtag -> https://www.facebook.com/login/?next=https%3A%2F%2Fwww.facebook.com%2Fshare_channel%2F%3Ftype%3Dreshare%26link%3Dhttps%253A%252F%252Fwww.oligopolypeptides.com%252Fbpc-157-kpv-blend-recovery-immune-research%252F%26app_id%3D966242223397117%26source_surface%3Dexternal_reshare%26display%26hashtag,https://www.facebook.com/login,False,,,text/html,Facebook,,0,False,1
https://www.oligopolypeptides.com/bpc-157-kpv-blend-recovery-immune-research/?share=x,Redirects off-site,302,200,1,https://x.com/intent/tweet?text=BPC-157%20and%20KPV%20Research%20Blend%3A%20Recovery%20and%20Immune%20Pathway%20Dual-Model%20Study%20Design&url=https%3A%2F%2Fwww.oligopolypeptides.com%2Fbpc-157-kpv-blend-recovery-immune-research%2F,https://x.com/intent/tweet?text=BPC-157%20and%20KPV%20Research%20Blend%3A%20Recovery%20and%20Immune%20Pathway%20Dual-Model%20Study%20Design&url=https%3A%2F%2Fwww.oligopolypeptides.com%2Fbpc-157-kpv-blend-recovery-immune-research%2F,,False,,,text/html,,JavaScript is not available.,1,False,1
https://www.oligopolypeptides.com/bpc-157-kpv-recovery-immune-research/,Indexable,200,200,0,https://www.oligopolypeptides.com/bpc-157-kpv-recovery-immune-research/,,https://www.oligopolypeptides.com/bpc-157-kpv-recovery-immune-research/,True,"follow, index, max-snippet:-1, max-video-preview:-1, max-image-preview:large",,text/html,BPC-157 + KPV — VEGF/Repair vs Melanocortin Recovery & Immune Research | OligoPoly Laboratories,Unlock 20% Off Your First OligoPoly Order,3,True,0
https://www.oligopolypeptides.com/bpc-157-kpv-recovery-immune-research/?share=facebook,Redirects off-site,302,200,3,https://www.facebook.com/login/?next=https%3A%2F%2Fwww.facebook.com%2Fshare_channel%2F%3Ftype%3Dreshare%26link%3Dhttps%253A%252F%252Fwww.oligopolypeptides.com%252Fbpc-157-kpv-recovery-immune-research%252F%26app_id%3D966242223397117%26source_surface%3Dexternal_reshare%26display%26hashtag,https://www.facebook.com/sharer/sharer.php?u=https%3A%2F%2Fwww.oligopolypeptides.com%2Fbpc-157-kpv-recovery-immune-research%2F&t=BPC-157%20%2B%20KPV%20%E2%80%94%20VEGF%2FRepair%20vs%20Melanocortin%20Recovery%20%26%20Immune%20Research%20%7C%20OligoPoly%20Laboratories -> https://www.facebook.com/share_channel/?type=reshare&link=https%3A%2F%2Fwww.oligopolypeptides.com%2Fbpc-157-kpv-recovery-immune-research%2F&app_id=966242223397117&source_surface=external_reshare&display&hashtag -> https://www.facebook.com/login/?next=https%3A%2F%2Fwww.facebook.com%2Fshare_channel%2F%3Ftype%3Dreshare%26link%3Dhttps%253A%252F%252Fwww.oligopolypeptides.com%252Fbpc-157-kpv-recovery-immune-research%252F%26app_id%3D966242223397117%26source_surface%3Dexternal_reshare%26display%26hashtag,https://www.facebook.com/login,False,,,text/html,Facebook,,0,False,1
https://www.oligopolypeptides.com/bpc-157-kpv-recovery-immune-research/?share=x,Redirects off-site,302,200,1,https://x.com/intent/tweet?text=BPC-157%20%2B%20KPV%20%E2%80%94%20VEGF%2FRepair%20vs%20Melanocortin%20Recovery%20%26%20Immune%20Research%20%7C%20OligoPoly%20Laboratories&url=https%3A%2F%2Fwww.oligopolypeptides.com%2Fbpc-157-kpv-recovery-immune-research%2F,https://x.com/intent/tweet?text=BPC-157%20%2B%20KPV%20%E2%80%94%20VEGF%2FRepair%20vs%20Melanocortin%20Recovery%20%26%20Immune%20Research%20%7C%20OligoPoly%20Laboratories&url=https%3A%2F%2Fwww.oligopolypeptides.com%2Fbpc-157-kpv-recovery-immune-research%2F,,False,,,text/html,,JavaScript is not available.,1,False,1
https://www.oligopolypeptides.com/bpc-157-kpv-research-comparison/,Indexable,200,200,0,https://www.oligopolypeptides.com/bpc-157-kpv-research-comparison/,,https://www.oligopolypeptides.com/bpc-157-kpv-research-comparison/,True,"follow, index, max-snippet:-1, max-video-preview:-1, max-image-preview:large",,text/html,BPC-157 + KPV Research Comparison | OligoPoly Laboratories,Unlock 20% Off Your First OligoPoly Order,2,True,2
https://www.oligopolypeptides.com/bpc-157-kpv-research-comparison/?share=facebook,Redirects off-site,302,200,3,https://www.facebook.com/login/?next=https%3A%2F%2Fwww.facebook.com%2Fshare_channel%2F%3Ftype%3Dreshare%26link%3Dhttps%253A%252F%252Fwww.oligopolypeptides.com%252Fbpc-157-kpv-research-comparison%252F%26app_id%3D966242223397117%26source_surface%3Dexternal_reshare%26display%26hashtag,https://www.facebook.com/sharer/sharer.php?u=https%3A%2F%2Fwww.oligopolypeptides.com%2Fbpc-157-kpv-research-comparison%2F&t=BPC-157%20%2B%20KPV%20Research%20Comparison -> https://www.facebook.com/share_channel/?type=reshare&link=https%3A%2F%2Fwww.oligopolypeptides.com%2Fbpc-157-kpv-research-comparison%2F&app_id=966242223397117&source_surface=external_reshare&display&hashtag -> https://www.facebook.com/login/?next=https%3A%2F%2Fwww.facebook.com%2Fshare_channel%2F%3Ftype%3Dreshare%26link%3Dhttps%253A%252F%252Fwww.oligopolypeptides.com%252Fbpc-157-kpv-research-comparison%252F%26app_id%3D966242223397117%26source_surface%3Dexternal_reshare%26display%26hashtag,https://www.facebook.com/login,False,,,text/html,Facebook,,0,False,1
https://www.oligopolypeptides.com/bpc-157-kpv-research-comparison/?share=x,Redirects off-site,302,200,1,https://x.com/intent/tweet?text=BPC-157%20%2B%20KPV%20Research%20Comparison&url=https%3A%2F%2Fwww.oligopolypeptides.com%2Fbpc-157-kpv-research-comparison%2F,https://x.com/intent/tweet?text=BPC-157%20%2B%20KPV%20Research%20Comparison&url=https%3A%2F%2Fwww.oligopolypeptides.com%2Fbpc-157-kpv-research-comparison%2F,,False,,,text/html,,JavaScript is not available.,1,False,1
https://www.oligopolypeptides.com/bpc-157-research-mechanisms-applications/,Indexable,200,200,0,https://www.oligopolypeptides.com/bpc-157-research-mechanisms-applications/,,https://www.oligopolypeptides.com/bpc-157-research-mechanisms-applications/,True,"follow, index, max-snippet:-1, max-video-preview:-1, max-image-preview:large",,text/html,BPC-157 Research Guide | OligoPoly,Unlock 20% Off Your First OligoPoly Order,3,True,1
https://www.oligopolypeptides.com/bpc-157-research-mechanisms-applications/?share=facebook,Redirects off-site,302,200,3,https://www.facebook.com/login/?next=https%3A%2F%2Fwww.facebook.com%2Fshare_channel%2F%3Ftype%3Dreshare%26link%3Dhttps%253A%252F%252Fwww.oligopolypeptides.com%252Fbpc-157-research-mechanisms-applications%252F%26app_id%3D966242223397117%26source_surface%3Dexternal_reshare%26display%26hashtag,https://www.facebook.com/sharer/sharer.php?u=https%3A%2F%2Fwww.oligopolypeptides.com%2Fbpc-157-research-mechanisms-applications%2F&t=BPC-157%20Research%3A%20Mechanisms%2C%20Applications%20%26%20Scientific%20Studies -> https://www.facebook.com/share_channel/?type=reshare&link=https%3A%2F%2Fwww.oligopolypeptides.com%2Fbpc-157-research-mechanisms-applications%2F&app_id=966242223397117&source_surface=external_reshare&display&hashtag -> https://www.facebook.com/login/?next=https%3A%2F%2Fwww.facebook.com%2Fshare_channel%2F%3Ftype%3Dreshare%26link%3Dhttps%253A%252F%252Fwww.oligopolypeptides.com%252Fbpc-157-research-mechanisms-applications%252F%26app_id%3D966242223397117%26source_surface%3Dexternal_reshare%26display%26hashtag,https://www.facebook.com/login,False,,,text/html,Facebook,,0,False,1
https://www.oligopolypeptides.com/bpc-157-research-mechanisms-applications/?share=x,Redirects off-site,302,200,1,https://x.com/intent/tweet?text=BPC-157%20Research%3A%20Mechanisms%2C%20Applications%20%26%20Scientific%20Studies&url=https%3A%2F%2Fwww.oligopolypeptides.com%2Fbpc-157-research-mechanisms-applications%2F,https://x.com/intent/tweet?text=BPC-157%20Research%3A%20Mechanisms%2C%20Applications%20%26%20Scientific%20Studies&url=https%3A%2F%2Fwww.oligopolypeptides.com%2Fbpc-157-research-mechanisms-applications%2F,,False,,,text/html,,JavaScript is not available.,1,False,1
https://www.oligopolypeptides.com/bpc-157-tb-500-blend-research/,Indexable,200,200,0,https://www.oligopolypeptides.com/bpc-157-tb-500-blend-research/,,https://www.oligopolypeptides.com/bpc-157-tb-500-blend-research/,True,"follow, index, max-snippet:-1, max-video-preview:-1, max-image-preview:large",,text/html,BPC-157 and TB-500 Research Blend: Dual-Pathway Recovery Study Design | OligoPoly,Unlock 20% Off Your First OligoPoly Order,3,True,1
https://www.oligopolypeptides.com/bpc-157-tb-500-blend-research/?share=facebook,Redirects off-site,302,200,3,https://www.facebook.com/login/?next=https%3A%2F%2Fwww.facebook.com%2Fshare_channel%2F%3Ftype%3Dreshare%26link%3Dhttps%253A%252F%252Fwww.oligopolypeptides.com%252Fbpc-157-tb-500-blend-research%252F%26app_id%3D966242223397117%26source_surface%3Dexternal_reshare%26display%26hashtag,https://www.facebook.com/sharer/sharer.php?u=https%3A%2F%2Fwww.oligopolypeptides.com%2Fbpc-157-tb-500-blend-research%2F&t=BPC-157%20and%20TB-500%20Research%20Blend%3A%20Dual-Pathway%20Recovery%20Study%20Design -> https://www.facebook.com/share_channel/?type=reshare&link=https%3A%2F%2Fwww.oligopolypeptides.com%2Fbpc-157-tb-500-blend-research%2F&app_id=966242223397117&source_surface=external_reshare&display&hashtag -> https://www.facebook.com/login/?next=https%3A%2F%2Fwww.facebook.com%2Fshare_channel%2F%3Ftype%3Dreshare%26link%3Dhttps%253A%252F%252Fwww.oligopolypeptides.com%252Fbpc-157-tb-500-blend-research%252F%26app_id%3D966242223397117%26source_surface%3Dexternal_reshare%26display%26hashtag,https://www.facebook.com/login,False,,,text/html,Facebook,,0,False,1
https://www.oligopolypeptides.com/bpc-157-tb-500-blend-research/?share=x,Redirects off-site,302,200,1,https://x.com/intent/tweet?text=BPC-157%20and%20TB-500%20Research%20Blend%3A%20Dual-Pathway%20Recovery%20Study%20Design&url=https%3A%2F%2Fwww.oligopolypeptides.com%2Fbpc-157-tb-500-blend-research%2F,https://x.com/intent/tweet?text=BPC-157%20and%20TB-500%20Research%20Blend%3A%20Dual-Pathway%20Recovery%20Study%20Design&url=https%3A%2F%2Fwww.oligopolypeptides.com%2Fbpc-157-tb-500-blend-research%2F,,False,,,text/html,,JavaScript is not available.,1,False,1
https://www.oligopolypeptides.com/bpc-157-vs-tb-500-protocols/,Indexable,200,200,0,https://www.oligopolypeptides.com/bpc-157-vs-tb-500-protocols/,,https://www.oligopolypeptides.com/bpc-157-vs-tb-500-protocols/,True,"follow, index, max-snippet:-1, max-video-preview:-1, max-image-preview:large",,text/html,BPC-157 vs TB-500 Research Comparison | OligoPoly,Unlock 20% Off Your First OligoPoly Order,2,True,40
https://www.oligopolypeptides.com/bpc-157-vs-tb-500-protocols/?share=facebook,Redirects off-site,302,200,3,https://www.facebook.com/login/?next=https%3A%2F%2Fwww.facebook.com%2Fshare_channel%2F%3Ftype%3Dreshare%26link%3Dhttps%253A%252F%252Fwww.oligopolypeptides.com%252Fbpc-157-vs-tb-500-protocols%252F%26app_id%3D966242223397117%26source_surface%3Dexternal_reshare%26display%26hashtag,https://www.facebook.com/sharer/sharer.php?u=https%3A%2F%2Fwww.oligopolypeptides.com%2Fbpc-157-vs-tb-500-protocols%2F&t=BPC-157%20vs%20TB-500%20%E2%80%94%20Recovery%20Peptide%20Research%20Protocol%20Comparison -> https://www.facebook.com/share_channel/?type=reshare&link=https%3A%2F%2Fwww.oligopolypeptides.com%2Fbpc-157-vs-tb-500-protocols%2F&app_id=966242223397117&source_surface=external_reshare&display&hashtag -> https://www.facebook.com/login/?next=https%3A%2F%2Fwww.facebook.com%2Fshare_channel%2F%3Ftype%3Dreshare%26link%3Dhttps%253A%252F%252Fwww.oligopolypeptides.com%252Fbpc-157-vs-tb-500-protocols%252F%26app_id%3D966242223397117%26source_surface%3Dexternal_reshare%26display%26hashtag,https://www.facebook.com/login,False,,,text/html,Facebook,,0,False,1
https://www.oligopolypeptides.com/bpc-157-vs-tb-500-protocols/?share=x,Redirects off-site,302,200,1,https://x.com/intent/tweet?text=BPC-157%20vs%20TB-500%20%E2%80%94%20Recovery%20Peptide%20Research%20Protocol%20Comparison&url=https%3A%2F%2Fwww.oligopolypeptides.com%2Fbpc-157-vs-tb-500-protocols%2F,https://x.com/intent/tweet?text=BPC-157%20vs%20TB-500%20%E2%80%94%20Recovery%20Peptide%20Research%20Protocol%20Comparison&url=https%3A%2F%2Fwww.oligopolypeptides.com%2Fbpc-157-vs-tb-500-protocols%2F,,False,,,text/html,,JavaScript is not available.,1,False,1
https://www.oligopolypeptides.com/bpc-157-vs-tb-500-research-comparison/,Indexable,200,200,0,https://www.oligopolypeptides.com/bpc-157-vs-tb-500-research-comparison/,,https://www.oligopolypeptides.com/bpc-157-vs-tb-500-research-comparison/,True,"follow, index, max-snippet:-1, max-video-preview:-1, max-image-preview:large",,text/html,BPC-157 vs TB-500 Research Comparison | OligoPoly Laboratories,Unlock 20% Off Your First OligoPoly Order,2,True,5
https://www.oligopolypeptides.com/bpc-157-vs-tb-500-research-comparison/?share=facebook,Redirects off-site,302,200,3,https://www.facebook.com/login/?next=https%3A%2F%2Fwww.facebook.com%2Fshare_channel%2F%3Ftype%3Dreshare%26link%3Dhttps%253A%252F%252Fwww.oligopolypeptides.com%252Fbpc-157-vs-tb-500-research-comparison%252F%26app_id%3D966242223397117%26source_surface%3Dexternal_reshare%26display%26hashtag,https://www.facebook.com/sharer/sharer.php?u=https%3A%2F%2Fwww.oligopolypeptides.com%2Fbpc-157-vs-tb-500-research-comparison%2F&t=BPC-157%20vs%20TB-500%20Research%20Comparison -> https://www.facebook.com/share_channel/?type=reshare&link=https%3A%2F%2Fwww.oligopolypeptides.com%2Fbpc-157-vs-tb-500-research-comparison%2F&app_id=966242223397117&source_surface=external_reshare&display&hashtag -> https://www.facebook.com/login/?next=https%3A%2F%2Fwww.facebook.com%2Fshare_channel%2F%3Ftype%3Dreshare%26link%3Dhttps%253A%252F%252Fwww.oligopolypeptides.com%252Fbpc-157-vs-tb-500-research-comparison%252F%26app_id%3D966242223397117%26source_surface%3Dexternal_reshare%26display%26hashtag,https://www.facebook.com/login,False,,,text/html,Facebook,,0,False,1
https://www.oligopolypeptides.com/bpc-157-vs-tb-500-research-comparison/?share=x,Redirects off-site,302,200,1,https://x.com/intent/tweet?text=BPC-157%20vs%20TB-500%20Research%20Comparison&url=https%3A%2F%2Fwww.oligopolypeptides.com%2Fbpc-157-vs-tb-500-research-comparison%2F,https://x.com/intent/tweet?text=BPC-157%20vs%20TB-500%20Research%20Comparison&url=https%3A%2F%2Fwww.oligopolypeptides.com%2Fbpc-157-vs-tb-500-research-comparison%2F,,False,,,text/html,,JavaScript is not available.,1,False,1
https://www.oligopolypeptides.com/brand/oligopoly-labs/,Excluded by 'noindex' tag,200,200,0,https://www.oligopolypeptides.com/brand/oligopoly-labs/,,,False,"follow, noindex",,text/html,OligoPoly Laboratories - OligoPoly Laboratories,Unlock 20% Off Your First OligoPoly Order,2,False,19
https://www.oligopolypeptides.com/build-your-research-bundle/,Indexable,200,200,0,https://www.oligopolypeptides.com/build-your-research-bundle/,,https://www.oligopolypeptides.com/build-your-research-bundle/,True,"follow, index, max-snippet:-1, max-video-preview:-1, max-image-preview:large",,text/html,Build Your Research Bundle | Research Peptides & Laboratory Compounds | OligoPoly Laboratories,Unlock 20% Off Your First OligoPoly Order,2,True,233
https://www.oligopolypeptides.com/build-your-research-bundle/?share=facebook,Redirects off-site,302,200,3,https://www.facebook.com/login/?next=https%3A%2F%2Fwww.facebook.com%2Fshare_channel%2F%3Ftype%3Dreshare%26link%3Dhttps%253A%252F%252Fwww.oligopolypeptides.com%252Fbuild-your-research-bundle%252F%26app_id%3D966242223397117%26source_surface%3Dexternal_reshare%26display%26hashtag,https://www.facebook.com/sharer/sharer.php?u=https%3A%2F%2Fwww.oligopolypeptides.com%2Fbuild-your-research-bundle%2F&t=Build%20Your%20Research%20Bundle -> https://www.facebook.com/share_channel/?type=reshare&link=https%3A%2F%2Fwww.oligopolypeptides.com%2Fbuild-your-research-bundle%2F&app_id=966242223397117&source_surface=external_reshare&display&hashtag -> https://www.facebook.com/login/?next=https%3A%2F%2Fwww.facebook.com%2Fshare_channel%2F%3Ftype%3Dreshare%26link%3Dhttps%253A%252F%252Fwww.oligopolypeptides.com%252Fbuild-your-research-bundle%252F%26app_id%3D966242223397117%26source_surface%3Dexternal_reshare%26display%26hashtag,https://www.facebook.com/login,False,,,text/html,Facebook,,0,False,1
https://www.oligopolypeptides.com/build-your-research-bundle/?share=x,Redirects off-site,302,200,1,https://x.com/intent/tweet?text=Build%20Your%20Research%20Bundle&url=https%3A%2F%2Fwww.oligopolypeptides.com%2Fbuild-your-research-bundle%2F,https://x.com/intent/tweet?text=Build%20Your%20Research%20Bundle&url=https%3A%2F%2Fwww.oligopolypeptides.com%2Fbuild-your-research-bundle%2F,,False,,,text/html,,JavaScript is not available.,1,False,1
https://www.oligopolypeptides.com/buy-research-peptides-usa/,Indexable,200,200,0,https://www.oligopolypeptides.com/buy-research-peptides-usa/,,https://www.oligopolypeptides.com/buy-research-peptides-usa/,True,"follow, index, max-snippet:-1, max-video-preview:-1, max-image-preview:large",,text/html,Buy Research Peptides USA | Verified Supplier | OligoPoly Laboratories Houston TX,Unlock 20% Off Your First OligoPoly Order,3,True,1
https://www.oligopolypeptides.com/buy-research-peptides-usa/?share=facebook,Redirects off-site,302,200,3,https://www.facebook.com/login/?next=https%3A%2F%2Fwww.facebook.com%2Fshare_channel%2F%3Ftype%3Dreshare%26link%3Dhttps%253A%252F%252Fwww.oligopolypeptides.com%252Fbuy-research-peptides-usa%252F%26app_id%3D966242223397117%26source_surface%3Dexternal_reshare%26display%26hashtag,https://www.facebook.com/sharer/sharer.php?u=https%3A%2F%2Fwww.oligopolypeptides.com%2Fbuy-research-peptides-usa%2F&t=Buy%20Research%20Peptides%20USA -> https://www.facebook.com/share_channel/?type=reshare&link=https%3A%2F%2Fwww.oligopolypeptides.com%2Fbuy-research-peptides-usa%2F&app_id=966242223397117&source_surface=external_reshare&display&hashtag -> https://www.facebook.com/login/?next=https%3A%2F%2Fwww.facebook.com%2Fshare_channel%2F%3Ftype%3Dreshare%26link%3Dhttps%253A%252F%252Fwww.oligopolypeptides.com%252Fbuy-research-peptides-usa%252F%26app_id%3D966242223397117%26source_surface%3Dexternal_reshare%26display%26hashtag,https://www.facebook.com/login,False,,,text/html,Facebook,,0,False,1
https://www.oligopolypeptides.com/buy-research-peptides-usa/?share=x,Redirects off-site,302,200,1,https://x.com/intent/tweet?text=Buy%20Research%20Peptides%20USA&url=https%3A%2F%2Fwww.oligopolypeptides.com%2Fbuy-research-peptides-usa%2F,https://x.com/intent/tweet?text=Buy%20Research%20Peptides%20USA&url=https%3A%2F%2Fwww.oligopolypeptides.com%2Fbuy-research-peptides-usa%2F,,False,,,text/html,,JavaScript is not available.,1,False,1
https://www.oligopolypeptides.com/cagrilintide-research-guide-amylin-analog/,Indexable,200,200,0,https://www.oligopolypeptides.com/cagrilintide-research-guide-amylin-analog/,,https://www.oligopolypeptides.com/cagrilintide-research-guide-amylin-analog/,True,"follow, index, max-snippet:-1, max-video-preview:-1, max-image-preview:large",,text/html,Cagrilintide Research Guide | OligoPoly,Unlock 20% Off Your First OligoPoly Order,3,True,1
https://www.oligopolypeptides.com/cagrilintide-research-guide-amylin-analog/?share=facebook,Redirects off-site,302,200,3,https://www.facebook.com/login/?next=https%3A%2F%2Fwww.facebook.com%2Fshare_channel%2F%3Ftype%3Dreshare%26link%3Dhttps%253A%252F%252Fwww.oligopolypeptides.com%252Fcagrilintide-research-guide-amylin-analog%252F%26app_id%3D966242223397117%26source_surface%3Dexternal_reshare%26display%26hashtag,https://www.facebook.com/sharer/sharer.php?u=https%3A%2F%2Fwww.oligopolypeptides.com%2Fcagrilintide-research-guide-amylin-analog%2F&t=Cagrilintide%20Research%20Guide%3A%20Long-Acting%20Amylin%20Analog%20Applications -> https://www.facebook.com/share_channel/?type=reshare&link=https%3A%2F%2Fwww.oligopolypeptides.com%2Fcagrilintide-research-guide-amylin-analog%2F&app_id=966242223397117&source_surface=external_reshare&display&hashtag -> https://www.facebook.com/login/?next=https%3A%2F%2Fwww.facebook.com%2Fshare_channel%2F%3Ftype%3Dreshare%26link%3Dhttps%253A%252F%252Fwww.oligopolypeptides.com%252Fcagrilintide-research-guide-amylin-analog%252F%26app_id%3D966242223397117%26source_surface%3Dexternal_reshare%26display%26hashtag,https://www.facebook.com/login,False,,,text/html,Facebook,,0,False,1
https://www.oligopolypeptides.com/cagrilintide-research-guide-amylin-analog/?share=x,Redirects off-site,302,200,1,https://x.com/intent/tweet?text=Cagrilintide%20Research%20Guide%3A%20Long-Acting%20Amylin%20Analog%20Applications&url=https%3A%2F%2Fwww.oligopolypeptides.com%2Fcagrilintide-research-guide-amylin-analog%2F,https://x.com/intent/tweet?text=Cagrilintide%20Research%20Guide%3A%20Long-Acting%20Amylin%20Analog%20Applications&url=https%3A%2F%2Fwww.oligopolypeptides.com%2Fcagrilintide-research-guide-amylin-analog%2F,,False,,,text/html,,JavaScript is not available.,1,False,1
https://www.oligopolypeptides.com/cagrilintide-vs-semaglutide/,Indexable,200,200,0,https://www.oligopolypeptides.com/cagrilintide-vs-semaglutide/,,https://www.oligopolypeptides.com/cagrilintide-vs-semaglutide/,True,"follow, index, max-snippet:-1, max-video-preview:-1, max-image-preview:large",,text/html,Cagrilintide vs Semaglutide | Amylin vs GLP-1 Research | OligoPoly Laboratories,Unlock 20% Off Your First OligoPoly Order,3,True,1
https://www.oligopolypeptides.com/cagrilintide-vs-semaglutide/?share=facebook,Redirects off-site,302,200,3,https://www.facebook.com/login/?next=https%3A%2F%2Fwww.facebook.com%2Fshare_channel%2F%3Ftype%3Dreshare%26link%3Dhttps%253A%252F%252Fwww.oligopolypeptides.com%252Fcagrilintide-vs-semaglutide%252F%26app_id%3D966242223397117%26source_surface%3Dexternal_reshare%26display%26hashtag,https://www.facebook.com/sharer/sharer.php?u=https%3A%2F%2Fwww.oligopolypeptides.com%2Fcagrilintide-vs-semaglutide%2F&t=Cagrilintide%20vs%20Semaglutide%20%E2%80%94%20Amylin%20vs%20GLP-1%20Receptor%20Research -> https://www.facebook.com/share_channel/?type=reshare&link=https%3A%2F%2Fwww.oligopolypeptides.com%2Fcagrilintide-vs-semaglutide%2F&app_id=966242223397117&source_surface=external_reshare&display&hashtag -> https://www.facebook.com/login/?next=https%3A%2F%2Fwww.facebook.com%2Fshare_channel%2F%3Ftype%3Dreshare%26link%3Dhttps%253A%252F%252Fwww.oligopolypeptides.com%252Fcagrilintide-vs-semaglutide%252F%26app_id%3D966242223397117%26source_surface%3Dexternal_reshare%26display%26hashtag,https://www.facebook.com/login,False,,,text/html,Facebook,,0,False,1
https://www.oligopolypeptides.com/cagrilintide-vs-semaglutide/?share=x,Redirects off-site,302,200,1,https://x.com/intent/tweet?text=Cagrilintide%20vs%20Semaglutide%20%E2%80%94%20Amylin%20vs%20GLP-1%20Receptor%20Research&url=https%3A%2F%2Fwww.oligopolypeptides.com%2Fcagrilintide-vs-semaglutide%2F,https://x.com/intent/tweet?text=Cagrilintide%20vs%20Semaglutide%20%E2%80%94%20Amylin%20vs%20GLP-1%20Receptor%20Research&url=https%3A%2F%2Fwww.oligopolypeptides.com%2Fcagrilintide-vs-semaglutide%2F,,False,,,text/html,,JavaScript is not available.,1,False,1
https://www.oligopolypeptides.com/cart/,Excluded by 'noindex' tag,200,200,0,https://www.oligopolypeptides.com/cart/,,,False,"noindex, follow",,text/html,Cart | OligoPoly Laboratories,Cart,1,False,233
https://www.oligopolypeptides.com/category/cognitive-peptide-guides/,Indexable,200,200,0,https://www.oligopolypeptides.com/category/cognitive-peptide-guides/,,https://www.oligopolypeptides.com/category/cognitive-peptide-guides/,True,"follow, index, max-snippet:-1, max-video-preview:-1, max-image-preview:large",,text/html,Cognitive Peptide Guides - OligoPoly Laboratories,Unlock 20% Off Your First OligoPoly Order,2,True,0
https://www.oligopolypeptides.com/category/documentation/,Indexable,200,200,0,https://www.oligopolypeptides.com/category/documentation/,,https://www.oligopolypeptides.com/category/documentation/,True,"follow, index, max-snippet:-1, max-video-preview:-1, max-image-preview:large",,text/html,Documentation - OligoPoly Laboratories,Unlock 20% Off Your First OligoPoly Order,2,True,0
https://www.oligopolypeptides.com/category/laboratory-protocols/,Indexable,200,200,0,https://www.oligopolypeptides.com/category/laboratory-protocols/,,https://www.oligopolypeptides.com/category/laboratory-protocols/,True,"follow, index, max-snippet:-1, max-video-preview:-1, max-image-preview:large",,text/html,Laboratory Protocols - OligoPoly Laboratories,Unlock 20% Off Your First OligoPoly Order,2,True,0
https://www.oligopolypeptides.com/category/longevity-research/,Indexable,200,200,0,https://www.oligopolypeptides.com/category/longevity-research/,,https://www.oligopolypeptides.com/category/longevity-research/,True,"follow, index, max-snippet:-1, max-video-preview:-1, max-image-preview:large",,text/html,Longevity Research - OligoPoly Laboratories,Unlock 20% Off Your First OligoPoly Order,2,True,0
https://www.oligopolypeptides.com/category/metabolic-research/,Indexable,200,200,0,https://www.oligopolypeptides.com/category/metabolic-research/,,https://www.oligopolypeptides.com/category/metabolic-research/,True,"follow, index, max-snippet:-1, max-video-preview:-1, max-image-preview:large",,text/html,Metabolic Research - OligoPoly Laboratories,Unlock 20% Off Your First OligoPoly Order,2,True,0
https://www.oligopolypeptides.com/category/quality-standards/,Indexable,200,200,0,https://www.oligopolypeptides.com/category/quality-standards/,,https://www.oligopolypeptides.com/category/quality-standards/,True,"follow, index, max-snippet:-1, max-video-preview:-1, max-image-preview:large",,text/html,Quality Standards - OligoPoly Laboratories,Unlock 20% Off Your First OligoPoly Order,2,True,0
https://www.oligopolypeptides.com/category/research-blends/,Indexable,200,200,0,https://www.oligopolypeptides.com/category/research-blends/,,https://www.oligopolypeptides.com/category/research-blends/,True,"follow, index, max-snippet:-1, max-video-preview:-1, max-image-preview:large",,text/html,Research Blends - OligoPoly Laboratories,Unlock 20% Off Your First OligoPoly Order,2,True,0
https://www.oligopolypeptides.com/category/research-comparisons/,Indexable,200,200,0,https://www.oligopolypeptides.com/category/research-comparisons/,,https://www.oligopolypeptides.com/category/research-comparisons/,True,"follow, index, max-snippet:-1, max-video-preview:-1, max-image-preview:large",,text/html,Research Comparisons - OligoPoly Laboratories,Unlock 20% Off Your First OligoPoly Order,2,True,0
https://www.oligopolypeptides.com/category/research-guides/,Indexable,200,200,0,https://www.oligopolypeptides.com/category/research-guides/,,https://www.oligopolypeptides.com/category/research-guides/,True,"follow, index, max-snippet:-1, max-video-preview:-1, max-image-preview:large",,text/html,Research Guides - OligoPoly Laboratories,Unlock 20% Off Your First OligoPoly Order,2,True,0
https://www.oligopolypeptides.com/category/research-stacks/,Alternate page with proper canonical tag,200,200,0,https://www.oligopolypeptides.com/category/research-stacks/,,https://www.oligopolypeptides.com/category/research-collections/,False,"follow, index, max-snippet:-1, max-video-preview:-1, max-image-preview:large",,text/html,Research Collections - OligoPoly Laboratories,Unlock 20% Off Your First OligoPoly Order,2,True,0
https://www.oligopolypeptides.com/cellular-longevity-hub/,Page with redirect,301,200,1,https://www.oligopolypeptides.com/senescence-biology-hub/,https://www.oligopolypeptides.com/senescence-biology-hub/,https://www.oligopolypeptides.com/senescence-biology-hub/,True,"follow, index, max-snippet:-1, max-video-preview:-1, max-image-preview:large",,text/html,Senescence Biology Hub | OligoPoly Laboratories,Unlock 20% Off Your First OligoPoly Order,3,False,4
https://www.oligopolypeptides.com/cellular-research/,Indexable,200,200,0,https://www.oligopolypeptides.com/cellular-research/,,https://www.oligopolypeptides.com/cellular-research/,True,"follow, index, max-snippet:-1, max-video-preview:-1, max-image-preview:large",,text/html,Cellular Research Peptides | OligoPoly,Unlock 20% Off Your First OligoPoly Order,3,True,0
https://www.oligopolypeptides.com/cellular-research/?share=facebook,Redirects off-site,302,200,3,https://www.facebook.com/login/?next=https%3A%2F%2Fwww.facebook.com%2Fshare_channel%2F%3Ftype%3Dreshare%26link%3Dhttps%253A%252F%252Fwww.oligopolypeptides.com%252Fcellular-research%252F%26app_id%3D966242223397117%26source_surface%3Dexternal_reshare%26display%26hashtag,https://www.facebook.com/sharer/sharer.php?u=https%3A%2F%2Fwww.oligopolypeptides.com%2Fcellular-research%2F&t=Mitochondrial%20%26%20Redox%20Signaling%20Peptides%20%E2%80%94%20Longevity%2C%20Mitochondria%20%26%20Aging%20Pathway%20Compounds -> https://www.facebook.com/share_channel/?type=reshare&link=https%3A%2F%2Fwww.oligopolypeptides.com%2Fcellular-research%2F&app_id=966242223397117&source_surface=external_reshare&display&hashtag -> https://www.facebook.com/login/?next=https%3A%2F%2Fwww.facebook.com%2Fshare_channel%2F%3Ftype%3Dreshare%26link%3Dhttps%253A%252F%252Fwww.oligopolypeptides.com%252Fcellular-research%252F%26app_id%3D966242223397117%26source_surface%3Dexternal_reshare%26display%26hashtag,https://www.facebook.com/login,False,,,text/html,Facebook,,0,False,1
https://www.oligopolypeptides.com/cellular-research/?share=x,Redirects off-site,302,200,1,https://x.com/intent/tweet?text=Mitochondrial%20%26%20Redox%20Signaling%20Peptides%20%E2%80%94%20Longevity%2C%20Mitochondria%20%26%20Aging%20Pathway%20Compounds&url=https%3A%2F%2Fwww.oligopolypeptides.com%2Fcellular-research%2F,https://x.com/intent/tweet?text=Mitochondrial%20%26%20Redox%20Signaling%20Peptides%20%E2%80%94%20Longevity%2C%20Mitochondria%20%26%20Aging%20Pathway%20Compounds&url=https%3A%2F%2Fwww.oligopolypeptides.com%2Fcellular-research%2F,,False,,,text/html,,JavaScript is not available.,1,False,1
https://www.oligopolypeptides.com/checkout/,Page with redirect,302,200,1,https://www.oligopolypeptides.com/cart/,https://www.oligopolypeptides.com/cart/,,False,"noindex, follow",,text/html,Cart | OligoPoly Laboratories,Cart,1,False,233
https://www.oligopolypeptides.com/cjc-1295-vs-ipamorelin/,Indexable,200,200,0,https://www.oligopolypeptides.com/cjc-1295-vs-ipamorelin/,,https://www.oligopolypeptides.com/cjc-1295-vs-ipamorelin/,True,"follow, index, max-snippet:-1, max-video-preview:-1, max-image-preview:large",,text/html,CJC-1295 vs Ipamorelin | GHRH vs GHSR Research | OligoPoly Laboratories,Unlock 20% Off Your First OligoPoly Order,3,True,10
https://www.oligopolypeptides.com/cjc-1295-vs-ipamorelin/?share=facebook,Redirects off-site,302,200,3,https://www.facebook.com/login/?next=https%3A%2F%2Fwww.facebook.com%2Fshare_channel%2F%3Ftype%3Dreshare%26link%3Dhttps%253A%252F%252Fwww.oligopolypeptides.com%252Fcjc-1295-vs-ipamorelin%252F%26app_id%3D966242223397117%26source_surface%3Dexternal_reshare%26display%26hashtag,https://www.facebook.com/sharer/sharer.php?u=https%3A%2F%2Fwww.oligopolypeptides.com%2Fcjc-1295-vs-ipamorelin%2F&t=CJC-1295%20vs%20Ipamorelin%20%E2%80%94%20GHRH%20vs%20GHSR%20Research%20Comparison -> https://www.facebook.com/share_channel/?type=reshare&link=https%3A%2F%2Fwww.oligopolypeptides.com%2Fcjc-1295-vs-ipamorelin%2F&app_id=966242223397117&source_surface=external_reshare&display&hashtag -> https://www.facebook.com/login/?next=https%3A%2F%2Fwww.facebook.com%2Fshare_channel%2F%3Ftype%3Dreshare%26link%3Dhttps%253A%252F%252Fwww.oligopolypeptides.com%252Fcjc-1295-vs-ipamorelin%252F%26app_id%3D966242223397117%26source_surface%3Dexternal_reshare%26display%26hashtag,https://www.facebook.com/login,False,,,text/html,Facebook,,0,False,1
https://www.oligopolypeptides.com/cjc-1295-vs-ipamorelin/?share=x,Redirects off-site,302,200,1,https://x.com/intent/tweet?text=CJC-1295%20vs%20Ipamorelin%20%E2%80%94%20GHRH%20vs%20GHSR%20Research%20Comparison&url=https%3A%2F%2Fwww.oligopolypeptides.com%2Fcjc-1295-vs-ipamorelin%2F,https://x.com/intent/tweet?text=CJC-1295%20vs%20Ipamorelin%20%E2%80%94%20GHRH%20vs%20GHSR%20Research%20Comparison&url=https%3A%2F%2Fwww.oligopolypeptides.com%2Fcjc-1295-vs-ipamorelin%2F,,False,,,text/html,,JavaScript is not available.,1,False,1
https://www.oligopolypeptides.com/cjc-1295-vs-tesamorelin/,Indexable,200,200,0,https://www.oligopolypeptides.com/cjc-1295-vs-tesamorelin/,,https://www.oligopolypeptides.com/cjc-1295-vs-tesamorelin/,True,"follow, index, max-snippet:-1, max-video-preview:-1, max-image-preview:large",,text/html,CJC-1295 No DAC vs Tesamorelin | GHRH Analog Research | OligoPoly Laboratories,Unlock 20% Off Your First OligoPoly Order,3,True,0
https://www.oligopolypeptides.com/cjc-1295-vs-tesamorelin/?share=facebook,Redirects off-site,302,200,3,https://www.facebook.com/login/?next=https%3A%2F%2Fwww.facebook.com%2Fshare_channel%2F%3Ftype%3Dreshare%26link%3Dhttps%253A%252F%252Fwww.oligopolypeptides.com%252Fcjc-1295-vs-tesamorelin%252F%26app_id%3D966242223397117%26source_surface%3Dexternal_reshare%26display%26hashtag,https://www.facebook.com/sharer/sharer.php?u=https%3A%2F%2Fwww.oligopolypeptides.com%2Fcjc-1295-vs-tesamorelin%2F&t=CJC-1295%20No%20DAC%20vs%20Tesamorelin%20%E2%80%94%20GHRH%20Analog%20Research%20Comparison -> https://www.facebook.com/share_channel/?type=reshare&link=https%3A%2F%2Fwww.oligopolypeptides.com%2Fcjc-1295-vs-tesamorelin%2F&app_id=966242223397117&source_surface=external_reshare&display&hashtag -> https://www.facebook.com/login/?next=https%3A%2F%2Fwww.facebook.com%2Fshare_channel%2F%3Ftype%3Dreshare%26link%3Dhttps%253A%252F%252Fwww.oligopolypeptides.com%252Fcjc-1295-vs-tesamorelin%252F%26app_id%3D966242223397117%26source_surface%3Dexternal_reshare%26display%26hashtag,https://www.facebook.com/login,False,,,text/html,Facebook,,0,False,1
https://www.oligopolypeptides.com/cjc-1295-vs-tesamorelin/?share=x,Redirects off-site,302,200,1,https://x.com/intent/tweet?text=CJC-1295%20No%20DAC%20vs%20Tesamorelin%20%E2%80%94%20GHRH%20Analog%20Research%20Comparison&url=https%3A%2F%2Fwww.oligopolypeptides.com%2Fcjc-1295-vs-tesamorelin%2F,https://x.com/intent/tweet?text=CJC-1295%20No%20DAC%20vs%20Tesamorelin%20%E2%80%94%20GHRH%20Analog%20Research%20Comparison&url=https%3A%2F%2Fwww.oligopolypeptides.com%2Fcjc-1295-vs-tesamorelin%2F,,False,,,text/html,,JavaScript is not available.,1,False,1
https://www.oligopolypeptides.com/coa,Page with redirect,301,200,1,https://www.oligopolypeptides.com/research-peptides-with-coa/,https://www.oligopolypeptides.com/research-peptides-with-coa/,https://www.oligopolypeptides.com/research-peptides-with-coa/,True,"follow, index, max-snippet:-1, max-video-preview:-1, max-image-preview:large",,text/html,Certificate of Analysis Library | Verify Research Peptide Batches | OligoPoly Laboratories,Find Your Batch Certificate,1,False,10
https://www.oligopolypeptides.com/coa-corrections/,Indexable,200,200,0,https://www.oligopolypeptides.com/coa-corrections/,,https://www.oligopolypeptides.com/coa-corrections/,True,"follow, index, max-snippet:-1, max-video-preview:-1, max-image-preview:large",,text/html,COA Corrections | Research Peptides & Laboratory Compounds | OligoPoly Laboratories,Unlock 20% Off Your First OligoPoly Order,3,True,2
https://www.oligopolypeptides.com/coa-corrections/?share=facebook,Redirects off-site,302,200,3,https://www.facebook.com/login/?next=https%3A%2F%2Fwww.facebook.com%2Fshare_channel%2F%3Ftype%3Dreshare%26link%3Dhttps%253A%252F%252Fwww.oligopolypeptides.com%252Fcoa-corrections%252F%26app_id%3D966242223397117%26source_surface%3Dexternal_reshare%26display%26hashtag,https://www.facebook.com/sharer/sharer.php?u=https%3A%2F%2Fwww.oligopolypeptides.com%2Fcoa-corrections%2F&t=COA%20Corrections -> https://www.facebook.com/share_channel/?type=reshare&link=https%3A%2F%2Fwww.oligopolypeptides.com%2Fcoa-corrections%2F&app_id=966242223397117&source_surface=external_reshare&display&hashtag -> https://www.facebook.com/login/?next=https%3A%2F%2Fwww.facebook.com%2Fshare_channel%2F%3Ftype%3Dreshare%26link%3Dhttps%253A%252F%252Fwww.oligopolypeptides.com%252Fcoa-corrections%252F%26app_id%3D966242223397117%26source_surface%3Dexternal_reshare%26display%26hashtag,https://www.facebook.com/login,False,,,text/html,Facebook,,0,False,1
https://www.oligopolypeptides.com/coa-corrections/?share=x,Redirects off-site,302,200,1,https://x.com/intent/tweet?text=COA%20Corrections&url=https%3A%2F%2Fwww.oligopolypeptides.com%2Fcoa-corrections%2F,https://x.com/intent/tweet?text=COA%20Corrections&url=https%3A%2F%2Fwww.oligopolypeptides.com%2Fcoa-corrections%2F,,False,,,text/html,,JavaScript is not available.,1,False,1
https://www.oligopolypeptides.com/coa-verification-batch-documentation-research-peptide-sourcing/,Indexable,200,200,0,https://www.oligopolypeptides.com/coa-verification-batch-documentation-research-peptide-sourcing/,,https://www.oligopolypeptides.com/coa-verification-batch-documentation-research-peptide-sourcing/,True,"follow, index, max-snippet:-1, max-video-preview:-1, max-image-preview:large",,text/html,COA Verification and Batch Documentation in Research Peptide Sourcing | Research Peptides Guide | OligoPoly Laboratories,Unlock 20% Off Your First OligoPoly Order,2,True,5
https://www.oligopolypeptides.com/coa-verification-batch-documentation-research-peptide-sourcing/?share=facebook,Redirects off-site,302,200,3,https://www.facebook.com/login/?next=https%3A%2F%2Fwww.facebook.com%2Fshare_channel%2F%3Ftype%3Dreshare%26link%3Dhttps%253A%252F%252Fwww.oligopolypeptides.com%252Fcoa-verification-batch-documentation-research-peptide-sourcing%252F%26app_id%3D966242223397117%26source_surface%3Dexternal_reshare%26display%26hashtag,https://www.facebook.com/sharer/sharer.php?u=https%3A%2F%2Fwww.oligopolypeptides.com%2Fcoa-verification-batch-documentation-research-peptide-sourcing%2F&t=COA%20Verification%20and%20Batch%20Documentation%20in%20Research%20Peptide%20Sourcing -> https://www.facebook.com/share_channel/?type=reshare&link=https%3A%2F%2Fwww.oligopolypeptides.com%2Fcoa-verification-batch-documentation-research-peptide-sourcing%2F&app_id=966242223397117&source_surface=external_reshare&display&hashtag -> https://www.facebook.com/login/?next=https%3A%2F%2Fwww.facebook.com%2Fshare_channel%2F%3Ftype%3Dreshare%26link%3Dhttps%253A%252F%252Fwww.oligopolypeptides.com%252Fcoa-verification-batch-documentation-research-peptide-sourcing%252F%26app_id%3D966242223397117%26source_surface%3Dexternal_reshare%26display%26hashtag,https://www.facebook.com/login,False,,,text/html,Facebook,,0,False,1
https://www.oligopolypeptides.com/coa-verification-batch-documentation-research-peptide-sourcing/?share=x,Redirects off-site,302,200,1,https://x.com/intent/tweet?text=COA%20Verification%20and%20Batch%20Documentation%20in%20Research%20Peptide%20Sourcing&url=https%3A%2F%2Fwww.oligopolypeptides.com%2Fcoa-verification-batch-documentation-research-peptide-sourcing%2F,https://x.com/intent/tweet?text=COA%20Verification%20and%20Batch%20Documentation%20in%20Research%20Peptide%20Sourcing&url=https%3A%2F%2Fwww.oligopolypeptides.com%2Fcoa-verification-batch-documentation-research-peptide-sourcing%2F,,False,,,text/html,,JavaScript is not available.,1,False,1
https://www.oligopolypeptides.com/coa-verification-guide-peptide-quality-documentation/,Indexable,200,200,0,https://www.oligopolypeptides.com/coa-verification-guide-peptide-quality-documentation/,,https://www.oligopolypeptides.com/coa-verification-guide-peptide-quality-documentation/,True,"follow, index, max-snippet:-1, max-video-preview:-1, max-image-preview:large",,text/html,COA Verification Guide | Peptide Quality Documentation,Unlock 20% Off Your First OligoPoly Order,2,True,17
https://www.oligopolypeptides.com/coa-verification-guide-peptide-quality-documentation/?share=facebook,Redirects off-site,302,200,3,https://www.facebook.com/login/?next=https%3A%2F%2Fwww.facebook.com%2Fshare_channel%2F%3Ftype%3Dreshare%26link%3Dhttps%253A%252F%252Fwww.oligopolypeptides.com%252Fcoa-verification-guide-peptide-quality-documentation%252F%26app_id%3D966242223397117%26source_surface%3Dexternal_reshare%26display%26hashtag,https://www.facebook.com/sharer/sharer.php?u=https%3A%2F%2Fwww.oligopolypeptides.com%2Fcoa-verification-guide-peptide-quality-documentation%2F&t=COA%20Verification%20Guide%3A%20How%20Researchers%20Evaluate%20Peptide%20Quality%20Documentation -> https://www.facebook.com/share_channel/?type=reshare&link=https%3A%2F%2Fwww.oligopolypeptides.com%2Fcoa-verification-guide-peptide-quality-documentation%2F&app_id=966242223397117&source_surface=external_reshare&display&hashtag -> https://www.facebook.com/login/?next=https%3A%2F%2Fwww.facebook.com%2Fshare_channel%2F%3Ftype%3Dreshare%26link%3Dhttps%253A%252F%252Fwww.oligopolypeptides.com%252Fcoa-verification-guide-peptide-quality-documentation%252F%26app_id%3D966242223397117%26source_surface%3Dexternal_reshare%26display%26hashtag,https://www.facebook.com/login,False,,,text/html,Facebook,,0,False,1
https://www.oligopolypeptides.com/coa-verification-guide-peptide-quality-documentation/?share=x,Redirects off-site,302,200,1,https://x.com/intent/tweet?text=COA%20Verification%20Guide%3A%20How%20Researchers%20Evaluate%20Peptide%20Quality%20Documentation&url=https%3A%2F%2Fwww.oligopolypeptides.com%2Fcoa-verification-guide-peptide-quality-documentation%2F,https://x.com/intent/tweet?text=COA%20Verification%20Guide%3A%20How%20Researchers%20Evaluate%20Peptide%20Quality%20Documentation&url=https%3A%2F%2Fwww.oligopolypeptides.com%2Fcoa-verification-guide-peptide-quality-documentation%2F,,False,,,text/html,,JavaScript is not available.,1,False,1
https://www.oligopolypeptides.com/cognitive-research-peptides-semax-selank-dihexa/,Indexable,200,200,0,https://www.oligopolypeptides.com/cognitive-research-peptides-semax-selank-dihexa/,,https://www.oligopolypeptides.com/cognitive-research-peptides-semax-selank-dihexa/,True,"follow, index, max-snippet:-1, max-video-preview:-1, max-image-preview:large",,text/html,"Cognitive Research Peptides Guide | Semax, Selank, Dihexa",Unlock 20% Off Your First OligoPoly Order,2,True,5
https://www.oligopolypeptides.com/cognitive-research-peptides-semax-selank-dihexa/?share=facebook,Redirects off-site,302,200,3,https://www.facebook.com/login/?next=https%3A%2F%2Fwww.facebook.com%2Fshare_channel%2F%3Ftype%3Dreshare%26link%3Dhttps%253A%252F%252Fwww.oligopolypeptides.com%252Fcognitive-research-peptides-semax-selank-dihexa%252F%26app_id%3D966242223397117%26source_surface%3Dexternal_reshare%26display%26hashtag,https://www.facebook.com/sharer/sharer.php?u=https%3A%2F%2Fwww.oligopolypeptides.com%2Fcognitive-research-peptides-semax-selank-dihexa%2F&t=Neuropeptide%20Signaling%20Peptides%3A%20Semax%2C%20Selank%2C%20and%20Dihexa%20Research%20Guide -> https://www.facebook.com/share_channel/?type=reshare&link=https%3A%2F%2Fwww.oligopolypeptides.com%2Fcognitive-research-peptides-semax-selank-dihexa%2F&app_id=966242223397117&source_surface=external_reshare&display&hashtag -> https://www.facebook.com/login/?next=https%3A%2F%2Fwww.facebook.com%2Fshare_channel%2F%3Ftype%3Dreshare%26link%3Dhttps%253A%252F%252Fwww.oligopolypeptides.com%252Fcognitive-research-peptides-semax-selank-dihexa%252F%26app_id%3D966242223397117%26source_surface%3Dexternal_reshare%26display%26hashtag,https://www.facebook.com/login,False,,,text/html,Facebook,,0,False,1
https://www.oligopolypeptides.com/cognitive-research-peptides-semax-selank-dihexa/?share=x,Redirects off-site,302,200,1,https://x.com/intent/tweet?text=Neuropeptide%20Signaling%20Peptides%3A%20Semax%2C%20Selank%2C%20and%20Dihexa%20Research%20Guide&url=https%3A%2F%2Fwww.oligopolypeptides.com%2Fcognitive-research-peptides-semax-selank-dihexa%2F,https://x.com/intent/tweet?text=Neuropeptide%20Signaling%20Peptides%3A%20Semax%2C%20Selank%2C%20and%20Dihexa%20Research%20Guide&url=https%3A%2F%2Fwww.oligopolypeptides.com%2Fcognitive-research-peptides-semax-selank-dihexa%2F,,False,,,text/html,,JavaScript is not available.,1,False,1
https://www.oligopolypeptides.com/compare-draft/,Indexable,200,200,0,https://www.oligopolypeptides.com/compare-draft/,,https://www.oligopolypeptides.com/compare-draft/,True,"follow, index, max-snippet:-1, max-video-preview:-1, max-image-preview:large",,text/html,Peptide Comparison Center | Research Peptides & Laboratory Compounds | OligoPoly Laboratories,Unlock 20% Off Your First OligoPoly Order,3,True,0
https://www.oligopolypeptides.com/compare-draft/?share=facebook,Redirects off-site,302,200,3,https://www.facebook.com/login/?next=https%3A%2F%2Fwww.facebook.com%2Fshare_channel%2F%3Ftype%3Dreshare%26link%3Dhttps%253A%252F%252Fwww.oligopolypeptides.com%252Fcompare-draft%252F%26app_id%3D966242223397117%26source_surface%3Dexternal_reshare%26display%26hashtag,https://www.facebook.com/sharer/sharer.php?u=https%3A%2F%2Fwww.oligopolypeptides.com%2Fcompare-draft%2F&t=Peptide%20Comparison%20Center -> https://www.facebook.com/share_channel/?type=reshare&link=https%3A%2F%2Fwww.oligopolypeptides.com%2Fcompare-draft%2F&app_id=966242223397117&source_surface=external_reshare&display&hashtag -> https://www.facebook.com/login/?next=https%3A%2F%2Fwww.facebook.com%2Fshare_channel%2F%3Ftype%3Dreshare%26link%3Dhttps%253A%252F%252Fwww.oligopolypeptides.com%252Fcompare-draft%252F%26app_id%3D966242223397117%26source_surface%3Dexternal_reshare%26display%26hashtag,https://www.facebook.com/login,False,,,text/html,Facebook,,0,False,1
https://www.oligopolypeptides.com/compare-draft/?share=x,Redirects off-site,302,200,1,https://x.com/intent/tweet?text=Peptide%20Comparison%20Center&url=https%3A%2F%2Fwww.oligopolypeptides.com%2Fcompare-draft%2F,https://x.com/intent/tweet?text=Peptide%20Comparison%20Center&url=https%3A%2F%2Fwww.oligopolypeptides.com%2Fcompare-draft%2F,,False,,,text/html,,JavaScript is not available.,1,False,1
https://www.oligopolypeptides.com/compare/,Indexable,200,200,0,https://www.oligopolypeptides.com/compare/,,https://www.oligopolypeptides.com/compare/,True,"follow, index, max-snippet:-1, max-video-preview:-1, max-image-preview:large",,text/html,Research Compound Comparison Center | OligoPoly Laboratories,Unlock 20% Off Your First OligoPoly Order,2,True,233
https://www.oligopolypeptides.com/compare/${p.url},Not found (404),301,404,1,https://www.oligopolypeptides.com/compare/p.url,https://www.oligopolypeptides.com/compare/p.url,,False,"follow, noindex",,text/html,Page Not Found | OligoPoly Laboratories,Unlock 20% Off Your First OligoPoly Order,2,False,1
https://www.oligopolypeptides.com/compare/?division=research&compare_product=aod-9604-10mg-research-peptide,Alternate page with proper canonical tag,200,200,0,https://www.oligopolypeptides.com/compare/?division=research&compare_product=aod-9604-10mg-research-peptide,,https://www.oligopolypeptides.com/compare/,False,"follow, index, max-snippet:-1, max-video-preview:-1, max-image-preview:large",,text/html,Research Compound Comparison Center | OligoPoly Laboratories,Unlock 20% Off Your First OligoPoly Order,2,False,1
https://www.oligopolypeptides.com/compare/?division=research&compare_product=bpc-157-10mg-research-peptide,Alternate page with proper canonical tag,200,200,0,https://www.oligopolypeptides.com/compare/?division=research&compare_product=bpc-157-10mg-research-peptide,,https://www.oligopolypeptides.com/compare/,False,"follow, index, max-snippet:-1, max-video-preview:-1, max-image-preview:large",,text/html,Research Compound Comparison Center | OligoPoly Laboratories,Unlock 20% Off Your First OligoPoly Order,2,False,1
https://www.oligopolypeptides.com/compare/?division=research&compare_product=bpc-157-5-mg,Alternate page with proper canonical tag,200,200,0,https://www.oligopolypeptides.com/compare/?division=research&compare_product=bpc-157-5-mg,,https://www.oligopolypeptides.com/compare/,False,"follow, index, max-snippet:-1, max-video-preview:-1, max-image-preview:large",,text/html,Research Compound Comparison Center | OligoPoly Laboratories,Unlock 20% Off Your First OligoPoly Order,2,False,1
https://www.oligopolypeptides.com/compare/?division=research&compare_product=bpc-157-kpv-blend,Alternate page with proper canonical tag,200,200,0,https://www.oligopolypeptides.com/compare/?division=research&compare_product=bpc-157-kpv-blend,,https://www.oligopolypeptides.com/compare/,False,"follow, index, max-snippet:-1, max-video-preview:-1, max-image-preview:large",,text/html,Research Compound Comparison Center | OligoPoly Laboratories,Unlock 20% Off Your First OligoPoly Order,2,False,1
https://www.oligopolypeptides.com/compare/?division=research&compare_product=bpc-157-tb-500-blend,Alternate page with proper canonical tag,200,200,0,https://www.oligopolypeptides.com/compare/?division=research&compare_product=bpc-157-tb-500-blend,,https://www.oligopolypeptides.com/compare/,False,"follow, index, max-snippet:-1, max-video-preview:-1, max-image-preview:large",,text/html,Research Compound Comparison Center | OligoPoly Laboratories,Unlock 20% Off Your First OligoPoly Order,2,False,1
https://www.oligopolypeptides.com/compare/?division=research&compare_product=build-your-research-bundle-3-vials,Alternate page with proper canonical tag,200,200,0,https://www.oligopolypeptides.com/compare/?division=research&compare_product=build-your-research-bundle-3-vials,,https://www.oligopolypeptides.com/compare/,False,"follow, index, max-snippet:-1, max-video-preview:-1, max-image-preview:large",,text/html,Research Compound Comparison Center | OligoPoly Laboratories,Unlock 20% Off Your First OligoPoly Order,2,False,1
https://www.oligopolypeptides.com/compare/?division=research&compare_product=build-your-research-bundle-6-vials,Alternate page with proper canonical tag,200,200,0,https://www.oligopolypeptides.com/compare/?division=research&compare_product=build-your-research-bundle-6-vials,,https://www.oligopolypeptides.com/compare/,False,"follow, index, max-snippet:-1, max-video-preview:-1, max-image-preview:large",,text/html,Research Compound Comparison Center | OligoPoly Laboratories,Unlock 20% Off Your First OligoPoly Order,2,False,1
https://www.oligopolypeptides.com/compare/?division=research&compare_product=build-your-research-bundle-9-vials,Alternate page with proper canonical tag,200,200,0,https://www.oligopolypeptides.com/compare/?division=research&compare_product=build-your-research-bundle-9-vials,,https://www.oligopolypeptides.com/compare/,False,"follow, index, max-snippet:-1, max-video-preview:-1, max-image-preview:large",,text/html,Research Compound Comparison Center | OligoPoly Laboratories,Unlock 20% Off Your First OligoPoly Order,2,False,1
https://www.oligopolypeptides.com/compare/?division=research&compare_product=cagrilintide-5-mg-6-vial-research-kit,Alternate page with proper canonical tag,200,200,0,https://www.oligopolypeptides.com/compare/?division=research&compare_product=cagrilintide-5-mg-6-vial-research-kit,,https://www.oligopolypeptides.com/compare/,False,"follow, index, max-snippet:-1, max-video-preview:-1, max-image-preview:large",,text/html,Research Compound Comparison Center | OligoPoly Laboratories,Unlock 20% Off Your First OligoPoly Order,2,False,1
https://www.oligopolypeptides.com/compare/?division=research&compare_product=cjc-1295-no-dac-5-mg-research-peptide,Alternate page with proper canonical tag,200,200,0,https://www.oligopolypeptides.com/compare/?division=research&compare_product=cjc-1295-no-dac-5-mg-research-peptide,,https://www.oligopolypeptides.com/compare/,False,"follow, index, max-snippet:-1, max-video-preview:-1, max-image-preview:large",,text/html,Research Compound Comparison Center | OligoPoly Laboratories,Unlock 20% Off Your First OligoPoly Order,2,False,1
https://www.oligopolypeptides.com/compare/?division=research&compare_product=cns-receptor-reference-collection,Alternate page with proper canonical tag,200,200,0,https://www.oligopolypeptides.com/compare/?division=research&compare_product=cns-receptor-reference-collection,,https://www.oligopolypeptides.com/compare/,False,"follow, index, max-snippet:-1, max-video-preview:-1, max-image-preview:large",,text/html,Research Compound Comparison Center | OligoPoly Laboratories,Unlock 20% Off Your First OligoPoly Order,2,False,1
https://www.oligopolypeptides.com/compare/?division=research&compare_product=comparative-pathway-collection,Alternate page with proper canonical tag,200,200,0,https://www.oligopolypeptides.com/compare/?division=research&compare_product=comparative-pathway-collection,,https://www.oligopolypeptides.com/compare/,False,"follow, index, max-snippet:-1, max-video-preview:-1, max-image-preview:large",,text/html,Research Compound Comparison Center | OligoPoly Laboratories,Unlock 20% Off Your First OligoPoly Order,2,False,1
https://www.oligopolypeptides.com/compare/?division=research&compare_product=dsip-5mg-research-peptide,Alternate page with proper canonical tag,200,200,0,https://www.oligopolypeptides.com/compare/?division=research&compare_product=dsip-5mg-research-peptide,,https://www.oligopolypeptides.com/compare/,False,"follow, index, max-snippet:-1, max-video-preview:-1, max-image-preview:large",,text/html,Research Compound Comparison Center | OligoPoly Laboratories,Unlock 20% Off Your First OligoPoly Order,2,False,1
https://www.oligopolypeptides.com/compare/?division=research&compare_product=ghk-cu-50-mg-6-vial-research-kit,Alternate page with proper canonical tag,200,200,0,https://www.oligopolypeptides.com/compare/?division=research&compare_product=ghk-cu-50-mg-6-vial-research-kit,,https://www.oligopolypeptides.com/compare/,False,"follow, index, max-snippet:-1, max-video-preview:-1, max-image-preview:large",,text/html,Research Compound Comparison Center | OligoPoly Laboratories,Unlock 20% Off Your First OligoPoly Order,2,False,1
https://www.oligopolypeptides.com/compare/?division=research&compare_product=ghk-cu-50mg-research-peptide,Alternate page with proper canonical tag,200,200,0,https://www.oligopolypeptides.com/compare/?division=research&compare_product=ghk-cu-50mg-research-peptide,,https://www.oligopolypeptides.com/compare/,False,"follow, index, max-snippet:-1, max-video-preview:-1, max-image-preview:large",,text/html,Research Compound Comparison Center | OligoPoly Laboratories,Unlock 20% Off Your First OligoPoly Order,2,False,1
https://www.oligopolypeptides.com/compare/?division=research&compare_product=klow-blend-research-peptide,Alternate page with proper canonical tag,200,200,0,https://www.oligopolypeptides.com/compare/?division=research&compare_product=klow-blend-research-peptide,,https://www.oligopolypeptides.com/compare/,False,"follow, index, max-snippet:-1, max-video-preview:-1, max-image-preview:large",,text/html,Research Compound Comparison Center | OligoPoly Laboratories,Unlock 20% Off Your First OligoPoly Order,2,False,1
https://www.oligopolypeptides.com/compare/?division=research&compare_product=kpv-10-mg-ghk-cu-50-mg-research-blend,Alternate page with proper canonical tag,200,200,0,https://www.oligopolypeptides.com/compare/?division=research&compare_product=kpv-10-mg-ghk-cu-50-mg-research-blend,,https://www.oligopolypeptides.com/compare/,False,"follow, index, max-snippet:-1, max-video-preview:-1, max-image-preview:large",,text/html,Research Compound Comparison Center | OligoPoly Laboratories,Unlock 20% Off Your First OligoPoly Order,2,False,1
https://www.oligopolypeptides.com/compare/?division=research&compare_product=kpv-10mg-research-peptide,Alternate page with proper canonical tag,200,200,0,https://www.oligopolypeptides.com/compare/?division=research&compare_product=kpv-10mg-research-peptide,,https://www.oligopolypeptides.com/compare/,False,"follow, index, max-snippet:-1, max-video-preview:-1, max-image-preview:large",,text/html,Research Compound Comparison Center | OligoPoly Laboratories,Unlock 20% Off Your First OligoPoly Order,2,False,1
https://www.oligopolypeptides.com/compare/?division=research&compare_product=metabolic-pathways-research-collection,Alternate page with proper canonical tag,200,200,0,https://www.oligopolypeptides.com/compare/?division=research&compare_product=metabolic-pathways-research-collection,,https://www.oligopolypeptides.com/compare/,False,"follow, index, max-snippet:-1, max-video-preview:-1, max-image-preview:large",,text/html,Research Compound Comparison Center | OligoPoly Laboratories,Unlock 20% Off Your First OligoPoly Order,2,False,1
https://www.oligopolypeptides.com/compare/?division=research&compare_product=mitochondrial-signaling-collection,Alternate page with proper canonical tag,200,200,0,https://www.oligopolypeptides.com/compare/?division=research&compare_product=mitochondrial-signaling-collection,,https://www.oligopolypeptides.com/compare/,False,"follow, index, max-snippet:-1, max-video-preview:-1, max-image-preview:large",,text/html,Research Compound Comparison Center | OligoPoly Laboratories,Unlock 20% Off Your First OligoPoly Order,2,False,1
https://www.oligopolypeptides.com/compare/?division=research&compare_product=mots-c-10mg-research-peptide,Alternate page with proper canonical tag,200,200,0,https://www.oligopolypeptides.com/compare/?division=research&compare_product=mots-c-10mg-research-peptide,,https://www.oligopolypeptides.com/compare/,False,"follow, index, max-snippet:-1, max-video-preview:-1, max-image-preview:large",,text/html,Research Compound Comparison Center | OligoPoly Laboratories,Unlock 20% Off Your First OligoPoly Order,2,False,1
https://www.oligopolypeptides.com/compare/?division=research&compare_product=nad-500-mg-6-vial-research-kit,Alternate page with proper canonical tag,200,200,0,https://www.oligopolypeptides.com/compare/?division=research&compare_product=nad-500-mg-6-vial-research-kit,,https://www.oligopolypeptides.com/compare/,False,"follow, index, max-snippet:-1, max-video-preview:-1, max-image-preview:large",,text/html,Research Compound Comparison Center | OligoPoly Laboratories,Unlock 20% Off Your First OligoPoly Order,2,False,1
https://www.oligopolypeptides.com/compare/?division=research&compare_product=nad-500mg-research-compound,Alternate page with proper canonical tag,200,200,0,https://www.oligopolypeptides.com/compare/?division=research&compare_product=nad-500mg-research-compound,,https://www.oligopolypeptides.com/compare/,False,"follow, index, max-snippet:-1, max-video-preview:-1, max-image-preview:large",,text/html,Research Compound Comparison Center | OligoPoly Laboratories,Unlock 20% Off Your First OligoPoly Order,2,False,1
https://www.oligopolypeptides.com/compare/?division=research&compare_product=pt-141-10mg-research-peptide,Alternate page with proper canonical tag,200,200,0,https://www.oligopolypeptides.com/compare/?division=research&compare_product=pt-141-10mg-research-peptide,,https://www.oligopolypeptides.com/compare/,False,"follow, index, max-snippet:-1, max-video-preview:-1, max-image-preview:large",,text/html,Research Compound Comparison Center | OligoPoly Laboratories,Unlock 20% Off Your First OligoPoly Order,2,False,1
https://www.oligopolypeptides.com/compare/?division=research&compare_product=retatrutide-10mg-research-peptide,Alternate page with proper canonical tag,200,200,0,https://www.oligopolypeptides.com/compare/?division=research&compare_product=retatrutide-10mg-research-peptide,,https://www.oligopolypeptides.com/compare/,False,"follow, index, max-snippet:-1, max-video-preview:-1, max-image-preview:large",,text/html,Research Compound Comparison Center | OligoPoly Laboratories,Unlock 20% Off Your First OligoPoly Order,2,False,1
https://www.oligopolypeptides.com/compare/?division=research&compare_product=retatrutide-20-mg-6-vial-research-kit,Alternate page with proper canonical tag,200,200,0,https://www.oligopolypeptides.com/compare/?division=research&compare_product=retatrutide-20-mg-6-vial-research-kit,,https://www.oligopolypeptides.com/compare/,False,"follow, index, max-snippet:-1, max-video-preview:-1, max-image-preview:large",,text/html,Research Compound Comparison Center | OligoPoly Laboratories,Unlock 20% Off Your First OligoPoly Order,2,False,1
https://www.oligopolypeptides.com/compare/?division=research&compare_product=retatrutide-20mg-research-peptide,Alternate page with proper canonical tag,200,200,0,https://www.oligopolypeptides.com/compare/?division=research&compare_product=retatrutide-20mg-research-peptide,,https://www.oligopolypeptides.com/compare/,False,"follow, index, max-snippet:-1, max-video-preview:-1, max-image-preview:large",,text/html,Research Compound Comparison Center | OligoPoly Laboratories,Unlock 20% Off Your First OligoPoly Order,2,False,1
https://www.oligopolypeptides.com/compare/?division=research&compare_product=retatrutide-5-mg-6-vial-research-kit,Alternate page with proper canonical tag,200,200,0,https://www.oligopolypeptides.com/compare/?division=research&compare_product=retatrutide-5-mg-6-vial-research-kit,,https://www.oligopolypeptides.com/compare/,False,"follow, index, max-snippet:-1, max-video-preview:-1, max-image-preview:large",,text/html,Research Compound Comparison Center | OligoPoly Laboratories,Unlock 20% Off Your First OligoPoly Order,2,False,1
https://www.oligopolypeptides.com/compare/?division=research&compare_product=retatrutide-5mg-research-peptide,Alternate page with proper canonical tag,200,200,0,https://www.oligopolypeptides.com/compare/?division=research&compare_product=retatrutide-5mg-research-peptide,,https://www.oligopolypeptides.com/compare/,False,"follow, index, max-snippet:-1, max-video-preview:-1, max-image-preview:large",,text/html,Research Compound Comparison Center | OligoPoly Laboratories,Unlock 20% Off Your First OligoPoly Order,2,False,1
https://www.oligopolypeptides.com/compare/?division=research&compare_product=selank-5-mg-6-vial-research-kit,Alternate page with proper canonical tag,200,200,0,https://www.oligopolypeptides.com/compare/?division=research&compare_product=selank-5-mg-6-vial-research-kit,,https://www.oligopolypeptides.com/compare/,False,"follow, index, max-snippet:-1, max-video-preview:-1, max-image-preview:large",,text/html,Research Compound Comparison Center | OligoPoly Laboratories,Unlock 20% Off Your First OligoPoly Order,2,False,1
https://www.oligopolypeptides.com/compare/?division=research&compare_product=selank-5mg-research-peptide,Alternate page with proper canonical tag,200,200,0,https://www.oligopolypeptides.com/compare/?division=research&compare_product=selank-5mg-research-peptide,,https://www.oligopolypeptides.com/compare/,False,"follow, index, max-snippet:-1, max-video-preview:-1, max-image-preview:large",,text/html,Research Compound Comparison Center | OligoPoly Laboratories,Unlock 20% Off Your First OligoPoly Order,2,False,1
https://www.oligopolypeptides.com/compare/?division=research&compare_product=semaglutide-5-mg-6-vial-research-kit,Alternate page with proper canonical tag,200,200,0,https://www.oligopolypeptides.com/compare/?division=research&compare_product=semaglutide-5-mg-6-vial-research-kit,,https://www.oligopolypeptides.com/compare/,False,"follow, index, max-snippet:-1, max-video-preview:-1, max-image-preview:large",,text/html,Research Compound Comparison Center | OligoPoly Laboratories,Unlock 20% Off Your First OligoPoly Order,2,False,1
https://www.oligopolypeptides.com/compare/?division=research&compare_product=semaglutide-5mg-research-peptide,Alternate page with proper canonical tag,200,200,0,https://www.oligopolypeptides.com/compare/?division=research&compare_product=semaglutide-5mg-research-peptide,,https://www.oligopolypeptides.com/compare/,False,"follow, index, max-snippet:-1, max-video-preview:-1, max-image-preview:large",,text/html,Research Compound Comparison Center | OligoPoly Laboratories,Unlock 20% Off Your First OligoPoly Order,2,False,1
https://www.oligopolypeptides.com/compare/?division=research&compare_product=semax-10mg-research-peptide,Alternate page with proper canonical tag,200,200,0,https://www.oligopolypeptides.com/compare/?division=research&compare_product=semax-10mg-research-peptide,,https://www.oligopolypeptides.com/compare/,False,"follow, index, max-snippet:-1, max-video-preview:-1, max-image-preview:large",,text/html,Research Compound Comparison Center | OligoPoly Laboratories,Unlock 20% Off Your First OligoPoly Order,2,False,1
https://www.oligopolypeptides.com/compare/?division=research&compare_product=tb-500-10mg-research-peptide,Alternate page with proper canonical tag,200,200,0,https://www.oligopolypeptides.com/compare/?division=research&compare_product=tb-500-10mg-research-peptide,,https://www.oligopolypeptides.com/compare/,False,"follow, index, max-snippet:-1, max-video-preview:-1, max-image-preview:large",,text/html,Research Compound Comparison Center | OligoPoly Laboratories,Unlock 20% Off Your First OligoPoly Order,2,False,1
https://www.oligopolypeptides.com/compare/?division=research&compare_product=telomere-biology-reference-collection,Alternate page with proper canonical tag,200,200,0,https://www.oligopolypeptides.com/compare/?division=research&compare_product=telomere-biology-reference-collection,,https://www.oligopolypeptides.com/compare/,False,"follow, index, max-snippet:-1, max-video-preview:-1, max-image-preview:large",,text/html,Research Compound Comparison Center | OligoPoly Laboratories,Unlock 20% Off Your First OligoPoly Order,2,False,1
https://www.oligopolypeptides.com/compare/?division=research&compare_product=tirzepatide-10-mg-6-vial-research-kit,Alternate page with proper canonical tag,200,200,0,https://www.oligopolypeptides.com/compare/?division=research&compare_product=tirzepatide-10-mg-6-vial-research-kit,,https://www.oligopolypeptides.com/compare/,False,"follow, index, max-snippet:-1, max-video-preview:-1, max-image-preview:large",,text/html,Research Compound Comparison Center | OligoPoly Laboratories,Unlock 20% Off Your First OligoPoly Order,2,False,1
https://www.oligopolypeptides.com/compare/?division=research&compare_product=tirzepatide-20-mg-research-peptide,Alternate page with proper canonical tag,200,200,0,https://www.oligopolypeptides.com/compare/?division=research&compare_product=tirzepatide-20-mg-research-peptide,,https://www.oligopolypeptides.com/compare/,False,"follow, index, max-snippet:-1, max-video-preview:-1, max-image-preview:large",,text/html,Research Compound Comparison Center | OligoPoly Laboratories,Unlock 20% Off Your First OligoPoly Order,2,False,1
https://www.oligopolypeptides.com/compare/?division=research&compare_product=tissue-signaling-collection,Alternate page with proper canonical tag,200,200,0,https://www.oligopolypeptides.com/compare/?division=research&compare_product=tissue-signaling-collection,,https://www.oligopolypeptides.com/compare/,False,"follow, index, max-snippet:-1, max-video-preview:-1, max-image-preview:large",,text/html,Research Compound Comparison Center | OligoPoly Laboratories,Unlock 20% Off Your First OligoPoly Order,2,False,1
https://www.oligopolypeptides.com/compare/?share=facebook,Redirects off-site,302,200,3,https://www.facebook.com/login/?next=https%3A%2F%2Fwww.facebook.com%2Fshare_channel%2F%3Ftype%3Dreshare%26link%3Dhttps%253A%252F%252Fwww.oligopolypeptides.com%252Fcompare%252F%26app_id%3D966242223397117%26source_surface%3Dexternal_reshare%26display%26hashtag,https://www.facebook.com/sharer/sharer.php?u=https%3A%2F%2Fwww.oligopolypeptides.com%2Fcompare%2F&t=Research%20Compound%20Comparison%20Center -> https://www.facebook.com/share_channel/?type=reshare&link=https%3A%2F%2Fwww.oligopolypeptides.com%2Fcompare%2F&app_id=966242223397117&source_surface=external_reshare&display&hashtag -> https://www.facebook.com/login/?next=https%3A%2F%2Fwww.facebook.com%2Fshare_channel%2F%3Ftype%3Dreshare%26link%3Dhttps%253A%252F%252Fwww.oligopolypeptides.com%252Fcompare%252F%26app_id%3D966242223397117%26source_surface%3Dexternal_reshare%26display%26hashtag,https://www.facebook.com/login,False,,,text/html,Facebook,,0,False,1
https://www.oligopolypeptides.com/compare/?share=x,Redirects off-site,302,200,1,https://x.com/intent/tweet?text=Research%20Compound%20Comparison%20Center&url=https%3A%2F%2Fwww.oligopolypeptides.com%2Fcompare%2F,https://x.com/intent/tweet?text=Research%20Compound%20Comparison%20Center&url=https%3A%2F%2Fwww.oligopolypeptides.com%2Fcompare%2F,,False,,,text/html,,JavaScript is not available.,1,False,1
https://www.oligopolypeptides.com/contact/,Indexable,200,200,0,https://www.oligopolypeptides.com/contact/,,https://www.oligopolypeptides.com/contact/,True,"follow, index, max-snippet:-1, max-video-preview:-1, max-image-preview:large",,text/html,Get in Touch | OligoPoly Laboratories,Get in Touch,1,True,233
https://www.oligopolypeptides.com/custom-research-blends/,Indexable,200,200,0,https://www.oligopolypeptides.com/custom-research-blends/,,https://www.oligopolypeptides.com/custom-research-blends/,True,"follow, index, max-snippet:-1, max-video-preview:-1, max-image-preview:large",,text/html,Custom Research Blend Program | Multi-Compound Peptide Formulations | OligoPoly Laboratories,Unlock 20% Off Your First OligoPoly Order,3,True,13
https://www.oligopolypeptides.com/custom-research-blends/?share=facebook,Redirects off-site,302,200,3,https://www.facebook.com/login/?next=https%3A%2F%2Fwww.facebook.com%2Fshare_channel%2F%3Ftype%3Dreshare%26link%3Dhttps%253A%252F%252Fwww.oligopolypeptides.com%252Fcustom-research-blends%252F%26app_id%3D966242223397117%26source_surface%3Dexternal_reshare%26display%26hashtag,https://www.facebook.com/sharer/sharer.php?u=https%3A%2F%2Fwww.oligopolypeptides.com%2Fcustom-research-blends%2F&t=Custom%20Research%20Blend%20Program -> https://www.facebook.com/share_channel/?type=reshare&link=https%3A%2F%2Fwww.oligopolypeptides.com%2Fcustom-research-blends%2F&app_id=966242223397117&source_surface=external_reshare&display&hashtag -> https://www.facebook.com/login/?next=https%3A%2F%2Fwww.facebook.com%2Fshare_channel%2F%3Ftype%3Dreshare%26link%3Dhttps%253A%252F%252Fwww.oligopolypeptides.com%252Fcustom-research-blends%252F%26app_id%3D966242223397117%26source_surface%3Dexternal_reshare%26display%26hashtag,https://www.facebook.com/login,False,,,text/html,Facebook,,0,False,1
https://www.oligopolypeptides.com/custom-research-blends/?share=x,Redirects off-site,302,200,1,https://x.com/intent/tweet?text=Custom%20Research%20Blend%20Program&url=https%3A%2F%2Fwww.oligopolypeptides.com%2Fcustom-research-blends%2F,https://x.com/intent/tweet?text=Custom%20Research%20Blend%20Program&url=https%3A%2F%2Fwww.oligopolypeptides.com%2Fcustom-research-blends%2F,,False,,,text/html,,JavaScript is not available.,1,False,1
https://www.oligopolypeptides.com/custom-research-peptide-blends-guide/,Indexable,200,200,0,https://www.oligopolypeptides.com/custom-research-peptide-blends-guide/,,https://www.oligopolypeptides.com/custom-research-peptide-blends-guide/,True,"follow, index, max-snippet:-1, max-video-preview:-1, max-image-preview:large",,text/html,Custom Research Peptide Blends: Tailored vs. Standard Formulations | OligoPoly Laboratories,Unlock 20% Off Your First OligoPoly Order,3,True,2
https://www.oligopolypeptides.com/custom-research-peptide-blends-guide/?share=facebook,Redirects off-site,302,200,3,https://www.facebook.com/login/?next=https%3A%2F%2Fwww.facebook.com%2Fshare_channel%2F%3Ftype%3Dreshare%26link%3Dhttps%253A%252F%252Fwww.oligopolypeptides.com%252Fcustom-research-peptide-blends-guide%252F%26app_id%3D966242223397117%26source_surface%3Dexternal_reshare%26display%26hashtag,https://www.facebook.com/sharer/sharer.php?u=https%3A%2F%2Fwww.oligopolypeptides.com%2Fcustom-research-peptide-blends-guide%2F&t=Custom%20Research%20Peptide%20Blends%3A%20When%20to%20Use%20a%20Tailored%20Formulation%20vs.%20Standard%20Blend -> https://www.facebook.com/share_channel/?type=reshare&link=https%3A%2F%2Fwww.oligopolypeptides.com%2Fcustom-research-peptide-blends-guide%2F&app_id=966242223397117&source_surface=external_reshare&display&hashtag -> https://www.facebook.com/login/?next=https%3A%2F%2Fwww.facebook.com%2Fshare_channel%2F%3Ftype%3Dreshare%26link%3Dhttps%253A%252F%252Fwww.oligopolypeptides.com%252Fcustom-research-peptide-blends-guide%252F%26app_id%3D966242223397117%26source_surface%3Dexternal_reshare%26display%26hashtag,https://www.facebook.com/login,False,,,text/html,Facebook,,0,False,1
https://www.oligopolypeptides.com/custom-research-peptide-blends-guide/?share=x,Redirects off-site,302,200,1,https://x.com/intent/tweet?text=Custom%20Research%20Peptide%20Blends%3A%20When%20to%20Use%20a%20Tailored%20Formulation%20vs.%20Standard%20Blend&url=https%3A%2F%2Fwww.oligopolypeptides.com%2Fcustom-research-peptide-blends-guide%2F,https://x.com/intent/tweet?text=Custom%20Research%20Peptide%20Blends%3A%20When%20to%20Use%20a%20Tailored%20Formulation%20vs.%20Standard%20Blend&url=https%3A%2F%2Fwww.oligopolypeptides.com%2Fcustom-research-peptide-blends-guide%2F,,False,,,text/html,,JavaScript is not available.,1,False,1
https://www.oligopolypeptides.com/custom-synthesis/,Indexable,200,200,0,https://www.oligopolypeptides.com/custom-synthesis/,,https://www.oligopolypeptides.com/custom-synthesis/,True,"follow, index, max-snippet:-1, max-video-preview:-1, max-image-preview:large",,text/html,Custom Synthesis | Research Peptides & Laboratory Compounds | OligoPoly Laboratories,Unlock 20% Off Your First OligoPoly Order,2,True,1
https://www.oligopolypeptides.com/custom-synthesis/?share=facebook,Redirects off-site,302,200,3,https://www.facebook.com/login/?next=https%3A%2F%2Fwww.facebook.com%2Fshare_channel%2F%3Ftype%3Dreshare%26link%3Dhttps%253A%252F%252Fwww.oligopolypeptides.com%252Fcustom-synthesis%252F%26app_id%3D966242223397117%26source_surface%3Dexternal_reshare%26display%26hashtag,https://www.facebook.com/sharer/sharer.php?u=https%3A%2F%2Fwww.oligopolypeptides.com%2Fcustom-synthesis%2F&t=Custom%20Synthesis -> https://www.facebook.com/share_channel/?type=reshare&link=https%3A%2F%2Fwww.oligopolypeptides.com%2Fcustom-synthesis%2F&app_id=966242223397117&source_surface=external_reshare&display&hashtag -> https://www.facebook.com/login/?next=https%3A%2F%2Fwww.facebook.com%2Fshare_channel%2F%3Ftype%3Dreshare%26link%3Dhttps%253A%252F%252Fwww.oligopolypeptides.com%252Fcustom-synthesis%252F%26app_id%3D966242223397117%26source_surface%3Dexternal_reshare%26display%26hashtag,https://www.facebook.com/login,False,,,text/html,Facebook,,0,False,1
https://www.oligopolypeptides.com/custom-synthesis/?share=x,Redirects off-site,302,200,1,https://x.com/intent/tweet?text=Custom%20Synthesis&url=https%3A%2F%2Fwww.oligopolypeptides.com%2Fcustom-synthesis%2F,https://x.com/intent/tweet?text=Custom%20Synthesis&url=https%3A%2F%2Fwww.oligopolypeptides.com%2Fcustom-synthesis%2F,,False,,,text/html,,JavaScript is not available.,1,False,1
https://www.oligopolypeptides.com/documentation-downloads/,Indexable,200,200,0,https://www.oligopolypeptides.com/documentation-downloads/,,https://www.oligopolypeptides.com/documentation-downloads/,True,"follow, index, max-snippet:-1, max-video-preview:-1, max-image-preview:large",,text/html,Documentation Downloads | Research Peptides & Laboratory Compounds | OligoPoly Laboratories,Documentation Downloads,2,True,5
https://www.oligopolypeptides.com/documentation-downloads/?share=facebook,Redirects off-site,302,200,3,https://www.facebook.com/login/?next=https%3A%2F%2Fwww.facebook.com%2Fshare_channel%2F%3Ftype%3Dreshare%26link%3Dhttps%253A%252F%252Fwww.oligopolypeptides.com%252Fdocumentation-downloads%252F%26app_id%3D966242223397117%26source_surface%3Dexternal_reshare%26display%26hashtag,https://www.facebook.com/sharer/sharer.php?u=https%3A%2F%2Fwww.oligopolypeptides.com%2Fdocumentation-downloads%2F&t=Documentation%20Downloads -> https://www.facebook.com/share_channel/?type=reshare&link=https%3A%2F%2Fwww.oligopolypeptides.com%2Fdocumentation-downloads%2F&app_id=966242223397117&source_surface=external_reshare&display&hashtag -> https://www.facebook.com/login/?next=https%3A%2F%2Fwww.facebook.com%2Fshare_channel%2F%3Ftype%3Dreshare%26link%3Dhttps%253A%252F%252Fwww.oligopolypeptides.com%252Fdocumentation-downloads%252F%26app_id%3D966242223397117%26source_surface%3Dexternal_reshare%26display%26hashtag,https://www.facebook.com/login,False,,,text/html,Facebook,,0,False,1
https://www.oligopolypeptides.com/documentation-downloads/?share=x,Redirects off-site,302,200,1,https://x.com/intent/tweet?text=Documentation%20Downloads&url=https%3A%2F%2Fwww.oligopolypeptides.com%2Fdocumentation-downloads%2F,https://x.com/intent/tweet?text=Documentation%20Downloads&url=https%3A%2F%2Fwww.oligopolypeptides.com%2Fdocumentation-downloads%2F,,False,,,text/html,,JavaScript is not available.,1,False,1
https://www.oligopolypeptides.com/ecm-signaling-hub/,Indexable,200,200,0,https://www.oligopolypeptides.com/ecm-signaling-hub/,,https://www.oligopolypeptides.com/ecm-signaling-hub/,True,"follow, index, max-snippet:-1, max-video-preview:-1, max-image-preview:large",,text/html,ECM Signaling Hub | OligoPoly Laboratories,Unlock 20% Off Your First OligoPoly Order,3,True,233
https://www.oligopolypeptides.com/ecm-signaling-hub/?share=facebook,Redirects off-site,302,200,3,https://www.facebook.com/login/?next=https%3A%2F%2Fwww.facebook.com%2Fshare_channel%2F%3Ftype%3Dreshare%26link%3Dhttps%253A%252F%252Fwww.oligopolypeptides.com%252Fecm-signaling-hub%252F%26app_id%3D966242223397117%26source_surface%3Dexternal_reshare%26display%26hashtag,https://www.facebook.com/sharer/sharer.php?u=https%3A%2F%2Fwww.oligopolypeptides.com%2Fecm-signaling-hub%2F&t=ECM%20Signaling%20Hub -> https://www.facebook.com/share_channel/?type=reshare&link=https%3A%2F%2Fwww.oligopolypeptides.com%2Fecm-signaling-hub%2F&app_id=966242223397117&source_surface=external_reshare&display&hashtag -> https://www.facebook.com/login/?next=https%3A%2F%2Fwww.facebook.com%2Fshare_channel%2F%3Ftype%3Dreshare%26link%3Dhttps%253A%252F%252Fwww.oligopolypeptides.com%252Fecm-signaling-hub%252F%26app_id%3D966242223397117%26source_surface%3Dexternal_reshare%26display%26hashtag,https://www.facebook.com/login,False,,,text/html,Facebook,,0,False,1
https://www.oligopolypeptides.com/ecm-signaling-hub/?share=x,Redirects off-site,302,200,1,https://x.com/intent/tweet?text=ECM%20Signaling%20Hub&url=https%3A%2F%2Fwww.oligopolypeptides.com%2Fecm-signaling-hub%2F,https://x.com/intent/tweet?text=ECM%20Signaling%20Hub&url=https%3A%2F%2Fwww.oligopolypeptides.com%2Fecm-signaling-hub%2F,,False,,,text/html,,JavaScript is not available.,1,False,1
https://www.oligopolypeptides.com/email-confirmed/,Indexable,200,200,0,https://www.oligopolypeptides.com/email-confirmed/,,https://www.oligopolypeptides.com/email-confirmed/,True,"follow, index, max-snippet:-1, max-video-preview:-1, max-image-preview:large",,text/html,Email Subscription Confirmed | Research Peptides & Laboratory Compounds | OligoPoly Laboratories,Email Subscription Confirmed,2,True,0
https://www.oligopolypeptides.com/email-confirmed/?share=facebook,Redirects off-site,302,200,3,https://www.facebook.com/login/?next=https%3A%2F%2Fwww.facebook.com%2Fshare_channel%2F%3Ftype%3Dreshare%26link%3Dhttps%253A%252F%252Fwww.oligopolypeptides.com%252Femail-confirmed%252F%26app_id%3D966242223397117%26source_surface%3Dexternal_reshare%26display%26hashtag,https://www.facebook.com/sharer/sharer.php?u=https%3A%2F%2Fwww.oligopolypeptides.com%2Femail-confirmed%2F&t=Email%20Subscription%20Confirmed -> https://www.facebook.com/share_channel/?type=reshare&link=https%3A%2F%2Fwww.oligopolypeptides.com%2Femail-confirmed%2F&app_id=966242223397117&source_surface=external_reshare&display&hashtag -> https://www.facebook.com/login/?next=https%3A%2F%2Fwww.facebook.com%2Fshare_channel%2F%3Ftype%3Dreshare%26link%3Dhttps%253A%252F%252Fwww.oligopolypeptides.com%252Femail-confirmed%252F%26app_id%3D966242223397117%26source_surface%3Dexternal_reshare%26display%26hashtag,https://www.facebook.com/login,False,,,text/html,Facebook,,0,False,1
https://www.oligopolypeptides.com/email-confirmed/?share=x,Redirects off-site,302,200,1,https://x.com/intent/tweet?text=Email%20Subscription%20Confirmed&url=https%3A%2F%2Fwww.oligopolypeptides.com%2Femail-confirmed%2F,https://x.com/intent/tweet?text=Email%20Subscription%20Confirmed&url=https%3A%2F%2Fwww.oligopolypeptides.com%2Femail-confirmed%2F,,False,,,text/html,,JavaScript is not available.,1,False,1
https://www.oligopolypeptides.com/endocrine-receptor-hub/,Indexable,200,200,0,https://www.oligopolypeptides.com/endocrine-receptor-hub/,,https://www.oligopolypeptides.com/endocrine-receptor-hub/,True,"follow, index, max-snippet:-1, max-video-preview:-1, max-image-preview:large",,text/html,Endocrine Receptor Hub | OligoPoly Laboratories,Unlock 20% Off Your First OligoPoly Order,3,True,233
https://www.oligopolypeptides.com/endocrine-receptor-hub/?share=facebook,Redirects off-site,302,200,3,https://www.facebook.com/login/?next=https%3A%2F%2Fwww.facebook.com%2Fshare_channel%2F%3Ftype%3Dreshare%26link%3Dhttps%253A%252F%252Fwww.oligopolypeptides.com%252Fendocrine-receptor-hub%252F%26app_id%3D966242223397117%26source_surface%3Dexternal_reshare%26display%26hashtag,https://www.facebook.com/sharer/sharer.php?u=https%3A%2F%2Fwww.oligopolypeptides.com%2Fendocrine-receptor-hub%2F&t=Endocrine%20Receptor%20Hub -> https://www.facebook.com/share_channel/?type=reshare&link=https%3A%2F%2Fwww.oligopolypeptides.com%2Fendocrine-receptor-hub%2F&app_id=966242223397117&source_surface=external_reshare&display&hashtag -> https://www.facebook.com/login/?next=https%3A%2F%2Fwww.facebook.com%2Fshare_channel%2F%3Ftype%3Dreshare%26link%3Dhttps%253A%252F%252Fwww.oligopolypeptides.com%252Fendocrine-receptor-hub%252F%26app_id%3D966242223397117%26source_surface%3Dexternal_reshare%26display%26hashtag,https://www.facebook.com/login,False,,,text/html,Facebook,,0,False,2
https://www.oligopolypeptides.com/endocrine-receptor-hub/?share=x,Redirects off-site,302,200,1,https://x.com/intent/tweet?text=Endocrine%20Receptor%20Hub&url=https%3A%2F%2Fwww.oligopolypeptides.com%2Fendocrine-receptor-hub%2F,https://x.com/intent/tweet?text=Endocrine%20Receptor%20Hub&url=https%3A%2F%2Fwww.oligopolypeptides.com%2Fendocrine-receptor-hub%2F,,False,,,text/html,,JavaScript is not available.,1,False,2
https://www.oligopolypeptides.com/endocrine-receptor-ligands-blends/,Not found (404),404,404,0,https://www.oligopolypeptides.com/endocrine-receptor-ligands-blends/,,,False,"follow, noindex",,text/html,Page Not Found | OligoPoly Laboratories,Unlock 20% Off Your First OligoPoly Order,2,False,5
https://www.oligopolypeptides.com/epitalon-pinealon-blend-longevity-research/,Indexable,200,200,0,https://www.oligopolypeptides.com/epitalon-pinealon-blend-longevity-research/,,https://www.oligopolypeptides.com/epitalon-pinealon-blend-longevity-research/,True,"follow, index, max-snippet:-1, max-video-preview:-1, max-image-preview:large",,text/html,Epitalon and Pinealon Research Blend: Cellular Longevity Peptide Study Design | OligoPoly,Unlock 20% Off Your First OligoPoly Order,3,True,1
https://www.oligopolypeptides.com/epitalon-pinealon-blend-longevity-research/?share=facebook,Redirects off-site,302,200,3,https://www.facebook.com/login/?next=https%3A%2F%2Fwww.facebook.com%2Fshare_channel%2F%3Ftype%3Dreshare%26link%3Dhttps%253A%252F%252Fwww.oligopolypeptides.com%252Fepitalon-pinealon-blend-longevity-research%252F%26app_id%3D966242223397117%26source_surface%3Dexternal_reshare%26display%26hashtag,https://www.facebook.com/sharer/sharer.php?u=https%3A%2F%2Fwww.oligopolypeptides.com%2Fepitalon-pinealon-blend-longevity-research%2F&t=Epitalon%20and%20Pinealon%20Research%20Blend%3A%20Cellular%20Longevity%20and%20Bioregulatory%20Peptide%20Study%20Design -> https://www.facebook.com/share_channel/?type=reshare&link=https%3A%2F%2Fwww.oligopolypeptides.com%2Fepitalon-pinealon-blend-longevity-research%2F&app_id=966242223397117&source_surface=external_reshare&display&hashtag -> https://www.facebook.com/login/?next=https%3A%2F%2Fwww.facebook.com%2Fshare_channel%2F%3Ftype%3Dreshare%26link%3Dhttps%253A%252F%252Fwww.oligopolypeptides.com%252Fepitalon-pinealon-blend-longevity-research%252F%26app_id%3D966242223397117%26source_surface%3Dexternal_reshare%26display%26hashtag,https://www.facebook.com/login,False,,,text/html,Facebook,,0,False,1
https://www.oligopolypeptides.com/epitalon-pinealon-blend-longevity-research/?share=x,Redirects off-site,302,200,1,https://x.com/intent/tweet?text=Epitalon%20and%20Pinealon%20Research%20Blend%3A%20Cellular%20Longevity%20and%20Bioregulatory%20Peptide%20Study%20Design&url=https%3A%2F%2Fwww.oligopolypeptides.com%2Fepitalon-pinealon-blend-longevity-research%2F,https://x.com/intent/tweet?text=Epitalon%20and%20Pinealon%20Research%20Blend%3A%20Cellular%20Longevity%20and%20Bioregulatory%20Peptide%20Study%20Design&url=https%3A%2F%2Fwww.oligopolypeptides.com%2Fepitalon-pinealon-blend-longevity-research%2F,,False,,,text/html,,JavaScript is not available.,1,False,1
https://www.oligopolypeptides.com/epitalon-pinealon-research-comparison/,Indexable,200,200,0,https://www.oligopolypeptides.com/epitalon-pinealon-research-comparison/,,https://www.oligopolypeptides.com/epitalon-pinealon-research-comparison/,True,"follow, index, max-snippet:-1, max-video-preview:-1, max-image-preview:large",,text/html,Epitalon + Pinealon Research Comparison | OligoPoly Laboratories,Unlock 20% Off Your First OligoPoly Order,2,True,2
https://www.oligopolypeptides.com/epitalon-pinealon-research-comparison/?share=facebook,Redirects off-site,302,200,3,https://www.facebook.com/login/?next=https%3A%2F%2Fwww.facebook.com%2Fshare_channel%2F%3Ftype%3Dreshare%26link%3Dhttps%253A%252F%252Fwww.oligopolypeptides.com%252Fepitalon-pinealon-research-comparison%252F%26app_id%3D966242223397117%26source_surface%3Dexternal_reshare%26display%26hashtag,https://www.facebook.com/sharer/sharer.php?u=https%3A%2F%2Fwww.oligopolypeptides.com%2Fepitalon-pinealon-research-comparison%2F&t=Epitalon%20%2B%20Pinealon%20Research%20Comparison -> https://www.facebook.com/share_channel/?type=reshare&link=https%3A%2F%2Fwww.oligopolypeptides.com%2Fepitalon-pinealon-research-comparison%2F&app_id=966242223397117&source_surface=external_reshare&display&hashtag -> https://www.facebook.com/login/?next=https%3A%2F%2Fwww.facebook.com%2Fshare_channel%2F%3Ftype%3Dreshare%26link%3Dhttps%253A%252F%252Fwww.oligopolypeptides.com%252Fepitalon-pinealon-research-comparison%252F%26app_id%3D966242223397117%26source_surface%3Dexternal_reshare%26display%26hashtag,https://www.facebook.com/login,False,,,text/html,Facebook,,0,False,1
https://www.oligopolypeptides.com/epitalon-pinealon-research-comparison/?share=x,Redirects off-site,302,200,1,https://x.com/intent/tweet?text=Epitalon%20%2B%20Pinealon%20Research%20Comparison&url=https%3A%2F%2Fwww.oligopolypeptides.com%2Fepitalon-pinealon-research-comparison%2F,https://x.com/intent/tweet?text=Epitalon%20%2B%20Pinealon%20Research%20Comparison&url=https%3A%2F%2Fwww.oligopolypeptides.com%2Fepitalon-pinealon-research-comparison%2F,,False,,,text/html,,JavaScript is not available.,1,False,1
https://www.oligopolypeptides.com/epitalon-vs-mots-c/,Indexable,200,200,0,https://www.oligopolypeptides.com/epitalon-vs-mots-c/,,https://www.oligopolypeptides.com/epitalon-vs-mots-c/,True,"follow, index, max-snippet:-1, max-video-preview:-1, max-image-preview:large",,text/html,Epitalon vs MOTS-c Research | OligoPoly,Unlock 20% Off Your First OligoPoly Order,3,True,3
https://www.oligopolypeptides.com/epitalon-vs-mots-c/?share=facebook,Redirects off-site,302,200,3,https://www.facebook.com/login/?next=https%3A%2F%2Fwww.facebook.com%2Fshare_channel%2F%3Ftype%3Dreshare%26link%3Dhttps%253A%252F%252Fwww.oligopolypeptides.com%252Fepitalon-vs-mots-c%252F%26app_id%3D966242223397117%26source_surface%3Dexternal_reshare%26display%26hashtag,https://www.facebook.com/sharer/sharer.php?u=https%3A%2F%2Fwww.oligopolypeptides.com%2Fepitalon-vs-mots-c%2F&t=Epitalon%20vs%20MOTS-c%20%E2%80%94%20Telomerase%20vs%20Mitochondrial%20Senescence%20%26%20Telomere%20Signaling -> https://www.facebook.com/share_channel/?type=reshare&link=https%3A%2F%2Fwww.oligopolypeptides.com%2Fepitalon-vs-mots-c%2F&app_id=966242223397117&source_surface=external_reshare&display&hashtag -> https://www.facebook.com/login/?next=https%3A%2F%2Fwww.facebook.com%2Fshare_channel%2F%3Ftype%3Dreshare%26link%3Dhttps%253A%252F%252Fwww.oligopolypeptides.com%252Fepitalon-vs-mots-c%252F%26app_id%3D966242223397117%26source_surface%3Dexternal_reshare%26display%26hashtag,https://www.facebook.com/login,False,,,text/html,Facebook,,0,False,1
https://www.oligopolypeptides.com/epitalon-vs-mots-c/?share=x,Redirects off-site,302,200,1,https://x.com/intent/tweet?text=Epitalon%20vs%20MOTS-c%20%E2%80%94%20Telomerase%20vs%20Mitochondrial%20Senescence%20%26%20Telomere%20Signaling&url=https%3A%2F%2Fwww.oligopolypeptides.com%2Fepitalon-vs-mots-c%2F,https://x.com/intent/tweet?text=Epitalon%20vs%20MOTS-c%20%E2%80%94%20Telomerase%20vs%20Mitochondrial%20Senescence%20%26%20Telomere%20Signaling&url=https%3A%2F%2Fwww.oligopolypeptides.com%2Fepitalon-vs-mots-c%2F,,False,,,text/html,,JavaScript is not available.,1,False,1
https://www.oligopolypeptides.com/extracellular-matrix-signaling-blends/,Not found (404),404,404,0,https://www.oligopolypeptides.com/extracellular-matrix-signaling-blends/,,,False,"follow, noindex",,text/html,Page Not Found | OligoPoly Laboratories,Unlock 20% Off Your First OligoPoly Order,2,False,5
https://www.oligopolypeptides.com/extracellular-matrix-signaling-peptides/,Not found (404),404,404,0,https://www.oligopolypeptides.com/extracellular-matrix-signaling-peptides/,,,False,"follow, noindex",,text/html,Page Not Found | OligoPoly Laboratories,Unlock 20% Off Your First OligoPoly Order,2,False,2
https://www.oligopolypeptides.com/faq/,Indexable,200,200,0,https://www.oligopolypeptides.com/faq/,,https://www.oligopolypeptides.com/faq/,True,"index, follow, max-snippet:-1, max-video-preview:-1, max-image-preview:large",,text/html,"Research Peptide FAQ | COA, HPLC, Storage & Ordering | OligoPoly Laboratories",Unlock 20% Off Your First OligoPoly Order,2,True,233
https://www.oligopolypeptides.com/faq/?share=facebook,Redirects off-site,302,200,3,https://www.facebook.com/login/?next=https%3A%2F%2Fwww.facebook.com%2Fshare_channel%2F%3Ftype%3Dreshare%26link%3Dhttps%253A%252F%252Fwww.oligopolypeptides.com%252Ffaq%252F%26app_id%3D966242223397117%26source_surface%3Dexternal_reshare%26display%26hashtag,https://www.facebook.com/sharer/sharer.php?u=https%3A%2F%2Fwww.oligopolypeptides.com%2Ffaq%2F&t=Research%20Peptide%20FAQ%20%7C%20Buy%20Research%20Peptides%20USA%20%7C%20OligoPoly%20Laboratories -> https://www.facebook.com/share_channel/?type=reshare&link=https%3A%2F%2Fwww.oligopolypeptides.com%2Ffaq%2F&app_id=966242223397117&source_surface=external_reshare&display&hashtag -> https://www.facebook.com/login/?next=https%3A%2F%2Fwww.facebook.com%2Fshare_channel%2F%3Ftype%3Dreshare%26link%3Dhttps%253A%252F%252Fwww.oligopolypeptides.com%252Ffaq%252F%26app_id%3D966242223397117%26source_surface%3Dexternal_reshare%26display%26hashtag,https://www.facebook.com/login,False,,,text/html,Facebook,,0,False,1
https://www.oligopolypeptides.com/faq/?share=x,Redirects off-site,302,200,1,https://x.com/intent/tweet?text=Research%20Peptide%20FAQ%20%7C%20Buy%20Research%20Peptides%20USA%20%7C%20OligoPoly%20Laboratories&url=https%3A%2F%2Fwww.oligopolypeptides.com%2Ffaq%2F,https://x.com/intent/tweet?text=Research%20Peptide%20FAQ%20%7C%20Buy%20Research%20Peptides%20USA%20%7C%20OligoPoly%20Laboratories&url=https%3A%2F%2Fwww.oligopolypeptides.com%2Ffaq%2F,,False,,,text/html,,JavaScript is not available.,1,False,1
https://www.oligopolypeptides.com/follistatin-344-vs-igf-1-lr3-research-comparison/,Indexable,200,200,0,https://www.oligopolypeptides.com/follistatin-344-vs-igf-1-lr3-research-comparison/,,https://www.oligopolypeptides.com/follistatin-344-vs-igf-1-lr3-research-comparison/,True,"follow, index, max-snippet:-1, max-video-preview:-1, max-image-preview:large",,text/html,Follistatin-344 vs IGF-1 LR3 Research Comparison | OligoPoly Laboratories,Unlock 20% Off Your First OligoPoly Order,2,True,8
https://www.oligopolypeptides.com/follistatin-344-vs-igf-1-lr3-research-comparison/?share=facebook,Redirects off-site,302,200,3,https://www.facebook.com/login/?next=https%3A%2F%2Fwww.facebook.com%2Fshare_channel%2F%3Ftype%3Dreshare%26link%3Dhttps%253A%252F%252Fwww.oligopolypeptides.com%252Ffollistatin-344-vs-igf-1-lr3-research-comparison%252F%26app_id%3D966242223397117%26source_surface%3Dexternal_reshare%26display%26hashtag,https://www.facebook.com/sharer/sharer.php?u=https%3A%2F%2Fwww.oligopolypeptides.com%2Ffollistatin-344-vs-igf-1-lr3-research-comparison%2F&t=Follistatin-344%20vs%20IGF-1%20LR3%20Research%20Comparison -> https://www.facebook.com/share_channel/?type=reshare&link=https%3A%2F%2Fwww.oligopolypeptides.com%2Ffollistatin-344-vs-igf-1-lr3-research-comparison%2F&app_id=966242223397117&source_surface=external_reshare&display&hashtag -> https://www.facebook.com/login/?next=https%3A%2F%2Fwww.facebook.com%2Fshare_channel%2F%3Ftype%3Dreshare%26link%3Dhttps%253A%252F%252Fwww.oligopolypeptides.com%252Ffollistatin-344-vs-igf-1-lr3-research-comparison%252F%26app_id%3D966242223397117%26source_surface%3Dexternal_reshare%26display%26hashtag,https://www.facebook.com/login,False,,,text/html,Facebook,,0,False,1
https://www.oligopolypeptides.com/follistatin-344-vs-igf-1-lr3-research-comparison/?share=x,Redirects off-site,302,200,1,https://x.com/intent/tweet?text=Follistatin-344%20vs%20IGF-1%20LR3%20Research%20Comparison&url=https%3A%2F%2Fwww.oligopolypeptides.com%2Ffollistatin-344-vs-igf-1-lr3-research-comparison%2F,https://x.com/intent/tweet?text=Follistatin-344%20vs%20IGF-1%20LR3%20Research%20Comparison&url=https%3A%2F%2Fwww.oligopolypeptides.com%2Ffollistatin-344-vs-igf-1-lr3-research-comparison%2F,,False,,,text/html,,JavaScript is not available.,1,False,1
https://www.oligopolypeptides.com/founder/,Indexable,200,200,0,https://www.oligopolypeptides.com/founder/,,https://www.oligopolypeptides.com/founder/,True,"follow, index, max-snippet:-1, max-video-preview:-1, max-image-preview:large",,text/html,Founder Story | OligoPoly Laboratories | Research Peptides & Laboratory Compounds | OligoPoly Laboratories,Unlock 20% Off Your First OligoPoly Order,3,True,1
https://www.oligopolypeptides.com/founder/?share=facebook,Redirects off-site,302,200,3,https://www.facebook.com/login/?next=https%3A%2F%2Fwww.facebook.com%2Fshare_channel%2F%3Ftype%3Dreshare%26link%3Dhttps%253A%252F%252Fwww.oligopolypeptides.com%252Ffounder%252F%26app_id%3D966242223397117%26source_surface%3Dexternal_reshare%26display%26hashtag,https://www.facebook.com/sharer/sharer.php?u=https%3A%2F%2Fwww.oligopolypeptides.com%2Ffounder%2F&t=Founder%20Story%20%7C%20OligoPoly%20Laboratories -> https://www.facebook.com/share_channel/?type=reshare&link=https%3A%2F%2Fwww.oligopolypeptides.com%2Ffounder%2F&app_id=966242223397117&source_surface=external_reshare&display&hashtag -> https://www.facebook.com/login/?next=https%3A%2F%2Fwww.facebook.com%2Fshare_channel%2F%3Ftype%3Dreshare%26link%3Dhttps%253A%252F%252Fwww.oligopolypeptides.com%252Ffounder%252F%26app_id%3D966242223397117%26source_surface%3Dexternal_reshare%26display%26hashtag,https://www.facebook.com/login,False,,,text/html,Facebook,,0,False,1
https://www.oligopolypeptides.com/founder/?share=x,Redirects off-site,302,200,1,https://x.com/intent/tweet?text=Founder%20Story%20%7C%20OligoPoly%20Laboratories&url=https%3A%2F%2Fwww.oligopolypeptides.com%2Ffounder%2F,https://x.com/intent/tweet?text=Founder%20Story%20%7C%20OligoPoly%20Laboratories&url=https%3A%2F%2Fwww.oligopolypeptides.com%2Ffounder%2F,,False,,,text/html,,JavaScript is not available.,1,False,1
https://www.oligopolypeptides.com/gh-axis-research-peptides-cjc-1295-ipamorelin-tesamorelin/,Not found (404),404,404,0,https://www.oligopolypeptides.com/gh-axis-research-peptides-cjc-1295-ipamorelin-tesamorelin/,,,False,"follow, noindex",,text/html,Page Not Found | OligoPoly Laboratories,Unlock 20% Off Your First OligoPoly Order,2,False,3
https://www.oligopolypeptides.com/ghk-cu-vs-bpc-157/,Indexable,200,200,0,https://www.oligopolypeptides.com/ghk-cu-vs-bpc-157/,,https://www.oligopolypeptides.com/ghk-cu-vs-bpc-157/,True,"follow, index, max-snippet:-1, max-video-preview:-1, max-image-preview:large",,text/html,GHK-Cu vs BPC-157 Research | OligoPoly,Unlock 20% Off Your First OligoPoly Order,3,True,4
https://www.oligopolypeptides.com/ghk-cu-vs-bpc-157/?share=facebook,Redirects off-site,302,200,3,https://www.facebook.com/login/?next=https%3A%2F%2Fwww.facebook.com%2Fshare_channel%2F%3Ftype%3Dreshare%26link%3Dhttps%253A%252F%252Fwww.oligopolypeptides.com%252Fghk-cu-vs-bpc-157%252F%26app_id%3D966242223397117%26source_surface%3Dexternal_reshare%26display%26hashtag,https://www.facebook.com/sharer/sharer.php?u=https%3A%2F%2Fwww.oligopolypeptides.com%2Fghk-cu-vs-bpc-157%2F&t=GHK-Cu%20vs%20BPC-157%20%E2%80%94%20ECM%20Remodeling%20vs%20VEGF%20Angiogenesis%20Research -> https://www.facebook.com/share_channel/?type=reshare&link=https%3A%2F%2Fwww.oligopolypeptides.com%2Fghk-cu-vs-bpc-157%2F&app_id=966242223397117&source_surface=external_reshare&display&hashtag -> https://www.facebook.com/login/?next=https%3A%2F%2Fwww.facebook.com%2Fshare_channel%2F%3Ftype%3Dreshare%26link%3Dhttps%253A%252F%252Fwww.oligopolypeptides.com%252Fghk-cu-vs-bpc-157%252F%26app_id%3D966242223397117%26source_surface%3Dexternal_reshare%26display%26hashtag,https://www.facebook.com/login,False,,,text/html,Facebook,,0,False,1
https://www.oligopolypeptides.com/ghk-cu-vs-bpc-157/?share=x,Redirects off-site,302,200,1,https://x.com/intent/tweet?text=GHK-Cu%20vs%20BPC-157%20%E2%80%94%20ECM%20Remodeling%20vs%20VEGF%20Angiogenesis%20Research&url=https%3A%2F%2Fwww.oligopolypeptides.com%2Fghk-cu-vs-bpc-157%2F,https://x.com/intent/tweet?text=GHK-Cu%20vs%20BPC-157%20%E2%80%94%20ECM%20Remodeling%20vs%20VEGF%20Angiogenesis%20Research&url=https%3A%2F%2Fwww.oligopolypeptides.com%2Fghk-cu-vs-bpc-157%2F,,False,,,text/html,,JavaScript is not available.,1,False,1
https://www.oligopolypeptides.com/glp-1-receptor-mechanism/,Indexable,200,200,0,https://www.oligopolypeptides.com/glp-1-receptor-mechanism/,,https://www.oligopolypeptides.com/glp-1-receptor-mechanism/,True,"follow, index, max-snippet:-1, max-video-preview:-1, max-image-preview:large",,text/html,GLP-1 Receptor Mechanism & Signaling | OligoPoly,Unlock 20% Off Your First OligoPoly Order,3,True,18
https://www.oligopolypeptides.com/glp-1-receptor-mechanism/?share=facebook,Redirects off-site,302,200,3,https://www.facebook.com/login/?next=https%3A%2F%2Fwww.facebook.com%2Fshare_channel%2F%3Ftype%3Dreshare%26link%3Dhttps%253A%252F%252Fwww.oligopolypeptides.com%252Fglp-1-receptor-mechanism%252F%26app_id%3D966242223397117%26source_surface%3Dexternal_reshare%26display%26hashtag,https://www.facebook.com/sharer/sharer.php?u=https%3A%2F%2Fwww.oligopolypeptides.com%2Fglp-1-receptor-mechanism%2F&t=GLP-1%20Receptor%20Mechanism%20%E2%80%94%20GLP-1R%20Signaling%20Pathway%20%26%20Pharmacology%20Research -> https://www.facebook.com/share_channel/?type=reshare&link=https%3A%2F%2Fwww.oligopolypeptides.com%2Fglp-1-receptor-mechanism%2F&app_id=966242223397117&source_surface=external_reshare&display&hashtag -> https://www.facebook.com/login/?next=https%3A%2F%2Fwww.facebook.com%2Fshare_channel%2F%3Ftype%3Dreshare%26link%3Dhttps%253A%252F%252Fwww.oligopolypeptides.com%252Fglp-1-receptor-mechanism%252F%26app_id%3D966242223397117%26source_surface%3Dexternal_reshare%26display%26hashtag,https://www.facebook.com/login,False,,,text/html,Facebook,,0,False,1
https://www.oligopolypeptides.com/glp-1-receptor-mechanism/?share=x,Redirects off-site,302,200,1,https://x.com/intent/tweet?text=GLP-1%20Receptor%20Mechanism%20%E2%80%94%20GLP-1R%20Signaling%20Pathway%20%26%20Pharmacology%20Research&url=https%3A%2F%2Fwww.oligopolypeptides.com%2Fglp-1-receptor-mechanism%2F,https://x.com/intent/tweet?text=GLP-1%20Receptor%20Mechanism%20%E2%80%94%20GLP-1R%20Signaling%20Pathway%20%26%20Pharmacology%20Research&url=https%3A%2F%2Fwww.oligopolypeptides.com%2Fglp-1-receptor-mechanism%2F,,False,,,text/html,,JavaScript is not available.,1,False,1
https://www.oligopolypeptides.com/glp-1-receptor-peptides-explained/,Indexable,200,200,0,https://www.oligopolypeptides.com/glp-1-receptor-peptides-explained/,,https://www.oligopolypeptides.com/glp-1-receptor-peptides-explained/,True,"follow, index, max-snippet:-1, max-video-preview:-1, max-image-preview:large",,text/html,GLP-1 Receptor Peptides: Mechanisms and Applications | OligoPoly,Unlock 20% Off Your First OligoPoly Order,3,True,1
https://www.oligopolypeptides.com/glp-1-receptor-peptides-explained/?share=facebook,Redirects off-site,302,200,3,https://www.facebook.com/login/?next=https%3A%2F%2Fwww.facebook.com%2Fshare_channel%2F%3Ftype%3Dreshare%26link%3Dhttps%253A%252F%252Fwww.oligopolypeptides.com%252Fglp-1-receptor-peptides-explained%252F%26app_id%3D966242223397117%26source_surface%3Dexternal_reshare%26display%26hashtag,https://www.facebook.com/sharer/sharer.php?u=https%3A%2F%2Fwww.oligopolypeptides.com%2Fglp-1-receptor-peptides-explained%2F&t=GLP-1%20Receptor%20Peptides%20Explained%3A%20Mechanisms%20and%20Applications -> https://www.facebook.com/share_channel/?type=reshare&link=https%3A%2F%2Fwww.oligopolypeptides.com%2Fglp-1-receptor-peptides-explained%2F&app_id=966242223397117&source_surface=external_reshare&display&hashtag -> https://www.facebook.com/login/?next=https%3A%2F%2Fwww.facebook.com%2Fshare_channel%2F%3Ftype%3Dreshare%26link%3Dhttps%253A%252F%252Fwww.oligopolypeptides.com%252Fglp-1-receptor-peptides-explained%252F%26app_id%3D966242223397117%26source_surface%3Dexternal_reshare%26display%26hashtag,https://www.facebook.com/login,False,,,text/html,Facebook,,0,False,1
https://www.oligopolypeptides.com/glp-1-receptor-peptides-explained/?share=x,Redirects off-site,302,200,1,https://x.com/intent/tweet?text=GLP-1%20Receptor%20Peptides%20Explained%3A%20Mechanisms%20and%20Applications&url=https%3A%2F%2Fwww.oligopolypeptides.com%2Fglp-1-receptor-peptides-explained%2F,https://x.com/intent/tweet?text=GLP-1%20Receptor%20Peptides%20Explained%3A%20Mechanisms%20and%20Applications&url=https%3A%2F%2Fwww.oligopolypeptides.com%2Fglp-1-receptor-peptides-explained%2F,,False,,,text/html,,JavaScript is not available.,1,False,1
https://www.oligopolypeptides.com/glp-1-research-guide/,Indexable,200,200,0,https://www.oligopolypeptides.com/glp-1-research-guide/,,https://www.oligopolypeptides.com/glp-1-research-guide/,True,"follow, index, max-snippet:-1, max-video-preview:-1, max-image-preview:large",,text/html,GLP-1 Pathway Research Guide | OligoPoly,Unlock 20% Off Your First OligoPoly Order,3,True,3
https://www.oligopolypeptides.com/glp-1-research-guide/?share=facebook,Redirects off-site,302,200,3,https://www.facebook.com/login/?next=https%3A%2F%2Fwww.facebook.com%2Fshare_channel%2F%3Ftype%3Dreshare%26link%3Dhttps%253A%252F%252Fwww.oligopolypeptides.com%252Fglp-1-research-guide%252F%26app_id%3D966242223397117%26source_surface%3Dexternal_reshare%26display%26hashtag,https://www.facebook.com/sharer/sharer.php?u=https%3A%2F%2Fwww.oligopolypeptides.com%2Fglp-1-research-guide%2F&t=GLP-1%20Pathway%20Research%20Guide%20%E2%80%94%20Receptor%20Pharmacology%2C%20Agonists%20%26%20Metabolic%20Signaling -> https://www.facebook.com/share_channel/?type=reshare&link=https%3A%2F%2Fwww.oligopolypeptides.com%2Fglp-1-research-guide%2F&app_id=966242223397117&source_surface=external_reshare&display&hashtag -> https://www.facebook.com/login/?next=https%3A%2F%2Fwww.facebook.com%2Fshare_channel%2F%3Ftype%3Dreshare%26link%3Dhttps%253A%252F%252Fwww.oligopolypeptides.com%252Fglp-1-research-guide%252F%26app_id%3D966242223397117%26source_surface%3Dexternal_reshare%26display%26hashtag,https://www.facebook.com/login,False,,,text/html,Facebook,,0,False,1
https://www.oligopolypeptides.com/glp-1-research-guide/?share=x,Redirects off-site,302,200,1,https://x.com/intent/tweet?text=GLP-1%20Pathway%20Research%20Guide%20%E2%80%94%20Receptor%20Pharmacology%2C%20Agonists%20%26%20Metabolic%20Signaling&url=https%3A%2F%2Fwww.oligopolypeptides.com%2Fglp-1-research-guide%2F,https://x.com/intent/tweet?text=GLP-1%20Pathway%20Research%20Guide%20%E2%80%94%20Receptor%20Pharmacology%2C%20Agonists%20%26%20Metabolic%20Signaling&url=https%3A%2F%2Fwww.oligopolypeptides.com%2Fglp-1-research-guide%2F,,False,,,text/html,,JavaScript is not available.,1,False,1
https://www.oligopolypeptides.com/glp-1-research-peptides-guide/,Indexable,200,200,0,https://www.oligopolypeptides.com/glp-1-research-peptides-guide/,,https://www.oligopolypeptides.com/glp-1-research-peptides-guide/,True,"follow, index, max-snippet:-1, max-video-preview:-1, max-image-preview:large",,text/html,GLP-1 Research Peptides Guide | OligoPoly Laboratories,Unlock 20% Off Your First OligoPoly Order,2,True,12
https://www.oligopolypeptides.com/glp-1-research-peptides-guide/?share=facebook,Redirects off-site,302,200,3,https://www.facebook.com/login/?next=https%3A%2F%2Fwww.facebook.com%2Fshare_channel%2F%3Ftype%3Dreshare%26link%3Dhttps%253A%252F%252Fwww.oligopolypeptides.com%252Fglp-1-research-peptides-guide%252F%26app_id%3D966242223397117%26source_surface%3Dexternal_reshare%26display%26hashtag,https://www.facebook.com/sharer/sharer.php?u=https%3A%2F%2Fwww.oligopolypeptides.com%2Fglp-1-research-peptides-guide%2F&t=GLP-1%20Research%20Peptides%20Guide -> https://www.facebook.com/share_channel/?type=reshare&link=https%3A%2F%2Fwww.oligopolypeptides.com%2Fglp-1-research-peptides-guide%2F&app_id=966242223397117&source_surface=external_reshare&display&hashtag -> https://www.facebook.com/login/?next=https%3A%2F%2Fwww.facebook.com%2Fshare_channel%2F%3Ftype%3Dreshare%26link%3Dhttps%253A%252F%252Fwww.oligopolypeptides.com%252Fglp-1-research-peptides-guide%252F%26app_id%3D966242223397117%26source_surface%3Dexternal_reshare%26display%26hashtag,https://www.facebook.com/login,False,,,text/html,Facebook,,0,False,1
https://www.oligopolypeptides.com/glp-1-research-peptides-guide/?share=x,Redirects off-site,302,200,1,https://x.com/intent/tweet?text=GLP-1%20Research%20Peptides%20Guide&url=https%3A%2F%2Fwww.oligopolypeptides.com%2Fglp-1-research-peptides-guide%2F,https://x.com/intent/tweet?text=GLP-1%20Research%20Peptides%20Guide&url=https%3A%2F%2Fwww.oligopolypeptides.com%2Fglp-1-research-peptides-guide%2F,,False,,,text/html,,JavaScript is not available.,1,False,1
https://www.oligopolypeptides.com/glp-1-research-peptides-laboratory-guide/,Indexable,200,200,0,https://www.oligopolypeptides.com/glp-1-research-peptides-laboratory-guide/,,https://www.oligopolypeptides.com/glp-1-research-peptides-laboratory-guide/,True,"follow, index, max-snippet:-1, max-video-preview:-1, max-image-preview:large",,text/html,GLP-1 Research Peptides in 2026: A Complete Laboratory Guide | Research Peptides Guide | OligoPoly Laboratories,Unlock 20% Off Your First OligoPoly Order,2,True,6
https://www.oligopolypeptides.com/glp-1-research-peptides-laboratory-guide/?share=facebook,Redirects off-site,302,200,3,https://www.facebook.com/login/?next=https%3A%2F%2Fwww.facebook.com%2Fshare_channel%2F%3Ftype%3Dreshare%26link%3Dhttps%253A%252F%252Fwww.oligopolypeptides.com%252Fglp-1-research-peptides-laboratory-guide%252F%26app_id%3D966242223397117%26source_surface%3Dexternal_reshare%26display%26hashtag,https://www.facebook.com/sharer/sharer.php?u=https%3A%2F%2Fwww.oligopolypeptides.com%2Fglp-1-research-peptides-laboratory-guide%2F&t=GLP-1%20Research%20Peptides%20in%202026%3A%20A%20Complete%20Laboratory%20Guide -> https://www.facebook.com/share_channel/?type=reshare&link=https%3A%2F%2Fwww.oligopolypeptides.com%2Fglp-1-research-peptides-laboratory-guide%2F&app_id=966242223397117&source_surface=external_reshare&display&hashtag -> https://www.facebook.com/login/?next=https%3A%2F%2Fwww.facebook.com%2Fshare_channel%2F%3Ftype%3Dreshare%26link%3Dhttps%253A%252F%252Fwww.oligopolypeptides.com%252Fglp-1-research-peptides-laboratory-guide%252F%26app_id%3D966242223397117%26source_surface%3Dexternal_reshare%26display%26hashtag,https://www.facebook.com/login,False,,,text/html,Facebook,,0,False,1
https://www.oligopolypeptides.com/glp-1-research-peptides-laboratory-guide/?share=x,Redirects off-site,302,200,1,https://x.com/intent/tweet?text=GLP-1%20Research%20Peptides%20in%202026%3A%20A%20Complete%20Laboratory%20Guide&url=https%3A%2F%2Fwww.oligopolypeptides.com%2Fglp-1-research-peptides-laboratory-guide%2F,https://x.com/intent/tweet?text=GLP-1%20Research%20Peptides%20in%202026%3A%20A%20Complete%20Laboratory%20Guide&url=https%3A%2F%2Fwww.oligopolypeptides.com%2Fglp-1-research-peptides-laboratory-guide%2F,,False,,,text/html,,JavaScript is not available.,1,False,1
https://www.oligopolypeptides.com/glp-1-research-peptides/,Indexable,200,200,0,https://www.oligopolypeptides.com/glp-1-research-peptides/,,https://www.oligopolypeptides.com/glp-1-research-peptides/,True,"follow, index, max-snippet:-1, max-video-preview:-1, max-image-preview:large",,text/html,GLP-1 Research Peptides | OligoPoly,Unlock 20% Off Your First OligoPoly Order,3,True,2
https://www.oligopolypeptides.com/glp-1-research-peptides/?share=facebook,Redirects off-site,302,200,3,https://www.facebook.com/login/?next=https%3A%2F%2Fwww.facebook.com%2Fshare_channel%2F%3Ftype%3Dreshare%26link%3Dhttps%253A%252F%252Fwww.oligopolypeptides.com%252Fglp-1-research-peptides%252F%26app_id%3D966242223397117%26source_surface%3Dexternal_reshare%26display%26hashtag,https://www.facebook.com/sharer/sharer.php?u=https%3A%2F%2Fwww.oligopolypeptides.com%2Fglp-1-research-peptides%2F&t=GLP-1%20Research%20Peptides%20%E2%80%94%20Agonist%20Classes%2C%20Mechanisms%20%26%20Compounds -> https://www.facebook.com/share_channel/?type=reshare&link=https%3A%2F%2Fwww.oligopolypeptides.com%2Fglp-1-research-peptides%2F&app_id=966242223397117&source_surface=external_reshare&display&hashtag -> https://www.facebook.com/login/?next=https%3A%2F%2Fwww.facebook.com%2Fshare_channel%2F%3Ftype%3Dreshare%26link%3Dhttps%253A%252F%252Fwww.oligopolypeptides.com%252Fglp-1-research-peptides%252F%26app_id%3D966242223397117%26source_surface%3Dexternal_reshare%26display%26hashtag,https://www.facebook.com/login,False,,,text/html,Facebook,,0,False,1
https://www.oligopolypeptides.com/glp-1-research-peptides/?share=x,Redirects off-site,302,200,1,https://x.com/intent/tweet?text=GLP-1%20Research%20Peptides%20%E2%80%94%20Agonist%20Classes%2C%20Mechanisms%20%26%20Compounds&url=https%3A%2F%2Fwww.oligopolypeptides.com%2Fglp-1-research-peptides%2F,https://x.com/intent/tweet?text=GLP-1%20Research%20Peptides%20%E2%80%94%20Agonist%20Classes%2C%20Mechanisms%20%26%20Compounds&url=https%3A%2F%2Fwww.oligopolypeptides.com%2Fglp-1-research-peptides%2F,,False,,,text/html,,JavaScript is not available.,1,False,1
https://www.oligopolypeptides.com/half-life-pharmacokinetics-hub/,Indexable,200,200,0,https://www.oligopolypeptides.com/half-life-pharmacokinetics-hub/,,https://www.oligopolypeptides.com/half-life-pharmacokinetics-hub/,True,"follow, index, max-snippet:-1, max-video-preview:-1, max-image-preview:large",,text/html,Peptide Half-Life & Pharmacokinetics Hub | PK Profiles | OligoPoly,Unlock 20% Off Your First OligoPoly Order,3,True,8
https://www.oligopolypeptides.com/half-life-pharmacokinetics-hub/?share=facebook,Redirects off-site,302,200,3,https://www.facebook.com/login/?next=https%3A%2F%2Fwww.facebook.com%2Fshare_channel%2F%3Ftype%3Dreshare%26link%3Dhttps%253A%252F%252Fwww.oligopolypeptides.com%252Fhalf-life-pharmacokinetics-hub%252F%26app_id%3D966242223397117%26source_surface%3Dexternal_reshare%26display%26hashtag,https://www.facebook.com/sharer/sharer.php?u=https%3A%2F%2Fwww.oligopolypeptides.com%2Fhalf-life-pharmacokinetics-hub%2F&t=Half-Life%20and%20Pharmacokinetics%20Hub -> https://www.facebook.com/share_channel/?type=reshare&link=https%3A%2F%2Fwww.oligopolypeptides.com%2Fhalf-life-pharmacokinetics-hub%2F&app_id=966242223397117&source_surface=external_reshare&display&hashtag -> https://www.facebook.com/login/?next=https%3A%2F%2Fwww.facebook.com%2Fshare_channel%2F%3Ftype%3Dreshare%26link%3Dhttps%253A%252F%252Fwww.oligopolypeptides.com%252Fhalf-life-pharmacokinetics-hub%252F%26app_id%3D966242223397117%26source_surface%3Dexternal_reshare%26display%26hashtag,https://www.facebook.com/login,False,,,text/html,Facebook,,0,False,1
https://www.oligopolypeptides.com/half-life-pharmacokinetics-hub/?share=x,Redirects off-site,302,200,1,https://x.com/intent/tweet?text=Half-Life%20and%20Pharmacokinetics%20Hub&url=https%3A%2F%2Fwww.oligopolypeptides.com%2Fhalf-life-pharmacokinetics-hub%2F,https://x.com/intent/tweet?text=Half-Life%20and%20Pharmacokinetics%20Hub&url=https%3A%2F%2Fwww.oligopolypeptides.com%2Fhalf-life-pharmacokinetics-hub%2F,,False,,,text/html,,JavaScript is not available.,1,False,1
https://www.oligopolypeptides.com/houston-research-peptides/,Indexable,200,200,0,https://www.oligopolypeptides.com/houston-research-peptides/,,https://www.oligopolypeptides.com/houston-research-peptides/,True,"follow, index, max-snippet:-1, max-video-preview:-1, max-image-preview:large",,text/html,Houston Research Peptides | COA Verified | OligoPoly Laboratories,Unlock 20% Off Your First OligoPoly Order,2,True,0
https://www.oligopolypeptides.com/houston-research-peptides/?share=facebook,Redirects off-site,302,200,3,https://www.facebook.com/login/?next=https%3A%2F%2Fwww.facebook.com%2Fshare_channel%2F%3Ftype%3Dreshare%26link%3Dhttps%253A%252F%252Fwww.oligopolypeptides.com%252Fhouston-research-peptides%252F%26app_id%3D966242223397117%26source_surface%3Dexternal_reshare%26display%26hashtag,https://www.facebook.com/sharer/sharer.php?u=https%3A%2F%2Fwww.oligopolypeptides.com%2Fhouston-research-peptides%2F&t=Houston%20Research%20Peptides -> https://www.facebook.com/share_channel/?type=reshare&link=https%3A%2F%2Fwww.oligopolypeptides.com%2Fhouston-research-peptides%2F&app_id=966242223397117&source_surface=external_reshare&display&hashtag -> https://www.facebook.com/login/?next=https%3A%2F%2Fwww.facebook.com%2Fshare_channel%2F%3Ftype%3Dreshare%26link%3Dhttps%253A%252F%252Fwww.oligopolypeptides.com%252Fhouston-research-peptides%252F%26app_id%3D966242223397117%26source_surface%3Dexternal_reshare%26display%26hashtag,https://www.facebook.com/login,False,,,text/html,Facebook,,0,False,1
https://www.oligopolypeptides.com/houston-research-peptides/?share=x,Redirects off-site,302,200,1,https://x.com/intent/tweet?text=Houston%20Research%20Peptides&url=https%3A%2F%2Fwww.oligopolypeptides.com%2Fhouston-research-peptides%2F,https://x.com/intent/tweet?text=Houston%20Research%20Peptides&url=https%3A%2F%2Fwww.oligopolypeptides.com%2Fhouston-research-peptides%2F,,False,,,text/html,,JavaScript is not available.,1,False,1
https://www.oligopolypeptides.com/how-peptides-are-used-in-laboratory-research/,Indexable,200,200,0,https://www.oligopolypeptides.com/how-peptides-are-used-in-laboratory-research/,,https://www.oligopolypeptides.com/how-peptides-are-used-in-laboratory-research/,True,"follow, index, max-snippet:-1, max-video-preview:-1, max-image-preview:large",,text/html,How Peptides Are Used in Laboratory Research | OligoPoly,Unlock 20% Off Your First OligoPoly Order,3,True,2
https://www.oligopolypeptides.com/how-peptides-are-used-in-laboratory-research/?share=facebook,Redirects off-site,302,200,3,https://www.facebook.com/login/?next=https%3A%2F%2Fwww.facebook.com%2Fshare_channel%2F%3Ftype%3Dreshare%26link%3Dhttps%253A%252F%252Fwww.oligopolypeptides.com%252Fhow-peptides-are-used-in-laboratory-research%252F%26app_id%3D966242223397117%26source_surface%3Dexternal_reshare%26display%26hashtag,https://www.facebook.com/sharer/sharer.php?u=https%3A%2F%2Fwww.oligopolypeptides.com%2Fhow-peptides-are-used-in-laboratory-research%2F&t=How%20Peptides%20Are%20Used%20in%20Laboratory%20Research -> https://www.facebook.com/share_channel/?type=reshare&link=https%3A%2F%2Fwww.oligopolypeptides.com%2Fhow-peptides-are-used-in-laboratory-research%2F&app_id=966242223397117&source_surface=external_reshare&display&hashtag -> https://www.facebook.com/login/?next=https%3A%2F%2Fwww.facebook.com%2Fshare_channel%2F%3Ftype%3Dreshare%26link%3Dhttps%253A%252F%252Fwww.oligopolypeptides.com%252Fhow-peptides-are-used-in-laboratory-research%252F%26app_id%3D966242223397117%26source_surface%3Dexternal_reshare%26display%26hashtag,https://www.facebook.com/login,False,,,text/html,Facebook,,0,False,1
https://www.oligopolypeptides.com/how-peptides-are-used-in-laboratory-research/?share=x,Redirects off-site,302,200,1,https://x.com/intent/tweet?text=How%20Peptides%20Are%20Used%20in%20Laboratory%20Research&url=https%3A%2F%2Fwww.oligopolypeptides.com%2Fhow-peptides-are-used-in-laboratory-research%2F,https://x.com/intent/tweet?text=How%20Peptides%20Are%20Used%20in%20Laboratory%20Research&url=https%3A%2F%2Fwww.oligopolypeptides.com%2Fhow-peptides-are-used-in-laboratory-research%2F,,False,,,text/html,,JavaScript is not available.,1,False,1
https://www.oligopolypeptides.com/how-to-choose-research-peptides-buying-guide/,Indexable,200,200,0,https://www.oligopolypeptides.com/how-to-choose-research-peptides-buying-guide/,,https://www.oligopolypeptides.com/how-to-choose-research-peptides-buying-guide/,True,"follow, index, max-snippet:-1, max-video-preview:-1, max-image-preview:large",,text/html,How to Evaluate a Research Peptide Supplier | OligoPoly,Unlock 20% Off Your First OligoPoly Order,2,True,1
https://www.oligopolypeptides.com/how-to-choose-research-peptides-for-laboratory-studies/,Indexable,200,200,0,https://www.oligopolypeptides.com/how-to-choose-research-peptides-for-laboratory-studies/,,https://www.oligopolypeptides.com/how-to-choose-research-peptides-for-laboratory-studies/,True,"follow, index, max-snippet:-1, max-video-preview:-1, max-image-preview:large",,text/html,Choosing Research Peptides for Lab Studies | OligoPoly,Unlock 20% Off Your First OligoPoly Order,3,True,1
https://www.oligopolypeptides.com/how-to-choose-research-peptides-for-laboratory-studies/?share=facebook,Redirects off-site,302,200,3,https://www.facebook.com/login/?next=https%3A%2F%2Fwww.facebook.com%2Fshare_channel%2F%3Ftype%3Dreshare%26link%3Dhttps%253A%252F%252Fwww.oligopolypeptides.com%252Fhow-to-choose-research-peptides-for-laboratory-studies%252F%26app_id%3D966242223397117%26source_surface%3Dexternal_reshare%26display%26hashtag,https://www.facebook.com/sharer/sharer.php?u=https%3A%2F%2Fwww.oligopolypeptides.com%2Fhow-to-choose-research-peptides-for-laboratory-studies%2F&t=How%20to%20Choose%20Research%20Peptides%20for%20Laboratory%20Studies -> https://www.facebook.com/share_channel/?type=reshare&link=https%3A%2F%2Fwww.oligopolypeptides.com%2Fhow-to-choose-research-peptides-for-laboratory-studies%2F&app_id=966242223397117&source_surface=external_reshare&display&hashtag -> https://www.facebook.com/login/?next=https%3A%2F%2Fwww.facebook.com%2Fshare_channel%2F%3Ftype%3Dreshare%26link%3Dhttps%253A%252F%252Fwww.oligopolypeptides.com%252Fhow-to-choose-research-peptides-for-laboratory-studies%252F%26app_id%3D966242223397117%26source_surface%3Dexternal_reshare%26display%26hashtag,https://www.facebook.com/login,False,,,text/html,Facebook,,0,False,1
https://www.oligopolypeptides.com/how-to-choose-research-peptides-for-laboratory-studies/?share=x,Redirects off-site,302,200,1,https://x.com/intent/tweet?text=How%20to%20Choose%20Research%20Peptides%20for%20Laboratory%20Studies&url=https%3A%2F%2Fwww.oligopolypeptides.com%2Fhow-to-choose-research-peptides-for-laboratory-studies%2F,https://x.com/intent/tweet?text=How%20to%20Choose%20Research%20Peptides%20for%20Laboratory%20Studies&url=https%3A%2F%2Fwww.oligopolypeptides.com%2Fhow-to-choose-research-peptides-for-laboratory-studies%2F,,False,,,text/html,,JavaScript is not available.,1,False,1
https://www.oligopolypeptides.com/how-to-measure-peptide-purity-hplc-mass-spec/,Indexable,200,200,0,https://www.oligopolypeptides.com/how-to-measure-peptide-purity-hplc-mass-spec/,,https://www.oligopolypeptides.com/how-to-measure-peptide-purity-hplc-mass-spec/,True,"follow, index, max-snippet:-1, max-video-preview:-1, max-image-preview:large",,text/html,How to Measure Peptide Purity | OligoPoly,Unlock 20% Off Your First OligoPoly Order,3,True,1
https://www.oligopolypeptides.com/how-to-measure-peptide-purity-hplc-mass-spec/?share=facebook,Redirects off-site,302,200,3,https://www.facebook.com/login/?next=https%3A%2F%2Fwww.facebook.com%2Fshare_channel%2F%3Ftype%3Dreshare%26link%3Dhttps%253A%252F%252Fwww.oligopolypeptides.com%252Fhow-to-measure-peptide-purity-hplc-mass-spec%252F%26app_id%3D966242223397117%26source_surface%3Dexternal_reshare%26display%26hashtag,https://www.facebook.com/sharer/sharer.php?u=https%3A%2F%2Fwww.oligopolypeptides.com%2Fhow-to-measure-peptide-purity-hplc-mass-spec%2F&t=How%20to%20Measure%20Peptide%20Purity%3A%20HPLC%2C%20Mass%20Spec%20%26%20Lab%20Standards -> https://www.facebook.com/share_channel/?type=reshare&link=https%3A%2F%2Fwww.oligopolypeptides.com%2Fhow-to-measure-peptide-purity-hplc-mass-spec%2F&app_id=966242223397117&source_surface=external_reshare&display&hashtag -> https://www.facebook.com/login/?next=https%3A%2F%2Fwww.facebook.com%2Fshare_channel%2F%3Ftype%3Dreshare%26link%3Dhttps%253A%252F%252Fwww.oligopolypeptides.com%252Fhow-to-measure-peptide-purity-hplc-mass-spec%252F%26app_id%3D966242223397117%26source_surface%3Dexternal_reshare%26display%26hashtag,https://www.facebook.com/login,False,,,text/html,Facebook,,0,False,1
https://www.oligopolypeptides.com/how-to-measure-peptide-purity-hplc-mass-spec/?share=x,Redirects off-site,302,200,1,https://x.com/intent/tweet?text=How%20to%20Measure%20Peptide%20Purity%3A%20HPLC%2C%20Mass%20Spec%20%26%20Lab%20Standards&url=https%3A%2F%2Fwww.oligopolypeptides.com%2Fhow-to-measure-peptide-purity-hplc-mass-spec%2F,https://x.com/intent/tweet?text=How%20to%20Measure%20Peptide%20Purity%3A%20HPLC%2C%20Mass%20Spec%20%26%20Lab%20Standards&url=https%3A%2F%2Fwww.oligopolypeptides.com%2Fhow-to-measure-peptide-purity-hplc-mass-spec%2F,,False,,,text/html,,JavaScript is not available.,1,False,1
https://www.oligopolypeptides.com/how-to-read-a-coa/,Indexable,200,200,0,https://www.oligopolypeptides.com/how-to-read-a-coa/,,https://www.oligopolypeptides.com/how-to-read-a-coa/,True,"follow, index, max-snippet:-1, max-video-preview:-1, max-image-preview:large",,text/html,How to Read a COA | Research Peptides & Laboratory Compounds | OligoPoly Laboratories,Unlock 20% Off Your First OligoPoly Order,3,True,1
https://www.oligopolypeptides.com/how-to-read-a-coa/?share=facebook,Redirects off-site,302,200,3,https://www.facebook.com/login/?next=https%3A%2F%2Fwww.facebook.com%2Fshare_channel%2F%3Ftype%3Dreshare%26link%3Dhttps%253A%252F%252Fwww.oligopolypeptides.com%252Fhow-to-read-a-coa%252F%26app_id%3D966242223397117%26source_surface%3Dexternal_reshare%26display%26hashtag,https://www.facebook.com/sharer/sharer.php?u=https%3A%2F%2Fwww.oligopolypeptides.com%2Fhow-to-read-a-coa%2F&t=How%20to%20Read%20a%20COA -> https://www.facebook.com/share_channel/?type=reshare&link=https%3A%2F%2Fwww.oligopolypeptides.com%2Fhow-to-read-a-coa%2F&app_id=966242223397117&source_surface=external_reshare&display&hashtag -> https://www.facebook.com/login/?next=https%3A%2F%2Fwww.facebook.com%2Fshare_channel%2F%3Ftype%3Dreshare%26link%3Dhttps%253A%252F%252Fwww.oligopolypeptides.com%252Fhow-to-read-a-coa%252F%26app_id%3D966242223397117%26source_surface%3Dexternal_reshare%26display%26hashtag,https://www.facebook.com/login,False,,,text/html,Facebook,,0,False,1
https://www.oligopolypeptides.com/how-to-read-a-coa/?share=x,Redirects off-site,302,200,1,https://x.com/intent/tweet?text=How%20to%20Read%20a%20COA&url=https%3A%2F%2Fwww.oligopolypeptides.com%2Fhow-to-read-a-coa%2F,https://x.com/intent/tweet?text=How%20to%20Read%20a%20COA&url=https%3A%2F%2Fwww.oligopolypeptides.com%2Fhow-to-read-a-coa%2F,,False,,,text/html,,JavaScript is not available.,1,False,1
https://www.oligopolypeptides.com/how-to-read-peptide-coa-report-hplc-mass-spec/,Indexable,200,200,0,https://www.oligopolypeptides.com/how-to-read-peptide-coa-report-hplc-mass-spec/,,https://www.oligopolypeptides.com/how-to-read-peptide-coa-report-hplc-mass-spec/,True,"follow, index, max-snippet:-1, max-video-preview:-1, max-image-preview:large",,text/html,How to Read a Peptide COA Report | OligoPoly,Unlock 20% Off Your First OligoPoly Order,3,True,1
https://www.oligopolypeptides.com/how-to-read-peptide-coa-report-hplc-mass-spec/?share=facebook,Redirects off-site,302,200,3,https://www.facebook.com/login/?next=https%3A%2F%2Fwww.facebook.com%2Fshare_channel%2F%3Ftype%3Dreshare%26link%3Dhttps%253A%252F%252Fwww.oligopolypeptides.com%252Fhow-to-read-peptide-coa-report-hplc-mass-spec%252F%26app_id%3D966242223397117%26source_surface%3Dexternal_reshare%26display%26hashtag,https://www.facebook.com/sharer/sharer.php?u=https%3A%2F%2Fwww.oligopolypeptides.com%2Fhow-to-read-peptide-coa-report-hplc-mass-spec%2F&t=How%20to%20Read%20a%20Peptide%20COA%20Report%3A%20HPLC%2C%20Mass%20Spec%20%26%20Lab%20Verification -> https://www.facebook.com/share_channel/?type=reshare&link=https%3A%2F%2Fwww.oligopolypeptides.com%2Fhow-to-read-peptide-coa-report-hplc-mass-spec%2F&app_id=966242223397117&source_surface=external_reshare&display&hashtag -> https://www.facebook.com/login/?next=https%3A%2F%2Fwww.facebook.com%2Fshare_channel%2F%3Ftype%3Dreshare%26link%3Dhttps%253A%252F%252Fwww.oligopolypeptides.com%252Fhow-to-read-peptide-coa-report-hplc-mass-spec%252F%26app_id%3D966242223397117%26source_surface%3Dexternal_reshare%26display%26hashtag,https://www.facebook.com/login,False,,,text/html,Facebook,,0,False,1
https://www.oligopolypeptides.com/how-to-read-peptide-coa-report-hplc-mass-spec/?share=x,Redirects off-site,302,200,1,https://x.com/intent/tweet?text=How%20to%20Read%20a%20Peptide%20COA%20Report%3A%20HPLC%2C%20Mass%20Spec%20%26%20Lab%20Verification&url=https%3A%2F%2Fwww.oligopolypeptides.com%2Fhow-to-read-peptide-coa-report-hplc-mass-spec%2F,https://x.com/intent/tweet?text=How%20to%20Read%20a%20Peptide%20COA%20Report%3A%20HPLC%2C%20Mass%20Spec%20%26%20Lab%20Verification&url=https%3A%2F%2Fwww.oligopolypeptides.com%2Fhow-to-read-peptide-coa-report-hplc-mass-spec%2F,,False,,,text/html,,JavaScript is not available.,1,False,1
https://www.oligopolypeptides.com/how-to-reconstitute-peptides/,Page with redirect,301,200,1,https://www.oligopolypeptides.com/peptide-storage-handling-guide/,https://www.oligopolypeptides.com/peptide-storage-handling-guide/,https://www.oligopolypeptides.com/peptide-storage-handling-guide/,True,"follow, index, max-snippet:-1, max-video-preview:-1, max-image-preview:large",,text/html,Peptide Storage & Handling Guide | OligoPoly,Unlock 20% Off Your First OligoPoly Order,2,False,3
https://www.oligopolypeptides.com/hplc-testing-explained/,Indexable,200,200,0,https://www.oligopolypeptides.com/hplc-testing-explained/,,https://www.oligopolypeptides.com/hplc-testing-explained/,True,"follow, index, max-snippet:-1, max-video-preview:-1, max-image-preview:large",,text/html,HPLC Testing Explained | Research Peptides & Laboratory Compounds | OligoPoly Laboratories,Unlock 20% Off Your First OligoPoly Order,3,True,7
https://www.oligopolypeptides.com/hplc-testing-explained/?share=facebook,Redirects off-site,302,200,3,https://www.facebook.com/login/?next=https%3A%2F%2Fwww.facebook.com%2Fshare_channel%2F%3Ftype%3Dreshare%26link%3Dhttps%253A%252F%252Fwww.oligopolypeptides.com%252Fhplc-testing-explained%252F%26app_id%3D966242223397117%26source_surface%3Dexternal_reshare%26display%26hashtag,https://www.facebook.com/sharer/sharer.php?u=https%3A%2F%2Fwww.oligopolypeptides.com%2Fhplc-testing-explained%2F&t=HPLC%20Testing%20Explained -> https://www.facebook.com/share_channel/?type=reshare&link=https%3A%2F%2Fwww.oligopolypeptides.com%2Fhplc-testing-explained%2F&app_id=966242223397117&source_surface=external_reshare&display&hashtag -> https://www.facebook.com/login/?next=https%3A%2F%2Fwww.facebook.com%2Fshare_channel%2F%3Ftype%3Dreshare%26link%3Dhttps%253A%252F%252Fwww.oligopolypeptides.com%252Fhplc-testing-explained%252F%26app_id%3D966242223397117%26source_surface%3Dexternal_reshare%26display%26hashtag,https://www.facebook.com/login,False,,,text/html,Facebook,,0,False,1
https://www.oligopolypeptides.com/hplc-testing-explained/?share=x,Redirects off-site,302,200,1,https://x.com/intent/tweet?text=HPLC%20Testing%20Explained&url=https%3A%2F%2Fwww.oligopolypeptides.com%2Fhplc-testing-explained%2F,https://x.com/intent/tweet?text=HPLC%20Testing%20Explained&url=https%3A%2F%2Fwww.oligopolypeptides.com%2Fhplc-testing-explained%2F,,False,,,text/html,,JavaScript is not available.,1,False,1
https://www.oligopolypeptides.com/igf-1-lr3-vs-peg-mgf-research-comparison/,Indexable,200,200,0,https://www.oligopolypeptides.com/igf-1-lr3-vs-peg-mgf-research-comparison/,,https://www.oligopolypeptides.com/igf-1-lr3-vs-peg-mgf-research-comparison/,True,"follow, index, max-snippet:-1, max-video-preview:-1, max-image-preview:large",,text/html,IGF-1 LR3 vs PEG-MGF Research Comparison | OligoPoly Laboratories,Unlock 20% Off Your First OligoPoly Order,2,True,8
https://www.oligopolypeptides.com/igf-1-lr3-vs-peg-mgf-research-comparison/?share=facebook,Redirects off-site,302,200,3,https://www.facebook.com/login/?next=https%3A%2F%2Fwww.facebook.com%2Fshare_channel%2F%3Ftype%3Dreshare%26link%3Dhttps%253A%252F%252Fwww.oligopolypeptides.com%252Figf-1-lr3-vs-peg-mgf-research-comparison%252F%26app_id%3D966242223397117%26source_surface%3Dexternal_reshare%26display%26hashtag,https://www.facebook.com/sharer/sharer.php?u=https%3A%2F%2Fwww.oligopolypeptides.com%2Figf-1-lr3-vs-peg-mgf-research-comparison%2F&t=IGF-1%20LR3%20vs%20PEG-MGF%20Research%20Comparison -> https://www.facebook.com/share_channel/?type=reshare&link=https%3A%2F%2Fwww.oligopolypeptides.com%2Figf-1-lr3-vs-peg-mgf-research-comparison%2F&app_id=966242223397117&source_surface=external_reshare&display&hashtag -> https://www.facebook.com/login/?next=https%3A%2F%2Fwww.facebook.com%2Fshare_channel%2F%3Ftype%3Dreshare%26link%3Dhttps%253A%252F%252Fwww.oligopolypeptides.com%252Figf-1-lr3-vs-peg-mgf-research-comparison%252F%26app_id%3D966242223397117%26source_surface%3Dexternal_reshare%26display%26hashtag,https://www.facebook.com/login,False,,,text/html,Facebook,,0,False,1
https://www.oligopolypeptides.com/igf-1-lr3-vs-peg-mgf-research-comparison/?share=x,Redirects off-site,302,200,1,https://x.com/intent/tweet?text=IGF-1%20LR3%20vs%20PEG-MGF%20Research%20Comparison&url=https%3A%2F%2Fwww.oligopolypeptides.com%2Figf-1-lr3-vs-peg-mgf-research-comparison%2F,https://x.com/intent/tweet?text=IGF-1%20LR3%20vs%20PEG-MGF%20Research%20Comparison&url=https%3A%2F%2Fwww.oligopolypeptides.com%2Figf-1-lr3-vs-peg-mgf-research-comparison%2F,,False,,,text/html,,JavaScript is not available.,1,False,1
https://www.oligopolypeptides.com/individual-research-account/,Page with redirect,301,200,1,https://www.oligopolypeptides.com/my-account/,https://www.oligopolypeptides.com/my-account/,,False,"noindex, follow",,text/html,My account | Research Peptides & Laboratory Compounds | OligoPoly Laboratories,My account,1,True,0
https://www.oligopolypeptides.com/innate-immune-signaling-peptides-thymosin-alpha-1-kpv-thymosin-beta-4/,Not found (404),404,404,0,https://www.oligopolypeptides.com/innate-immune-signaling-peptides-thymosin-alpha-1-kpv-thymosin-beta-4/,,,False,"follow, noindex",,text/html,Page Not Found | OligoPoly Laboratories,Unlock 20% Off Your First OligoPoly Order,2,False,2
https://www.oligopolypeptides.com/institutional-purchasing/,Indexable,200,200,0,https://www.oligopolypeptides.com/institutional-purchasing/,,https://www.oligopolypeptides.com/institutional-purchasing/,True,"follow, index, max-snippet:-1, max-video-preview:-1, max-image-preview:large",,text/html,Institutional Purchasing | Research Peptides & Laboratory Compounds | OligoPoly Laboratories,Unlock 20% Off Your First OligoPoly Order,3,True,233
https://www.oligopolypeptides.com/institutional-research-exchange/,Indexable,200,200,0,https://www.oligopolypeptides.com/institutional-research-exchange/,,https://www.oligopolypeptides.com/institutional-research-exchange/,True,"follow, index, max-snippet:-1, max-video-preview:-1, max-image-preview:large",,text/html,Institutional Research Exchange | Research Peptides & Laboratory Compounds | OligoPoly Laboratories,Unlock 20% Off Your First OligoPoly Order,2,True,0
https://www.oligopolypeptides.com/institutional-research-exchange/?share=facebook,Redirects off-site,302,200,3,https://www.facebook.com/login/?next=https%3A%2F%2Fwww.facebook.com%2Fshare_channel%2F%3Ftype%3Dreshare%26link%3Dhttps%253A%252F%252Fwww.oligopolypeptides.com%252Finstitutional-research-exchange%252F%26app_id%3D966242223397117%26source_surface%3Dexternal_reshare%26display%26hashtag,https://www.facebook.com/sharer/sharer.php?u=https%3A%2F%2Fwww.oligopolypeptides.com%2Finstitutional-research-exchange%2F&t=Institutional%20Research%20Exchange -> https://www.facebook.com/share_channel/?type=reshare&link=https%3A%2F%2Fwww.oligopolypeptides.com%2Finstitutional-research-exchange%2F&app_id=966242223397117&source_surface=external_reshare&display&hashtag -> https://www.facebook.com/login/?next=https%3A%2F%2Fwww.facebook.com%2Fshare_channel%2F%3Ftype%3Dreshare%26link%3Dhttps%253A%252F%252Fwww.oligopolypeptides.com%252Finstitutional-research-exchange%252F%26app_id%3D966242223397117%26source_surface%3Dexternal_reshare%26display%26hashtag,https://www.facebook.com/login,False,,,text/html,Facebook,,0,False,1
https://www.oligopolypeptides.com/institutional-research-exchange/?share=x,Redirects off-site,302,200,1,https://x.com/intent/tweet?text=Institutional%20Research%20Exchange&url=https%3A%2F%2Fwww.oligopolypeptides.com%2Finstitutional-research-exchange%2F,https://x.com/intent/tweet?text=Institutional%20Research%20Exchange&url=https%3A%2F%2Fwww.oligopolypeptides.com%2Finstitutional-research-exchange%2F,,False,,,text/html,,JavaScript is not available.,1,False,1
https://www.oligopolypeptides.com/ipamorelin-vs-tesamorelin-research-comparison/,Indexable,200,200,0,https://www.oligopolypeptides.com/ipamorelin-vs-tesamorelin-research-comparison/,,https://www.oligopolypeptides.com/ipamorelin-vs-tesamorelin-research-comparison/,True,"follow, index, max-snippet:-1, max-video-preview:-1, max-image-preview:large",,text/html,Ipamorelin vs Tesamorelin Research Comparison | OligoPoly Laboratories,Unlock 20% Off Your First OligoPoly Order,2,True,5
https://www.oligopolypeptides.com/ipamorelin-vs-tesamorelin-research-comparison/?share=facebook,Redirects off-site,302,200,3,https://www.facebook.com/login/?next=https%3A%2F%2Fwww.facebook.com%2Fshare_channel%2F%3Ftype%3Dreshare%26link%3Dhttps%253A%252F%252Fwww.oligopolypeptides.com%252Fipamorelin-vs-tesamorelin-research-comparison%252F%26app_id%3D966242223397117%26source_surface%3Dexternal_reshare%26display%26hashtag,https://www.facebook.com/sharer/sharer.php?u=https%3A%2F%2Fwww.oligopolypeptides.com%2Fipamorelin-vs-tesamorelin-research-comparison%2F&t=Ipamorelin%20vs%20Tesamorelin%20Research%20Comparison -> https://www.facebook.com/share_channel/?type=reshare&link=https%3A%2F%2Fwww.oligopolypeptides.com%2Fipamorelin-vs-tesamorelin-research-comparison%2F&app_id=966242223397117&source_surface=external_reshare&display&hashtag -> https://www.facebook.com/login/?next=https%3A%2F%2Fwww.facebook.com%2Fshare_channel%2F%3Ftype%3Dreshare%26link%3Dhttps%253A%252F%252Fwww.oligopolypeptides.com%252Fipamorelin-vs-tesamorelin-research-comparison%252F%26app_id%3D966242223397117%26source_surface%3Dexternal_reshare%26display%26hashtag,https://www.facebook.com/login,False,,,text/html,Facebook,,0,False,1
https://www.oligopolypeptides.com/ipamorelin-vs-tesamorelin-research-comparison/?share=x,Redirects off-site,302,200,1,https://x.com/intent/tweet?text=Ipamorelin%20vs%20Tesamorelin%20Research%20Comparison&url=https%3A%2F%2Fwww.oligopolypeptides.com%2Fipamorelin-vs-tesamorelin-research-comparison%2F,https://x.com/intent/tweet?text=Ipamorelin%20vs%20Tesamorelin%20Research%20Comparison&url=https%3A%2F%2Fwww.oligopolypeptides.com%2Fipamorelin-vs-tesamorelin-research-comparison%2F,,False,,,text/html,,JavaScript is not available.,1,False,1
https://www.oligopolypeptides.com/kpv-vs-thymosin-beta-4-research-comparison/,Indexable,200,200,0,https://www.oligopolypeptides.com/kpv-vs-thymosin-beta-4-research-comparison/,,https://www.oligopolypeptides.com/kpv-vs-thymosin-beta-4-research-comparison/,True,"follow, index, max-snippet:-1, max-video-preview:-1, max-image-preview:large",,text/html,KPV vs Thymosin Beta-4 Research Comparison | OligoPoly Laboratories,Unlock 20% Off Your First OligoPoly Order,2,True,4
https://www.oligopolypeptides.com/kpv-vs-thymosin-beta-4-research-comparison/?share=facebook,Redirects off-site,302,200,3,https://www.facebook.com/login/?next=https%3A%2F%2Fwww.facebook.com%2Fshare_channel%2F%3Ftype%3Dreshare%26link%3Dhttps%253A%252F%252Fwww.oligopolypeptides.com%252Fkpv-vs-thymosin-beta-4-research-comparison%252F%26app_id%3D966242223397117%26source_surface%3Dexternal_reshare%26display%26hashtag,https://www.facebook.com/sharer/sharer.php?u=https%3A%2F%2Fwww.oligopolypeptides.com%2Fkpv-vs-thymosin-beta-4-research-comparison%2F&t=KPV%20vs%20Thymosin%20Beta-4%20Research%20Comparison -> https://www.facebook.com/share_channel/?type=reshare&link=https%3A%2F%2Fwww.oligopolypeptides.com%2Fkpv-vs-thymosin-beta-4-research-comparison%2F&app_id=966242223397117&source_surface=external_reshare&display&hashtag -> https://www.facebook.com/login/?next=https%3A%2F%2Fwww.facebook.com%2Fshare_channel%2F%3Ftype%3Dreshare%26link%3Dhttps%253A%252F%252Fwww.oligopolypeptides.com%252Fkpv-vs-thymosin-beta-4-research-comparison%252F%26app_id%3D966242223397117%26source_surface%3Dexternal_reshare%26display%26hashtag,https://www.facebook.com/login,False,,,text/html,Facebook,,0,False,1
https://www.oligopolypeptides.com/kpv-vs-thymosin-beta-4-research-comparison/?share=x,Redirects off-site,302,200,1,https://x.com/intent/tweet?text=KPV%20vs%20Thymosin%20Beta-4%20Research%20Comparison&url=https%3A%2F%2Fwww.oligopolypeptides.com%2Fkpv-vs-thymosin-beta-4-research-comparison%2F,https://x.com/intent/tweet?text=KPV%20vs%20Thymosin%20Beta-4%20Research%20Comparison&url=https%3A%2F%2Fwww.oligopolypeptides.com%2Fkpv-vs-thymosin-beta-4-research-comparison%2F,,False,,,text/html,,JavaScript is not available.,1,False,1
https://www.oligopolypeptides.com/legal/,Indexable,200,200,0,https://www.oligopolypeptides.com/legal/,,https://www.oligopolypeptides.com/legal/,True,"follow, index, max-snippet:-1, max-video-preview:-1, max-image-preview:large",,text/html,Legal | Research Peptides & Laboratory Compounds | OligoPoly Laboratories,Unlock 20% Off Your First OligoPoly Order,2,True,0
https://www.oligopolypeptides.com/legal/?share=facebook,Redirects off-site,302,200,3,https://www.facebook.com/login/?next=https%3A%2F%2Fwww.facebook.com%2Fshare_channel%2F%3Ftype%3Dreshare%26link%3Dhttps%253A%252F%252Fwww.oligopolypeptides.com%252Flegal%252F%26app_id%3D966242223397117%26source_surface%3Dexternal_reshare%26display%26hashtag,https://www.facebook.com/sharer/sharer.php?u=https%3A%2F%2Fwww.oligopolypeptides.com%2Flegal%2F&t=Legal -> https://www.facebook.com/share_channel/?type=reshare&link=https%3A%2F%2Fwww.oligopolypeptides.com%2Flegal%2F&app_id=966242223397117&source_surface=external_reshare&display&hashtag -> https://www.facebook.com/login/?next=https%3A%2F%2Fwww.facebook.com%2Fshare_channel%2F%3Ftype%3Dreshare%26link%3Dhttps%253A%252F%252Fwww.oligopolypeptides.com%252Flegal%252F%26app_id%3D966242223397117%26source_surface%3Dexternal_reshare%26display%26hashtag,https://www.facebook.com/login,False,,,text/html,Facebook,,0,False,1
https://www.oligopolypeptides.com/legal/?share=x,Redirects off-site,302,200,1,https://x.com/intent/tweet?text=Legal&url=https%3A%2F%2Fwww.oligopolypeptides.com%2Flegal%2F,https://x.com/intent/tweet?text=Legal&url=https%3A%2F%2Fwww.oligopolypeptides.com%2Flegal%2F,,False,,,text/html,,JavaScript is not available.,1,False,1
https://www.oligopolypeptides.com/longevity-research-blends/,Indexable,200,200,0,https://www.oligopolypeptides.com/longevity-research-blends/,,https://www.oligopolypeptides.com/longevity-research-blends/,True,"follow, index, max-snippet:-1, max-video-preview:-1, max-image-preview:large",,text/html,Longevity Research Blends | MOTS-c/SS-31 & Epitalon/Pinealon | OligoPoly Laboratories,Unlock 20% Off Your First OligoPoly Order,3,True,1
https://www.oligopolypeptides.com/longevity-research-blends/?share=facebook,Redirects off-site,302,200,3,https://www.facebook.com/login/?next=https%3A%2F%2Fwww.facebook.com%2Fshare_channel%2F%3Ftype%3Dreshare%26link%3Dhttps%253A%252F%252Fwww.oligopolypeptides.com%252Flongevity-research-blends%252F%26app_id%3D966242223397117%26source_surface%3Dexternal_reshare%26display%26hashtag,https://www.facebook.com/sharer/sharer.php?u=https%3A%2F%2Fwww.oligopolypeptides.com%2Flongevity-research-blends%2F&t=Senescence%20%26%20Telomere%20Signaling%20Blends -> https://www.facebook.com/share_channel/?type=reshare&link=https%3A%2F%2Fwww.oligopolypeptides.com%2Flongevity-research-blends%2F&app_id=966242223397117&source_surface=external_reshare&display&hashtag -> https://www.facebook.com/login/?next=https%3A%2F%2Fwww.facebook.com%2Fshare_channel%2F%3Ftype%3Dreshare%26link%3Dhttps%253A%252F%252Fwww.oligopolypeptides.com%252Flongevity-research-blends%252F%26app_id%3D966242223397117%26source_surface%3Dexternal_reshare%26display%26hashtag,https://www.facebook.com/login,False,,,text/html,Facebook,,0,False,1
https://www.oligopolypeptides.com/longevity-research-blends/?share=x,Redirects off-site,302,200,1,https://x.com/intent/tweet?text=Senescence%20%26%20Telomere%20Signaling%20Blends&url=https%3A%2F%2Fwww.oligopolypeptides.com%2Flongevity-research-blends%2F,https://x.com/intent/tweet?text=Senescence%20%26%20Telomere%20Signaling%20Blends&url=https%3A%2F%2Fwww.oligopolypeptides.com%2Flongevity-research-blends%2F,,False,,,text/html,,JavaScript is not available.,1,False,1
https://www.oligopolypeptides.com/metabolic-peptide-comparison/,Indexable,200,200,0,https://www.oligopolypeptides.com/metabolic-peptide-comparison/,,https://www.oligopolypeptides.com/metabolic-peptide-comparison/,True,"follow, index, max-snippet:-1, max-video-preview:-1, max-image-preview:large",,text/html,Metabolic Peptide Comparison Hub | OligoPoly,Unlock 20% Off Your First OligoPoly Order,3,True,26
https://www.oligopolypeptides.com/metabolic-peptide-comparison/?share=facebook,Redirects off-site,302,200,3,https://www.facebook.com/login/?next=https%3A%2F%2Fwww.facebook.com%2Fshare_channel%2F%3Ftype%3Dreshare%26link%3Dhttps%253A%252F%252Fwww.oligopolypeptides.com%252Fmetabolic-peptide-comparison%252F%26app_id%3D966242223397117%26source_surface%3Dexternal_reshare%26display%26hashtag,https://www.facebook.com/sharer/sharer.php?u=https%3A%2F%2Fwww.oligopolypeptides.com%2Fmetabolic-peptide-comparison%2F&t=Metabolic%20Peptide%20Comparison%20Hub%20%E2%80%94%20GLP-1%2C%20Dual%20%26%20Triple%20Agonist%20Research%20Index -> https://www.facebook.com/share_channel/?type=reshare&link=https%3A%2F%2Fwww.oligopolypeptides.com%2Fmetabolic-peptide-comparison%2F&app_id=966242223397117&source_surface=external_reshare&display&hashtag -> https://www.facebook.com/login/?next=https%3A%2F%2Fwww.facebook.com%2Fshare_channel%2F%3Ftype%3Dreshare%26link%3Dhttps%253A%252F%252Fwww.oligopolypeptides.com%252Fmetabolic-peptide-comparison%252F%26app_id%3D966242223397117%26source_surface%3Dexternal_reshare%26display%26hashtag,https://www.facebook.com/login,False,,,text/html,Facebook,,0,False,1
https://www.oligopolypeptides.com/metabolic-peptide-comparison/?share=x,Redirects off-site,302,200,1,https://x.com/intent/tweet?text=Metabolic%20Peptide%20Comparison%20Hub%20%E2%80%94%20GLP-1%2C%20Dual%20%26%20Triple%20Agonist%20Research%20Index&url=https%3A%2F%2Fwww.oligopolypeptides.com%2Fmetabolic-peptide-comparison%2F,https://x.com/intent/tweet?text=Metabolic%20Peptide%20Comparison%20Hub%20%E2%80%94%20GLP-1%2C%20Dual%20%26%20Triple%20Agonist%20Research%20Index&url=https%3A%2F%2Fwww.oligopolypeptides.com%2Fmetabolic-peptide-comparison%2F,,False,,,text/html,,JavaScript is not available.,1,False,1
https://www.oligopolypeptides.com/metabolic-research-blends/,Indexable,200,200,0,https://www.oligopolypeptides.com/metabolic-research-blends/,,https://www.oligopolypeptides.com/metabolic-research-blends/,True,"follow, index, max-snippet:-1, max-video-preview:-1, max-image-preview:large",,text/html,Metabolic Research Blends | GLP-Pathway Peptide Formulations | OligoPoly Laboratories,Unlock 20% Off Your First OligoPoly Order,3,True,2
https://www.oligopolypeptides.com/metabolic-research-blends/?share=facebook,Redirects off-site,302,200,3,https://www.facebook.com/login/?next=https%3A%2F%2Fwww.facebook.com%2Fshare_channel%2F%3Ftype%3Dreshare%26link%3Dhttps%253A%252F%252Fwww.oligopolypeptides.com%252Fmetabolic-research-blends%252F%26app_id%3D966242223397117%26source_surface%3Dexternal_reshare%26display%26hashtag,https://www.facebook.com/sharer/sharer.php?u=https%3A%2F%2Fwww.oligopolypeptides.com%2Fmetabolic-research-blends%2F&t=Endocrine%20Receptor%20Ligands%20Blends -> https://www.facebook.com/share_channel/?type=reshare&link=https%3A%2F%2Fwww.oligopolypeptides.com%2Fmetabolic-research-blends%2F&app_id=966242223397117&source_surface=external_reshare&display&hashtag -> https://www.facebook.com/login/?next=https%3A%2F%2Fwww.facebook.com%2Fshare_channel%2F%3Ftype%3Dreshare%26link%3Dhttps%253A%252F%252Fwww.oligopolypeptides.com%252Fmetabolic-research-blends%252F%26app_id%3D966242223397117%26source_surface%3Dexternal_reshare%26display%26hashtag,https://www.facebook.com/login,False,,,text/html,Facebook,,0,False,1
https://www.oligopolypeptides.com/metabolic-research-blends/?share=x,Redirects off-site,302,200,1,https://x.com/intent/tweet?text=Endocrine%20Receptor%20Ligands%20Blends&url=https%3A%2F%2Fwww.oligopolypeptides.com%2Fmetabolic-research-blends%2F,https://x.com/intent/tweet?text=Endocrine%20Receptor%20Ligands%20Blends&url=https%3A%2F%2Fwww.oligopolypeptides.com%2Fmetabolic-research-blends%2F,,False,,,text/html,,JavaScript is not available.,1,False,1
https://www.oligopolypeptides.com/metabolic-research-hub/,Page with redirect,301,200,1,https://www.oligopolypeptides.com/endocrine-receptor-hub/,https://www.oligopolypeptides.com/endocrine-receptor-hub/,https://www.oligopolypeptides.com/endocrine-receptor-hub/,True,"follow, index, max-snippet:-1, max-video-preview:-1, max-image-preview:large",,text/html,Endocrine Receptor Hub | OligoPoly Laboratories,Unlock 20% Off Your First OligoPoly Order,3,False,3
https://www.oligopolypeptides.com/mitochondrial-redox-signaling/,Page with redirect,301,200,1,https://www.oligopolypeptides.com/cellular-research/,https://www.oligopolypeptides.com/cellular-research/,https://www.oligopolypeptides.com/cellular-research/,True,"follow, index, max-snippet:-1, max-video-preview:-1, max-image-preview:large",,text/html,Cellular Research Peptides | OligoPoly,Unlock 20% Off Your First OligoPoly Order,3,False,2
https://www.oligopolypeptides.com/mitochondrial-research-peptides-guide/,Indexable,200,200,0,https://www.oligopolypeptides.com/mitochondrial-research-peptides-guide/,,https://www.oligopolypeptides.com/mitochondrial-research-peptides-guide/,True,"follow, index, max-snippet:-1, max-video-preview:-1, max-image-preview:large",,text/html,Mitochondrial Research Peptides Guide | OligoPoly Laboratories,Unlock 20% Off Your First OligoPoly Order,2,True,4
https://www.oligopolypeptides.com/mitochondrial-research-peptides-guide/?share=facebook,Redirects off-site,302,200,3,https://www.facebook.com/login/?next=https%3A%2F%2Fwww.facebook.com%2Fshare_channel%2F%3Ftype%3Dreshare%26link%3Dhttps%253A%252F%252Fwww.oligopolypeptides.com%252Fmitochondrial-research-peptides-guide%252F%26app_id%3D966242223397117%26source_surface%3Dexternal_reshare%26display%26hashtag,https://www.facebook.com/sharer/sharer.php?u=https%3A%2F%2Fwww.oligopolypeptides.com%2Fmitochondrial-research-peptides-guide%2F&t=Mitochondrial%20Research%20Peptides%20Guide -> https://www.facebook.com/share_channel/?type=reshare&link=https%3A%2F%2Fwww.oligopolypeptides.com%2Fmitochondrial-research-peptides-guide%2F&app_id=966242223397117&source_surface=external_reshare&display&hashtag -> https://www.facebook.com/login/?next=https%3A%2F%2Fwww.facebook.com%2Fshare_channel%2F%3Ftype%3Dreshare%26link%3Dhttps%253A%252F%252Fwww.oligopolypeptides.com%252Fmitochondrial-research-peptides-guide%252F%26app_id%3D966242223397117%26source_surface%3Dexternal_reshare%26display%26hashtag,https://www.facebook.com/login,False,,,text/html,Facebook,,0,False,1
https://www.oligopolypeptides.com/mitochondrial-research-peptides-guide/?share=x,Redirects off-site,302,200,1,https://x.com/intent/tweet?text=Mitochondrial%20Research%20Peptides%20Guide&url=https%3A%2F%2Fwww.oligopolypeptides.com%2Fmitochondrial-research-peptides-guide%2F,https://x.com/intent/tweet?text=Mitochondrial%20Research%20Peptides%20Guide&url=https%3A%2F%2Fwww.oligopolypeptides.com%2Fmitochondrial-research-peptides-guide%2F,,False,,,text/html,,JavaScript is not available.,1,False,1
https://www.oligopolypeptides.com/mitochondrial-research-peptides-mots-c-ss-31/,Indexable,200,200,0,https://www.oligopolypeptides.com/mitochondrial-research-peptides-mots-c-ss-31/,,https://www.oligopolypeptides.com/mitochondrial-research-peptides-mots-c-ss-31/,True,"follow, index, max-snippet:-1, max-video-preview:-1, max-image-preview:large",,text/html,"Mitochondrial Research Peptides: MOTS-c, SS-31, and the Cellular Longevity Literature | Research Peptides Guide | OligoPoly Laboratories",Unlock 20% Off Your First OligoPoly Order,2,True,3
https://www.oligopolypeptides.com/mitochondrial-research-peptides-mots-c-ss-31/?share=facebook,Redirects off-site,302,200,3,https://www.facebook.com/login/?next=https%3A%2F%2Fwww.facebook.com%2Fshare_channel%2F%3Ftype%3Dreshare%26link%3Dhttps%253A%252F%252Fwww.oligopolypeptides.com%252Fmitochondrial-research-peptides-mots-c-ss-31%252F%26app_id%3D966242223397117%26source_surface%3Dexternal_reshare%26display%26hashtag,https://www.facebook.com/sharer/sharer.php?u=https%3A%2F%2Fwww.oligopolypeptides.com%2Fmitochondrial-research-peptides-mots-c-ss-31%2F&t=Mitochondrial%20Research%20Peptides%3A%20MOTS-c%2C%20SS-31%2C%20and%20the%20Cellular%20Longevity%20Literature -> https://www.facebook.com/share_channel/?type=reshare&link=https%3A%2F%2Fwww.oligopolypeptides.com%2Fmitochondrial-research-peptides-mots-c-ss-31%2F&app_id=966242223397117&source_surface=external_reshare&display&hashtag -> https://www.facebook.com/login/?next=https%3A%2F%2Fwww.facebook.com%2Fshare_channel%2F%3Ftype%3Dreshare%26link%3Dhttps%253A%252F%252Fwww.oligopolypeptides.com%252Fmitochondrial-research-peptides-mots-c-ss-31%252F%26app_id%3D966242223397117%26source_surface%3Dexternal_reshare%26display%26hashtag,https://www.facebook.com/login,False,,,text/html,Facebook,,0,False,1
https://www.oligopolypeptides.com/mitochondrial-research-peptides-mots-c-ss-31/?share=x,Redirects off-site,302,200,1,https://x.com/intent/tweet?text=Mitochondrial%20Research%20Peptides%3A%20MOTS-c%2C%20SS-31%2C%20and%20the%20Cellular%20Longevity%20Literature&url=https%3A%2F%2Fwww.oligopolypeptides.com%2Fmitochondrial-research-peptides-mots-c-ss-31%2F,https://x.com/intent/tweet?text=Mitochondrial%20Research%20Peptides%3A%20MOTS-c%2C%20SS-31%2C%20and%20the%20Cellular%20Longevity%20Literature&url=https%3A%2F%2Fwww.oligopolypeptides.com%2Fmitochondrial-research-peptides-mots-c-ss-31%2F,,False,,,text/html,,JavaScript is not available.,1,False,1
https://www.oligopolypeptides.com/mots-c-ss-31-blend-mitochondrial-research/,Indexable,200,200,0,https://www.oligopolypeptides.com/mots-c-ss-31-blend-mitochondrial-research/,,https://www.oligopolypeptides.com/mots-c-ss-31-blend-mitochondrial-research/,True,"follow, index, max-snippet:-1, max-video-preview:-1, max-image-preview:large",,text/html,MOTS-c and SS-31 Research Blend: Mitochondrial Pathway Investigation Design | OligoPoly,Unlock 20% Off Your First OligoPoly Order,3,True,1
https://www.oligopolypeptides.com/mots-c-ss-31-blend-mitochondrial-research/?share=facebook,Redirects off-site,302,200,3,https://www.facebook.com/login/?next=https%3A%2F%2Fwww.facebook.com%2Fshare_channel%2F%3Ftype%3Dreshare%26link%3Dhttps%253A%252F%252Fwww.oligopolypeptides.com%252Fmots-c-ss-31-blend-mitochondrial-research%252F%26app_id%3D966242223397117%26source_surface%3Dexternal_reshare%26display%26hashtag,https://www.facebook.com/sharer/sharer.php?u=https%3A%2F%2Fwww.oligopolypeptides.com%2Fmots-c-ss-31-blend-mitochondrial-research%2F&t=MOTS-c%20and%20SS-31%20Research%20Blend%3A%20Mitochondrial%20Pathway%20Investigation%20Design -> https://www.facebook.com/share_channel/?type=reshare&link=https%3A%2F%2Fwww.oligopolypeptides.com%2Fmots-c-ss-31-blend-mitochondrial-research%2F&app_id=966242223397117&source_surface=external_reshare&display&hashtag -> https://www.facebook.com/login/?next=https%3A%2F%2Fwww.facebook.com%2Fshare_channel%2F%3Ftype%3Dreshare%26link%3Dhttps%253A%252F%252Fwww.oligopolypeptides.com%252Fmots-c-ss-31-blend-mitochondrial-research%252F%26app_id%3D966242223397117%26source_surface%3Dexternal_reshare%26display%26hashtag,https://www.facebook.com/login,False,,,text/html,Facebook,,0,False,1
https://www.oligopolypeptides.com/mots-c-ss-31-blend-mitochondrial-research/?share=x,Redirects off-site,302,200,1,https://x.com/intent/tweet?text=MOTS-c%20and%20SS-31%20Research%20Blend%3A%20Mitochondrial%20Pathway%20Investigation%20Design&url=https%3A%2F%2Fwww.oligopolypeptides.com%2Fmots-c-ss-31-blend-mitochondrial-research%2F,https://x.com/intent/tweet?text=MOTS-c%20and%20SS-31%20Research%20Blend%3A%20Mitochondrial%20Pathway%20Investigation%20Design&url=https%3A%2F%2Fwww.oligopolypeptides.com%2Fmots-c-ss-31-blend-mitochondrial-research%2F,,False,,,text/html,,JavaScript is not available.,1,False,1
https://www.oligopolypeptides.com/mots-c-ss-31-research-comparison/,Indexable,200,200,0,https://www.oligopolypeptides.com/mots-c-ss-31-research-comparison/,,https://www.oligopolypeptides.com/mots-c-ss-31-research-comparison/,True,"follow, index, max-snippet:-1, max-video-preview:-1, max-image-preview:large",,text/html,MOTS-c + SS-31 Research Comparison | OligoPoly Laboratories,Unlock 20% Off Your First OligoPoly Order,2,True,4
https://www.oligopolypeptides.com/mots-c-ss-31-research-comparison/?share=facebook,Redirects off-site,302,200,3,https://www.facebook.com/login/?next=https%3A%2F%2Fwww.facebook.com%2Fshare_channel%2F%3Ftype%3Dreshare%26link%3Dhttps%253A%252F%252Fwww.oligopolypeptides.com%252Fmots-c-ss-31-research-comparison%252F%26app_id%3D966242223397117%26source_surface%3Dexternal_reshare%26display%26hashtag,https://www.facebook.com/sharer/sharer.php?u=https%3A%2F%2Fwww.oligopolypeptides.com%2Fmots-c-ss-31-research-comparison%2F&t=MOTS-c%20%2B%20SS-31%20Research%20Comparison -> https://www.facebook.com/share_channel/?type=reshare&link=https%3A%2F%2Fwww.oligopolypeptides.com%2Fmots-c-ss-31-research-comparison%2F&app_id=966242223397117&source_surface=external_reshare&display&hashtag -> https://www.facebook.com/login/?next=https%3A%2F%2Fwww.facebook.com%2Fshare_channel%2F%3Ftype%3Dreshare%26link%3Dhttps%253A%252F%252Fwww.oligopolypeptides.com%252Fmots-c-ss-31-research-comparison%252F%26app_id%3D966242223397117%26source_surface%3Dexternal_reshare%26display%26hashtag,https://www.facebook.com/login,False,,,text/html,Facebook,,0,False,1
https://www.oligopolypeptides.com/mots-c-ss-31-research-comparison/?share=x,Redirects off-site,302,200,1,https://x.com/intent/tweet?text=MOTS-c%20%2B%20SS-31%20Research%20Comparison&url=https%3A%2F%2Fwww.oligopolypeptides.com%2Fmots-c-ss-31-research-comparison%2F,https://x.com/intent/tweet?text=MOTS-c%20%2B%20SS-31%20Research%20Comparison&url=https%3A%2F%2Fwww.oligopolypeptides.com%2Fmots-c-ss-31-research-comparison%2F,,False,,,text/html,,JavaScript is not available.,1,False,1
https://www.oligopolypeptides.com/multi-compound-peptide-research-study-design/,Indexable,200,200,0,https://www.oligopolypeptides.com/multi-compound-peptide-research-study-design/,,https://www.oligopolypeptides.com/multi-compound-peptide-research-study-design/,True,"follow, index, max-snippet:-1, max-video-preview:-1, max-image-preview:large",,text/html,How to Design a Multi-Compound Peptide Research Study Using Blend Formulations | OligoPoly,Unlock 20% Off Your First OligoPoly Order,3,True,1
https://www.oligopolypeptides.com/multi-compound-peptide-research-study-design/?share=facebook,Redirects off-site,302,200,3,https://www.facebook.com/login/?next=https%3A%2F%2Fwww.facebook.com%2Fshare_channel%2F%3Ftype%3Dreshare%26link%3Dhttps%253A%252F%252Fwww.oligopolypeptides.com%252Fmulti-compound-peptide-research-study-design%252F%26app_id%3D966242223397117%26source_surface%3Dexternal_reshare%26display%26hashtag,https://www.facebook.com/sharer/sharer.php?u=https%3A%2F%2Fwww.oligopolypeptides.com%2Fmulti-compound-peptide-research-study-design%2F&t=How%20to%20Design%20a%20Multi-Compound%20Peptide%20Research%20Study%20Using%20Blend%20Formulations -> https://www.facebook.com/share_channel/?type=reshare&link=https%3A%2F%2Fwww.oligopolypeptides.com%2Fmulti-compound-peptide-research-study-design%2F&app_id=966242223397117&source_surface=external_reshare&display&hashtag -> https://www.facebook.com/login/?next=https%3A%2F%2Fwww.facebook.com%2Fshare_channel%2F%3Ftype%3Dreshare%26link%3Dhttps%253A%252F%252Fwww.oligopolypeptides.com%252Fmulti-compound-peptide-research-study-design%252F%26app_id%3D966242223397117%26source_surface%3Dexternal_reshare%26display%26hashtag,https://www.facebook.com/login,False,,,text/html,Facebook,,0,False,1
https://www.oligopolypeptides.com/multi-compound-peptide-research-study-design/?share=x,Redirects off-site,302,200,1,https://x.com/intent/tweet?text=How%20to%20Design%20a%20Multi-Compound%20Peptide%20Research%20Study%20Using%20Blend%20Formulations&url=https%3A%2F%2Fwww.oligopolypeptides.com%2Fmulti-compound-peptide-research-study-design%2F,https://x.com/intent/tweet?text=How%20to%20Design%20a%20Multi-Compound%20Peptide%20Research%20Study%20Using%20Blend%20Formulations&url=https%3A%2F%2Fwww.oligopolypeptides.com%2Fmulti-compound-peptide-research-study-design%2F,,False,,,text/html,,JavaScript is not available.,1,False,1
https://www.oligopolypeptides.com/multi-pathway-peptide-research/,Indexable,200,200,0,https://www.oligopolypeptides.com/multi-pathway-peptide-research/,,https://www.oligopolypeptides.com/multi-pathway-peptide-research/,True,"follow, index, max-snippet:-1, max-video-preview:-1, max-image-preview:large",,text/html,Multi-Pathway Peptide Research | OligoPoly,Unlock 20% Off Your First OligoPoly Order,3,True,3
https://www.oligopolypeptides.com/multi-pathway-peptide-research/?share=facebook,Redirects off-site,302,200,3,https://www.facebook.com/login/?next=https%3A%2F%2Fwww.facebook.com%2Fshare_channel%2F%3Ftype%3Dreshare%26link%3Dhttps%253A%252F%252Fwww.oligopolypeptides.com%252Fmulti-pathway-peptide-research%252F%26app_id%3D966242223397117%26source_surface%3Dexternal_reshare%26display%26hashtag,https://www.facebook.com/sharer/sharer.php?u=https%3A%2F%2Fwww.oligopolypeptides.com%2Fmulti-pathway-peptide-research%2F&t=Multi-Pathway%20Peptide%20Research%20%E2%80%94%20Combining%20Metabolic%2C%20Recovery%20%26%20Longevity%20Compounds -> https://www.facebook.com/share_channel/?type=reshare&link=https%3A%2F%2Fwww.oligopolypeptides.com%2Fmulti-pathway-peptide-research%2F&app_id=966242223397117&source_surface=external_reshare&display&hashtag -> https://www.facebook.com/login/?next=https%3A%2F%2Fwww.facebook.com%2Fshare_channel%2F%3Ftype%3Dreshare%26link%3Dhttps%253A%252F%252Fwww.oligopolypeptides.com%252Fmulti-pathway-peptide-research%252F%26app_id%3D966242223397117%26source_surface%3Dexternal_reshare%26display%26hashtag,https://www.facebook.com/login,False,,,text/html,Facebook,,0,False,1
https://www.oligopolypeptides.com/multi-pathway-peptide-research/?share=x,Redirects off-site,302,200,1,https://x.com/intent/tweet?text=Multi-Pathway%20Peptide%20Research%20%E2%80%94%20Combining%20Metabolic%2C%20Recovery%20%26%20Longevity%20Compounds&url=https%3A%2F%2Fwww.oligopolypeptides.com%2Fmulti-pathway-peptide-research%2F,https://x.com/intent/tweet?text=Multi-Pathway%20Peptide%20Research%20%E2%80%94%20Combining%20Metabolic%2C%20Recovery%20%26%20Longevity%20Compounds&url=https%3A%2F%2Fwww.oligopolypeptides.com%2Fmulti-pathway-peptide-research%2F,,False,,,text/html,,JavaScript is not available.,1,False,1
https://www.oligopolypeptides.com/my-account/,Excluded by 'noindex' tag,200,200,0,https://www.oligopolypeptides.com/my-account/,,,False,"noindex, follow",,text/html,My account | Research Peptides & Laboratory Compounds | OligoPoly Laboratories,My account,1,False,233
https://www.oligopolypeptides.com/my-account/lost-password/,Excluded by 'noindex' tag,200,200,0,https://www.oligopolypeptides.com/my-account/lost-password/,,,False,"noindex, follow",noindex,text/html,My account | Research Peptides & Laboratory Compounds | OligoPoly Laboratories,Lost password,1,False,5
https://www.oligopolypeptides.com/neuropeptide-signaling-peptides-semax-selank-dihexa/,Not found (404),404,404,0,https://www.oligopolypeptides.com/neuropeptide-signaling-peptides-semax-selank-dihexa/,,,False,"follow, noindex",,text/html,Page Not Found | OligoPoly Laboratories,Unlock 20% Off Your First OligoPoly Order,2,False,2
https://www.oligopolypeptides.com/orii/,Indexable,200,200,0,https://www.oligopolypeptides.com/orii/,,https://www.oligopolypeptides.com/orii/,True,"follow, index, max-snippet:-1, max-video-preview:-1, max-image-preview:large",,text/html,OligoPoly Research Integrity Initiative | Research Peptides & Laboratory Compounds | OligoPoly Laboratories,Unlock 20% Off Your First OligoPoly Order,2,True,0
https://www.oligopolypeptides.com/orii/?share=facebook,Redirects off-site,302,200,3,https://www.facebook.com/login/?next=https%3A%2F%2Fwww.facebook.com%2Fshare_channel%2F%3Ftype%3Dreshare%26link%3Dhttps%253A%252F%252Fwww.oligopolypeptides.com%252Forii%252F%26app_id%3D966242223397117%26source_surface%3Dexternal_reshare%26display%26hashtag,https://www.facebook.com/sharer/sharer.php?u=https%3A%2F%2Fwww.oligopolypeptides.com%2Forii%2F&t=OligoPoly%20Research%20Integrity%20Initiative -> https://www.facebook.com/share_channel/?type=reshare&link=https%3A%2F%2Fwww.oligopolypeptides.com%2Forii%2F&app_id=966242223397117&source_surface=external_reshare&display&hashtag -> https://www.facebook.com/login/?next=https%3A%2F%2Fwww.facebook.com%2Fshare_channel%2F%3Ftype%3Dreshare%26link%3Dhttps%253A%252F%252Fwww.oligopolypeptides.com%252Forii%252F%26app_id%3D966242223397117%26source_surface%3Dexternal_reshare%26display%26hashtag,https://www.facebook.com/login,False,,,text/html,Facebook,,0,False,1
https://www.oligopolypeptides.com/orii/?share=x,Redirects off-site,302,200,1,https://x.com/intent/tweet?text=OligoPoly%20Research%20Integrity%20Initiative&url=https%3A%2F%2Fwww.oligopolypeptides.com%2Forii%2F,https://x.com/intent/tweet?text=OligoPoly%20Research%20Integrity%20Initiative&url=https%3A%2F%2Fwww.oligopolypeptides.com%2Forii%2F,,False,,,text/html,,JavaScript is not available.,1,False,1
https://www.oligopolypeptides.com/peptide-catalog/,Indexable,200,200,0,https://www.oligopolypeptides.com/peptide-catalog/,,https://www.oligopolypeptides.com/peptide-catalog/,True,"follow, index, max-snippet:-1, max-video-preview:-1, max-image-preview:large",,text/html,Peptide Catalog | Research Peptides & Laboratory Compounds | OligoPoly Laboratories,Unlock 20% Off Your First OligoPoly Order,3,True,9
https://www.oligopolypeptides.com/peptide-catalog/?share=facebook,Redirects off-site,302,200,3,https://www.facebook.com/login/?next=https%3A%2F%2Fwww.facebook.com%2Fshare_channel%2F%3Ftype%3Dreshare%26link%3Dhttps%253A%252F%252Fwww.oligopolypeptides.com%252Fpeptide-catalog%252F%26app_id%3D966242223397117%26source_surface%3Dexternal_reshare%26display%26hashtag,https://www.facebook.com/sharer/sharer.php?u=https%3A%2F%2Fwww.oligopolypeptides.com%2Fpeptide-catalog%2F&t=Peptide%20Catalog -> https://www.facebook.com/share_channel/?type=reshare&link=https%3A%2F%2Fwww.oligopolypeptides.com%2Fpeptide-catalog%2F&app_id=966242223397117&source_surface=external_reshare&display&hashtag -> https://www.facebook.com/login/?next=https%3A%2F%2Fwww.facebook.com%2Fshare_channel%2F%3Ftype%3Dreshare%26link%3Dhttps%253A%252F%252Fwww.oligopolypeptides.com%252Fpeptide-catalog%252F%26app_id%3D966242223397117%26source_surface%3Dexternal_reshare%26display%26hashtag,https://www.facebook.com/login,False,,,text/html,Facebook,,0,False,1
https://www.oligopolypeptides.com/peptide-catalog/?share=x,Redirects off-site,302,200,1,https://x.com/intent/tweet?text=Peptide%20Catalog&url=https%3A%2F%2Fwww.oligopolypeptides.com%2Fpeptide-catalog%2F,https://x.com/intent/tweet?text=Peptide%20Catalog&url=https%3A%2F%2Fwww.oligopolypeptides.com%2Fpeptide-catalog%2F,,False,,,text/html,,JavaScript is not available.,1,False,1
https://www.oligopolypeptides.com/peptide-finder/,Indexable,200,200,0,https://www.oligopolypeptides.com/peptide-finder/,,https://www.oligopolypeptides.com/peptide-finder/,True,"follow, index, max-snippet:-1, max-video-preview:-1, max-image-preview:large",,text/html,Peptide Finder | Research Use Product Discovery | OligoPoly Laboratories,Unlock 20% Off Your First OligoPoly Order,2,True,233
https://www.oligopolypeptides.com/peptide-finder/?share=facebook,Redirects off-site,302,200,3,https://www.facebook.com/login/?next=https%3A%2F%2Fwww.facebook.com%2Fshare_channel%2F%3Ftype%3Dreshare%26link%3Dhttps%253A%252F%252Fwww.oligopolypeptides.com%252Fpeptide-finder%252F%26app_id%3D966242223397117%26source_surface%3Dexternal_reshare%26display%26hashtag,https://www.facebook.com/sharer/sharer.php?u=https%3A%2F%2Fwww.oligopolypeptides.com%2Fpeptide-finder%2F&t=Peptide%20Finder -> https://www.facebook.com/share_channel/?type=reshare&link=https%3A%2F%2Fwww.oligopolypeptides.com%2Fpeptide-finder%2F&app_id=966242223397117&source_surface=external_reshare&display&hashtag -> https://www.facebook.com/login/?next=https%3A%2F%2Fwww.facebook.com%2Fshare_channel%2F%3Ftype%3Dreshare%26link%3Dhttps%253A%252F%252Fwww.oligopolypeptides.com%252Fpeptide-finder%252F%26app_id%3D966242223397117%26source_surface%3Dexternal_reshare%26display%26hashtag,https://www.facebook.com/login,False,,,text/html,Facebook,,0,False,1
https://www.oligopolypeptides.com/peptide-finder/?share=x,Redirects off-site,302,200,1,https://x.com/intent/tweet?text=Peptide%20Finder&url=https%3A%2F%2Fwww.oligopolypeptides.com%2Fpeptide-finder%2F,https://x.com/intent/tweet?text=Peptide%20Finder&url=https%3A%2F%2Fwww.oligopolypeptides.com%2Fpeptide-finder%2F,,False,,,text/html,,JavaScript is not available.,1,False,1
https://www.oligopolypeptides.com/peptide-finder/cellular-health/,Page with redirect,301,200,2,https://www.oligopolypeptides.com/senescence-biology-hub/,https://www.oligopolypeptides.com/cellular-longevity-hub/ -> https://www.oligopolypeptides.com/senescence-biology-hub/,https://www.oligopolypeptides.com/senescence-biology-hub/,True,"follow, index, max-snippet:-1, max-video-preview:-1, max-image-preview:large",,text/html,Senescence Biology Hub | OligoPoly Laboratories,Unlock 20% Off Your First OligoPoly Order,3,True,0
https://www.oligopolypeptides.com/peptide-finder/immune-research/,Page with redirect,301,200,1,https://www.oligopolypeptides.com/research-collections/,https://www.oligopolypeptides.com/research-collections/,https://www.oligopolypeptides.com/research-collections/,True,"follow, index, max-snippet:-1, max-video-preview:-1, max-image-preview:large",,text/html,Research Collections | Research Peptides & Laboratory Compounds | OligoPoly Laboratories,Unlock 20% Off Your First OligoPoly Order,1,True,0
https://www.oligopolypeptides.com/peptide-finder/muscle-growth/,Page with redirect,301,200,1,https://www.oligopolypeptides.com/endocrine-receptor-hub/,https://www.oligopolypeptides.com/endocrine-receptor-hub/,https://www.oligopolypeptides.com/endocrine-receptor-hub/,True,"follow, index, max-snippet:-1, max-video-preview:-1, max-image-preview:large",,text/html,Endocrine Receptor Hub | OligoPoly Laboratories,Unlock 20% Off Your First OligoPoly Order,3,True,0
https://www.oligopolypeptides.com/peptide-half-life-research/,Indexable,200,200,0,https://www.oligopolypeptides.com/peptide-half-life-research/,,https://www.oligopolypeptides.com/peptide-half-life-research/,True,"follow, index, max-snippet:-1, max-video-preview:-1, max-image-preview:large",,text/html,Peptide Half-Life Research | Pharmacokinetics Guide | OligoPoly Laboratories,Unlock 20% Off Your First OligoPoly Order,3,True,7
https://www.oligopolypeptides.com/peptide-half-life-research/?share=facebook,Redirects off-site,302,200,3,https://www.facebook.com/login/?next=https%3A%2F%2Fwww.facebook.com%2Fshare_channel%2F%3Ftype%3Dreshare%26link%3Dhttps%253A%252F%252Fwww.oligopolypeptides.com%252Fpeptide-half-life-research%252F%26app_id%3D966242223397117%26source_surface%3Dexternal_reshare%26display%26hashtag,https://www.facebook.com/sharer/sharer.php?u=https%3A%2F%2Fwww.oligopolypeptides.com%2Fpeptide-half-life-research%2F&t=Peptide%20Half-Life%20%26%20Pharmacokinetics%20Research%20Guide -> https://www.facebook.com/share_channel/?type=reshare&link=https%3A%2F%2Fwww.oligopolypeptides.com%2Fpeptide-half-life-research%2F&app_id=966242223397117&source_surface=external_reshare&display&hashtag -> https://www.facebook.com/login/?next=https%3A%2F%2Fwww.facebook.com%2Fshare_channel%2F%3Ftype%3Dreshare%26link%3Dhttps%253A%252F%252Fwww.oligopolypeptides.com%252Fpeptide-half-life-research%252F%26app_id%3D966242223397117%26source_surface%3Dexternal_reshare%26display%26hashtag,https://www.facebook.com/login,False,,,text/html,Facebook,,0,False,1
https://www.oligopolypeptides.com/peptide-half-life-research/?share=x,Redirects off-site,302,200,1,https://x.com/intent/tweet?text=Peptide%20Half-Life%20%26%20Pharmacokinetics%20Research%20Guide&url=https%3A%2F%2Fwww.oligopolypeptides.com%2Fpeptide-half-life-research%2F,https://x.com/intent/tweet?text=Peptide%20Half-Life%20%26%20Pharmacokinetics%20Research%20Guide&url=https%3A%2F%2Fwww.oligopolypeptides.com%2Fpeptide-half-life-research%2F,,False,,,text/html,,JavaScript is not available.,1,False,1
https://www.oligopolypeptides.com/peptide-purity-guide/,Indexable,200,200,0,https://www.oligopolypeptides.com/peptide-purity-guide/,,https://www.oligopolypeptides.com/peptide-purity-guide/,True,"follow, index, max-snippet:-1, max-video-preview:-1, max-image-preview:large",,text/html,Peptide Purity Guide | OligoPoly,Unlock 20% Off Your First OligoPoly Order,3,True,7
https://www.oligopolypeptides.com/peptide-purity-guide/?share=facebook,Redirects off-site,302,200,3,https://www.facebook.com/login/?next=https%3A%2F%2Fwww.facebook.com%2Fshare_channel%2F%3Ftype%3Dreshare%26link%3Dhttps%253A%252F%252Fwww.oligopolypeptides.com%252Fpeptide-purity-guide%252F%26app_id%3D966242223397117%26source_surface%3Dexternal_reshare%26display%26hashtag,https://www.facebook.com/sharer/sharer.php?u=https%3A%2F%2Fwww.oligopolypeptides.com%2Fpeptide-purity-guide%2F&t=Peptide%20Purity%20Guide%20%E2%80%94%20Understanding%20HPLC%2C%20LC-MS%20%26%20COA%20Documentation -> https://www.facebook.com/share_channel/?type=reshare&link=https%3A%2F%2Fwww.oligopolypeptides.com%2Fpeptide-purity-guide%2F&app_id=966242223397117&source_surface=external_reshare&display&hashtag -> https://www.facebook.com/login/?next=https%3A%2F%2Fwww.facebook.com%2Fshare_channel%2F%3Ftype%3Dreshare%26link%3Dhttps%253A%252F%252Fwww.oligopolypeptides.com%252Fpeptide-purity-guide%252F%26app_id%3D966242223397117%26source_surface%3Dexternal_reshare%26display%26hashtag,https://www.facebook.com/login,False,,,text/html,Facebook,,0,False,1
https://www.oligopolypeptides.com/peptide-purity-guide/?share=x,Redirects off-site,302,200,1,https://x.com/intent/tweet?text=Peptide%20Purity%20Guide%20%E2%80%94%20Understanding%20HPLC%2C%20LC-MS%20%26%20COA%20Documentation&url=https%3A%2F%2Fwww.oligopolypeptides.com%2Fpeptide-purity-guide%2F,https://x.com/intent/tweet?text=Peptide%20Purity%20Guide%20%E2%80%94%20Understanding%20HPLC%2C%20LC-MS%20%26%20COA%20Documentation&url=https%3A%2F%2Fwww.oligopolypeptides.com%2Fpeptide-purity-guide%2F,,False,,,text/html,,JavaScript is not available.,1,False,1
https://www.oligopolypeptides.com/peptide-reconstitution-guide/,Page with redirect,301,200,1,https://www.oligopolypeptides.com/peptide-storage-handling-guide/,https://www.oligopolypeptides.com/peptide-storage-handling-guide/,https://www.oligopolypeptides.com/peptide-storage-handling-guide/,True,"follow, index, max-snippet:-1, max-video-preview:-1, max-image-preview:large",,text/html,Peptide Storage & Handling Guide | OligoPoly,Unlock 20% Off Your First OligoPoly Order,2,False,40
https://www.oligopolypeptides.com/peptide-science/,Indexable,200,200,0,https://www.oligopolypeptides.com/peptide-science/,,https://www.oligopolypeptides.com/peptide-science/,True,"follow, index, max-snippet:-1, max-video-preview:-1, max-image-preview:large",,text/html,Peptide Science Guide | OligoPoly,Unlock 20% Off Your First OligoPoly Order,3,True,233
https://www.oligopolypeptides.com/peptide-science/?share=facebook,Redirects off-site,302,200,3,https://www.facebook.com/login/?next=https%3A%2F%2Fwww.facebook.com%2Fshare_channel%2F%3Ftype%3Dreshare%26link%3Dhttps%253A%252F%252Fwww.oligopolypeptides.com%252Fpeptide-science%252F%26app_id%3D966242223397117%26source_surface%3Dexternal_reshare%26display%26hashtag,https://www.facebook.com/sharer/sharer.php?u=https%3A%2F%2Fwww.oligopolypeptides.com%2Fpeptide-science%2F&t=Peptide%20Science%20Guide%20%7C%20Research%20Peptides%20Explained%20%7C%20OligoPoly%20Laboratories -> https://www.facebook.com/share_channel/?type=reshare&link=https%3A%2F%2Fwww.oligopolypeptides.com%2Fpeptide-science%2F&app_id=966242223397117&source_surface=external_reshare&display&hashtag -> https://www.facebook.com/login/?next=https%3A%2F%2Fwww.facebook.com%2Fshare_channel%2F%3Ftype%3Dreshare%26link%3Dhttps%253A%252F%252Fwww.oligopolypeptides.com%252Fpeptide-science%252F%26app_id%3D966242223397117%26source_surface%3Dexternal_reshare%26display%26hashtag,https://www.facebook.com/login,False,,,text/html,Facebook,,0,False,1
https://www.oligopolypeptides.com/peptide-science/?share=x,Redirects off-site,302,200,1,https://x.com/intent/tweet?text=Peptide%20Science%20Guide%20%7C%20Research%20Peptides%20Explained%20%7C%20OligoPoly%20Laboratories&url=https%3A%2F%2Fwww.oligopolypeptides.com%2Fpeptide-science%2F,https://x.com/intent/tweet?text=Peptide%20Science%20Guide%20%7C%20Research%20Peptides%20Explained%20%7C%20OligoPoly%20Laboratories&url=https%3A%2F%2Fwww.oligopolypeptides.com%2Fpeptide-science%2F,,False,,,text/html,,JavaScript is not available.,1,False,1
https://www.oligopolypeptides.com/peptide-storage-handling-guide/,Indexable,200,200,0,https://www.oligopolypeptides.com/peptide-storage-handling-guide/,,https://www.oligopolypeptides.com/peptide-storage-handling-guide/,True,"follow, index, max-snippet:-1, max-video-preview:-1, max-image-preview:large",,text/html,Peptide Storage & Handling Guide | OligoPoly,Unlock 20% Off Your First OligoPoly Order,2,True,233
https://www.oligopolypeptides.com/press/,Indexable,200,200,0,https://www.oligopolypeptides.com/press/,,https://www.oligopolypeptides.com/press/,True,"follow, index, max-snippet:-1, max-video-preview:-1, max-image-preview:large",,text/html,Press | Research Peptides & Laboratory Compounds | OligoPoly Laboratories,Unlock 20% Off Your First OligoPoly Order,2,True,0
https://www.oligopolypeptides.com/press/?share=facebook,Redirects off-site,302,200,3,https://www.facebook.com/login/?next=https%3A%2F%2Fwww.facebook.com%2Fshare_channel%2F%3Ftype%3Dreshare%26link%3Dhttps%253A%252F%252Fwww.oligopolypeptides.com%252Fpress%252F%26app_id%3D966242223397117%26source_surface%3Dexternal_reshare%26display%26hashtag,https://www.facebook.com/sharer/sharer.php?u=https%3A%2F%2Fwww.oligopolypeptides.com%2Fpress%2F&t=Press -> https://www.facebook.com/share_channel/?type=reshare&link=https%3A%2F%2Fwww.oligopolypeptides.com%2Fpress%2F&app_id=966242223397117&source_surface=external_reshare&display&hashtag -> https://www.facebook.com/login/?next=https%3A%2F%2Fwww.facebook.com%2Fshare_channel%2F%3Ftype%3Dreshare%26link%3Dhttps%253A%252F%252Fwww.oligopolypeptides.com%252Fpress%252F%26app_id%3D966242223397117%26source_surface%3Dexternal_reshare%26display%26hashtag,https://www.facebook.com/login,False,,,text/html,Facebook,,0,False,1
https://www.oligopolypeptides.com/press/?share=x,Redirects off-site,302,200,1,https://x.com/intent/tweet?text=Press&url=https%3A%2F%2Fwww.oligopolypeptides.com%2Fpress%2F,https://x.com/intent/tweet?text=Press&url=https%3A%2F%2Fwww.oligopolypeptides.com%2Fpress%2F,,False,,,text/html,,JavaScript is not available.,1,False,1
https://www.oligopolypeptides.com/privacy-policy/,Indexable,200,200,0,https://www.oligopolypeptides.com/privacy-policy/,,https://www.oligopolypeptides.com/privacy-policy/,True,"follow, index, max-snippet:-1, max-video-preview:-1, max-image-preview:large",,text/html,Privacy Policy | OligoPoly Laboratories,Privacy Policy,2,True,233
https://www.oligopolypeptides.com/privacy-policy/?share=facebook,Redirects off-site,302,200,3,https://www.facebook.com/login/?next=https%3A%2F%2Fwww.facebook.com%2Fshare_channel%2F%3Ftype%3Dreshare%26link%3Dhttps%253A%252F%252Fwww.oligopolypeptides.com%252Fprivacy-policy%252F%26app_id%3D966242223397117%26source_surface%3Dexternal_reshare%26display%26hashtag,https://www.facebook.com/sharer/sharer.php?u=https%3A%2F%2Fwww.oligopolypeptides.com%2Fprivacy-policy%2F&t=Privacy%20Policy -> https://www.facebook.com/share_channel/?type=reshare&link=https%3A%2F%2Fwww.oligopolypeptides.com%2Fprivacy-policy%2F&app_id=966242223397117&source_surface=external_reshare&display&hashtag -> https://www.facebook.com/login/?next=https%3A%2F%2Fwww.facebook.com%2Fshare_channel%2F%3Ftype%3Dreshare%26link%3Dhttps%253A%252F%252Fwww.oligopolypeptides.com%252Fprivacy-policy%252F%26app_id%3D966242223397117%26source_surface%3Dexternal_reshare%26display%26hashtag,https://www.facebook.com/login,False,,,text/html,Facebook,,0,False,1
https://www.oligopolypeptides.com/privacy-policy/?share=x,Redirects off-site,302,200,1,https://x.com/intent/tweet?text=Privacy%20Policy&url=https%3A%2F%2Fwww.oligopolypeptides.com%2Fprivacy-policy%2F,https://x.com/intent/tweet?text=Privacy%20Policy&url=https%3A%2F%2Fwww.oligopolypeptides.com%2Fprivacy-policy%2F,,False,,,text/html,,JavaScript is not available.,1,False,1
https://www.oligopolypeptides.com/product-category/build-your-own-research-collection-eligible/,Indexable,200,200,0,https://www.oligopolypeptides.com/product-category/build-your-own-research-collection-eligible/,,https://www.oligopolypeptides.com/product-category/build-your-own-research-collection-eligible/,True,"follow, index, max-snippet:-1, max-video-preview:-1, max-image-preview:large",,text/html,Build Your Own Research Collection Eligible | Research Peptides | OligoPoly Laboratories,Unlock 20% Off Your First OligoPoly Order,2,True,20
https://www.oligopolypeptides.com/product-category/build-your-own-research-collection-eligible/?add-to-cart=1942,Alternate page with proper canonical tag,200,200,0,https://www.oligopolypeptides.com/product-category/build-your-own-research-collection-eligible/?add-to-cart=1942,,https://www.oligopolypeptides.com/product-category/build-your-own-research-collection-eligible/,False,"follow, index, max-snippet:-1, max-video-preview:-1, max-image-preview:large",,text/html,Build Your Own Research Collection Eligible | Research Peptides | OligoPoly Laboratories,Unlock 20% Off Your First OligoPoly Order,2,False,1
https://www.oligopolypeptides.com/product-category/build-your-own-research-collection-eligible/?add-to-cart=1948,Alternate page with proper canonical tag,200,200,0,https://www.oligopolypeptides.com/product-category/build-your-own-research-collection-eligible/?add-to-cart=1948,,https://www.oligopolypeptides.com/product-category/build-your-own-research-collection-eligible/,False,"follow, index, max-snippet:-1, max-video-preview:-1, max-image-preview:large",,text/html,Build Your Own Research Collection Eligible | Research Peptides | OligoPoly Laboratories,Unlock 20% Off Your First OligoPoly Order,2,False,1
https://www.oligopolypeptides.com/product-category/build-your-own-research-collection-eligible/?add-to-cart=3397,Alternate page with proper canonical tag,200,200,0,https://www.oligopolypeptides.com/product-category/build-your-own-research-collection-eligible/?add-to-cart=3397,,https://www.oligopolypeptides.com/product-category/build-your-own-research-collection-eligible/,False,"follow, index, max-snippet:-1, max-video-preview:-1, max-image-preview:large",,text/html,Build Your Own Research Collection Eligible | Research Peptides | OligoPoly Laboratories,Unlock 20% Off Your First OligoPoly Order,2,False,1
https://www.oligopolypeptides.com/product-category/build-your-own-research-collection-eligible/?add-to-cart=3398,Alternate page with proper canonical tag,200,200,0,https://www.oligopolypeptides.com/product-category/build-your-own-research-collection-eligible/?add-to-cart=3398,,https://www.oligopolypeptides.com/product-category/build-your-own-research-collection-eligible/,False,"follow, index, max-snippet:-1, max-video-preview:-1, max-image-preview:large",,text/html,Build Your Own Research Collection Eligible | Research Peptides | OligoPoly Laboratories,Unlock 20% Off Your First OligoPoly Order,2,False,1
https://www.oligopolypeptides.com/product-category/build-your-own-research-collection-eligible/?add-to-cart=3619,Alternate page with proper canonical tag,200,200,0,https://www.oligopolypeptides.com/product-category/build-your-own-research-collection-eligible/?add-to-cart=3619,,https://www.oligopolypeptides.com/product-category/build-your-own-research-collection-eligible/,False,"follow, index, max-snippet:-1, max-video-preview:-1, max-image-preview:large",,text/html,Build Your Own Research Collection Eligible | Research Peptides | OligoPoly Laboratories,Unlock 20% Off Your First OligoPoly Order,2,False,1
https://www.oligopolypeptides.com/product-category/build-your-own-research-collection-eligible/?add-to-cart=3621,Alternate page with proper canonical tag,200,200,0,https://www.oligopolypeptides.com/product-category/build-your-own-research-collection-eligible/?add-to-cart=3621,,https://www.oligopolypeptides.com/product-category/build-your-own-research-collection-eligible/,False,"follow, index, max-snippet:-1, max-video-preview:-1, max-image-preview:large",,text/html,Build Your Own Research Collection Eligible | Research Peptides | OligoPoly Laboratories,Unlock 20% Off Your First OligoPoly Order,2,False,1
https://www.oligopolypeptides.com/product-category/build-your-own-research-collection-eligible/?add-to-cart=39,Alternate page with proper canonical tag,200,200,0,https://www.oligopolypeptides.com/product-category/build-your-own-research-collection-eligible/?add-to-cart=39,,https://www.oligopolypeptides.com/product-category/build-your-own-research-collection-eligible/,False,"follow, index, max-snippet:-1, max-video-preview:-1, max-image-preview:large",,text/html,Build Your Own Research Collection Eligible | Research Peptides | OligoPoly Laboratories,Unlock 20% Off Your First OligoPoly Order,2,False,1
https://www.oligopolypeptides.com/product-category/build-your-own-research-collection-eligible/?add-to-cart=441,Alternate page with proper canonical tag,200,200,0,https://www.oligopolypeptides.com/product-category/build-your-own-research-collection-eligible/?add-to-cart=441,,https://www.oligopolypeptides.com/product-category/build-your-own-research-collection-eligible/,False,"follow, index, max-snippet:-1, max-video-preview:-1, max-image-preview:large",,text/html,Build Your Own Research Collection Eligible | Research Peptides | OligoPoly Laboratories,Unlock 20% Off Your First OligoPoly Order,2,False,1
https://www.oligopolypeptides.com/product-category/build-your-own-research-collection-eligible/?add-to-cart=443,Alternate page with proper canonical tag,200,200,0,https://www.oligopolypeptides.com/product-category/build-your-own-research-collection-eligible/?add-to-cart=443,,https://www.oligopolypeptides.com/product-category/build-your-own-research-collection-eligible/,False,"follow, index, max-snippet:-1, max-video-preview:-1, max-image-preview:large",,text/html,Build Your Own Research Collection Eligible | Research Peptides | OligoPoly Laboratories,Unlock 20% Off Your First OligoPoly Order,2,False,1
https://www.oligopolypeptides.com/product-category/build-your-own-research-collection-eligible/?add-to-cart=455,Alternate page with proper canonical tag,200,200,0,https://www.oligopolypeptides.com/product-category/build-your-own-research-collection-eligible/?add-to-cart=455,,https://www.oligopolypeptides.com/product-category/build-your-own-research-collection-eligible/,False,"follow, index, max-snippet:-1, max-video-preview:-1, max-image-preview:large",,text/html,Build Your Own Research Collection Eligible | Research Peptides | OligoPoly Laboratories,Unlock 20% Off Your First OligoPoly Order,2,False,1
https://www.oligopolypeptides.com/product-category/build-your-own-research-collection-eligible/?add-to-cart=458,Alternate page with proper canonical tag,200,200,0,https://www.oligopolypeptides.com/product-category/build-your-own-research-collection-eligible/?add-to-cart=458,,https://www.oligopolypeptides.com/product-category/build-your-own-research-collection-eligible/,False,"follow, index, max-snippet:-1, max-video-preview:-1, max-image-preview:large",,text/html,Build Your Own Research Collection Eligible | Research Peptides | OligoPoly Laboratories,Unlock 20% Off Your First OligoPoly Order,2,False,1
https://www.oligopolypeptides.com/product-category/build-your-own-research-collection-eligible/?add-to-cart=47,Alternate page with proper canonical tag,200,200,0,https://www.oligopolypeptides.com/product-category/build-your-own-research-collection-eligible/?add-to-cart=47,,https://www.oligopolypeptides.com/product-category/build-your-own-research-collection-eligible/,False,"follow, index, max-snippet:-1, max-video-preview:-1, max-image-preview:large",,text/html,Build Your Own Research Collection Eligible | Research Peptides | OligoPoly Laboratories,Unlock 20% Off Your First OligoPoly Order,2,False,1
https://www.oligopolypeptides.com/product-category/build-your-own-research-collection-eligible/?add-to-cart=49,Alternate page with proper canonical tag,200,200,0,https://www.oligopolypeptides.com/product-category/build-your-own-research-collection-eligible/?add-to-cart=49,,https://www.oligopolypeptides.com/product-category/build-your-own-research-collection-eligible/,False,"follow, index, max-snippet:-1, max-video-preview:-1, max-image-preview:large",,text/html,Build Your Own Research Collection Eligible | Research Peptides | OligoPoly Laboratories,Unlock 20% Off Your First OligoPoly Order,2,False,1
https://www.oligopolypeptides.com/product-category/build-your-own-research-collection-eligible/?add-to-cart=55,Alternate page with proper canonical tag,200,200,0,https://www.oligopolypeptides.com/product-category/build-your-own-research-collection-eligible/?add-to-cart=55,,https://www.oligopolypeptides.com/product-category/build-your-own-research-collection-eligible/,False,"follow, index, max-snippet:-1, max-video-preview:-1, max-image-preview:large",,text/html,Build Your Own Research Collection Eligible | Research Peptides | OligoPoly Laboratories,Unlock 20% Off Your First OligoPoly Order,2,False,1
https://www.oligopolypeptides.com/product-category/build-your-own-research-collection-eligible/?add-to-cart=60,Alternate page with proper canonical tag,200,200,0,https://www.oligopolypeptides.com/product-category/build-your-own-research-collection-eligible/?add-to-cart=60,,https://www.oligopolypeptides.com/product-category/build-your-own-research-collection-eligible/,False,"follow, index, max-snippet:-1, max-video-preview:-1, max-image-preview:large",,text/html,Build Your Own Research Collection Eligible | Research Peptides | OligoPoly Laboratories,Unlock 20% Off Your First OligoPoly Order,2,False,1
https://www.oligopolypeptides.com/product-category/build-your-own-research-collection-eligible/?add-to-cart=63,Alternate page with proper canonical tag,200,200,0,https://www.oligopolypeptides.com/product-category/build-your-own-research-collection-eligible/?add-to-cart=63,,https://www.oligopolypeptides.com/product-category/build-your-own-research-collection-eligible/,False,"follow, index, max-snippet:-1, max-video-preview:-1, max-image-preview:large",,text/html,Build Your Own Research Collection Eligible | Research Peptides | OligoPoly Laboratories,Unlock 20% Off Your First OligoPoly Order,2,False,1
https://www.oligopolypeptides.com/product-category/build-your-own-research-collection-eligible/page/2/,Excluded by 'noindex' tag,200,200,0,https://www.oligopolypeptides.com/product-category/build-your-own-research-collection-eligible/page/2/,,,False,"follow, noindex",,text/html,Build Your Own Research Collection Eligible | Research Peptides | OligoPoly Laboratories,Unlock 20% Off Your First OligoPoly Order,2,False,1
https://www.oligopolypeptides.com/product-category/cellular-energy-research/,Indexable,200,200,0,https://www.oligopolypeptides.com/product-category/cellular-energy-research/,,https://www.oligopolypeptides.com/product-category/cellular-energy-research/,True,"follow, index, max-snippet:-1, max-video-preview:-1, max-image-preview:large",,text/html,Cellular Energy Research | Research Peptides | OligoPoly Laboratories,Unlock 20% Off Your First OligoPoly Order,2,True,233
https://www.oligopolypeptides.com/product-category/cellular-energy-research/?add-to-cart=3459,Alternate page with proper canonical tag,200,200,0,https://www.oligopolypeptides.com/product-category/cellular-energy-research/?add-to-cart=3459,,https://www.oligopolypeptides.com/product-category/cellular-energy-research/,False,"follow, index, max-snippet:-1, max-video-preview:-1, max-image-preview:large",,text/html,Cellular Energy Research | Research Peptides | OligoPoly Laboratories,Unlock 20% Off Your First OligoPoly Order,2,False,1
https://www.oligopolypeptides.com/product-category/cellular-energy-research/?add-to-cart=443,Alternate page with proper canonical tag,200,200,0,https://www.oligopolypeptides.com/product-category/cellular-energy-research/?add-to-cart=443,,https://www.oligopolypeptides.com/product-category/cellular-energy-research/,False,"follow, index, max-snippet:-1, max-video-preview:-1, max-image-preview:large",,text/html,Cellular Energy Research | Research Peptides | OligoPoly Laboratories,Unlock 20% Off Your First OligoPoly Order,2,False,1
https://www.oligopolypeptides.com/product-category/cellular-energy-research/?add-to-cart=63,Alternate page with proper canonical tag,200,200,0,https://www.oligopolypeptides.com/product-category/cellular-energy-research/?add-to-cart=63,,https://www.oligopolypeptides.com/product-category/cellular-energy-research/,False,"follow, index, max-snippet:-1, max-video-preview:-1, max-image-preview:large",,text/html,Cellular Energy Research | Research Peptides | OligoPoly Laboratories,Unlock 20% Off Your First OligoPoly Order,2,False,1
https://www.oligopolypeptides.com/product-category/cognitive-systems-research/,Indexable,200,200,0,https://www.oligopolypeptides.com/product-category/cognitive-systems-research/,,https://www.oligopolypeptides.com/product-category/cognitive-systems-research/,True,"follow, index, max-snippet:-1, max-video-preview:-1, max-image-preview:large",,text/html,Cognitive Systems Research | Research Peptides | OligoPoly Laboratories,Unlock 20% Off Your First OligoPoly Order,2,True,233
https://www.oligopolypeptides.com/product-category/cognitive-systems-research/?add-to-cart=3463,Alternate page with proper canonical tag,200,200,0,https://www.oligopolypeptides.com/product-category/cognitive-systems-research/?add-to-cart=3463,,https://www.oligopolypeptides.com/product-category/cognitive-systems-research/,False,"follow, index, max-snippet:-1, max-video-preview:-1, max-image-preview:large",,text/html,Cognitive Systems Research | Research Peptides | OligoPoly Laboratories,Unlock 20% Off Your First OligoPoly Order,2,False,1
https://www.oligopolypeptides.com/product-category/cognitive-systems-research/?add-to-cart=446,Alternate page with proper canonical tag,200,200,0,https://www.oligopolypeptides.com/product-category/cognitive-systems-research/?add-to-cart=446,,https://www.oligopolypeptides.com/product-category/cognitive-systems-research/,False,"follow, index, max-snippet:-1, max-video-preview:-1, max-image-preview:large",,text/html,Cognitive Systems Research | Research Peptides | OligoPoly Laboratories,Unlock 20% Off Your First OligoPoly Order,2,False,1
https://www.oligopolypeptides.com/product-category/cognitive-systems-research/?add-to-cart=447,Alternate page with proper canonical tag,200,200,0,https://www.oligopolypeptides.com/product-category/cognitive-systems-research/?add-to-cart=447,,https://www.oligopolypeptides.com/product-category/cognitive-systems-research/,False,"follow, index, max-snippet:-1, max-video-preview:-1, max-image-preview:large",,text/html,Cognitive Systems Research | Research Peptides | OligoPoly Laboratories,Unlock 20% Off Your First OligoPoly Order,2,False,1
https://www.oligopolypeptides.com/product-category/cognitive-systems-research/?add-to-cart=458,Alternate page with proper canonical tag,200,200,0,https://www.oligopolypeptides.com/product-category/cognitive-systems-research/?add-to-cart=458,,https://www.oligopolypeptides.com/product-category/cognitive-systems-research/,False,"follow, index, max-snippet:-1, max-video-preview:-1, max-image-preview:large",,text/html,Cognitive Systems Research | Research Peptides | OligoPoly Laboratories,Unlock 20% Off Your First OligoPoly Order,2,False,1
https://www.oligopolypeptides.com/product-category/cognitive-systems-research/?add-to-cart=459,Alternate page with proper canonical tag,200,200,0,https://www.oligopolypeptides.com/product-category/cognitive-systems-research/?add-to-cart=459,,https://www.oligopolypeptides.com/product-category/cognitive-systems-research/,False,"follow, index, max-snippet:-1, max-video-preview:-1, max-image-preview:large",,text/html,Cognitive Systems Research | Research Peptides | OligoPoly Laboratories,Unlock 20% Off Your First OligoPoly Order,2,False,1
https://www.oligopolypeptides.com/product-category/endocrine-receptor-ligands/,Indexable,200,200,0,https://www.oligopolypeptides.com/product-category/endocrine-receptor-ligands/,,https://www.oligopolypeptides.com/product-category/endocrine-receptor-ligands/,True,"follow, index, max-snippet:-1, max-video-preview:-1, max-image-preview:large",,text/html,Endocrine Receptor Ligands | OligoPoly Laboratories,Unlock 20% Off Your First OligoPoly Order,2,True,13
https://www.oligopolypeptides.com/product-category/endocrine-receptor-ligands/?add-to-cart=12,Alternate page with proper canonical tag,200,200,0,https://www.oligopolypeptides.com/product-category/endocrine-receptor-ligands/?add-to-cart=12,,https://www.oligopolypeptides.com/product-category/endocrine-receptor-ligands/,False,"follow, index, max-snippet:-1, max-video-preview:-1, max-image-preview:large",,text/html,Endocrine Receptor Ligands | OligoPoly Laboratories,Unlock 20% Off Your First OligoPoly Order,2,False,1
https://www.oligopolypeptides.com/product-category/endocrine-receptor-ligands/?add-to-cart=3395,Alternate page with proper canonical tag,200,200,0,https://www.oligopolypeptides.com/product-category/endocrine-receptor-ligands/?add-to-cart=3395,,https://www.oligopolypeptides.com/product-category/endocrine-receptor-ligands/,False,"follow, index, max-snippet:-1, max-video-preview:-1, max-image-preview:large",,text/html,Endocrine Receptor Ligands | OligoPoly Laboratories,Unlock 20% Off Your First OligoPoly Order,2,False,1
https://www.oligopolypeptides.com/product-category/endocrine-receptor-ligands/?add-to-cart=3396,Alternate page with proper canonical tag,200,200,0,https://www.oligopolypeptides.com/product-category/endocrine-receptor-ligands/?add-to-cart=3396,,https://www.oligopolypeptides.com/product-category/endocrine-receptor-ligands/,False,"follow, index, max-snippet:-1, max-video-preview:-1, max-image-preview:large",,text/html,Endocrine Receptor Ligands | OligoPoly Laboratories,Unlock 20% Off Your First OligoPoly Order,2,False,1
https://www.oligopolypeptides.com/product-category/endocrine-receptor-ligands/?add-to-cart=3397,Alternate page with proper canonical tag,200,200,0,https://www.oligopolypeptides.com/product-category/endocrine-receptor-ligands/?add-to-cart=3397,,https://www.oligopolypeptides.com/product-category/endocrine-receptor-ligands/,False,"follow, index, max-snippet:-1, max-video-preview:-1, max-image-preview:large",,text/html,Endocrine Receptor Ligands | OligoPoly Laboratories,Unlock 20% Off Your First OligoPoly Order,2,False,1
https://www.oligopolypeptides.com/product-category/endocrine-receptor-ligands/?add-to-cart=3454,Alternate page with proper canonical tag,200,200,0,https://www.oligopolypeptides.com/product-category/endocrine-receptor-ligands/?add-to-cart=3454,,https://www.oligopolypeptides.com/product-category/endocrine-receptor-ligands/,False,"follow, index, max-snippet:-1, max-video-preview:-1, max-image-preview:large",,text/html,Endocrine Receptor Ligands | OligoPoly Laboratories,Unlock 20% Off Your First OligoPoly Order,2,False,1
https://www.oligopolypeptides.com/product-category/endocrine-receptor-ligands/?add-to-cart=3457,Alternate page with proper canonical tag,200,200,0,https://www.oligopolypeptides.com/product-category/endocrine-receptor-ligands/?add-to-cart=3457,,https://www.oligopolypeptides.com/product-category/endocrine-receptor-ligands/,False,"follow, index, max-snippet:-1, max-video-preview:-1, max-image-preview:large",,text/html,Endocrine Receptor Ligands | OligoPoly Laboratories,Unlock 20% Off Your First OligoPoly Order,2,False,1
https://www.oligopolypeptides.com/product-category/endocrine-receptor-ligands/?add-to-cart=3465,Alternate page with proper canonical tag,200,200,0,https://www.oligopolypeptides.com/product-category/endocrine-receptor-ligands/?add-to-cart=3465,,https://www.oligopolypeptides.com/product-category/endocrine-receptor-ligands/,False,"follow, index, max-snippet:-1, max-video-preview:-1, max-image-preview:large",,text/html,Endocrine Receptor Ligands | OligoPoly Laboratories,Unlock 20% Off Your First OligoPoly Order,2,False,1
https://www.oligopolypeptides.com/product-category/endocrine-receptor-ligands/?add-to-cart=3470,Alternate page with proper canonical tag,200,200,0,https://www.oligopolypeptides.com/product-category/endocrine-receptor-ligands/?add-to-cart=3470,,https://www.oligopolypeptides.com/product-category/endocrine-receptor-ligands/,False,"follow, index, max-snippet:-1, max-video-preview:-1, max-image-preview:large",,text/html,Endocrine Receptor Ligands | OligoPoly Laboratories,Unlock 20% Off Your First OligoPoly Order,2,False,1
https://www.oligopolypeptides.com/product-category/endocrine-receptor-ligands/?add-to-cart=3472,Alternate page with proper canonical tag,200,200,0,https://www.oligopolypeptides.com/product-category/endocrine-receptor-ligands/?add-to-cart=3472,,https://www.oligopolypeptides.com/product-category/endocrine-receptor-ligands/,False,"follow, index, max-snippet:-1, max-video-preview:-1, max-image-preview:large",,text/html,Endocrine Receptor Ligands | OligoPoly Laboratories,Unlock 20% Off Your First OligoPoly Order,2,False,1
https://www.oligopolypeptides.com/product-category/endocrine-receptor-ligands/?add-to-cart=3620,Alternate page with proper canonical tag,200,200,0,https://www.oligopolypeptides.com/product-category/endocrine-receptor-ligands/?add-to-cart=3620,,https://www.oligopolypeptides.com/product-category/endocrine-receptor-ligands/,False,"follow, index, max-snippet:-1, max-video-preview:-1, max-image-preview:large",,text/html,Endocrine Receptor Ligands | OligoPoly Laboratories,Unlock 20% Off Your First OligoPoly Order,2,False,1
https://www.oligopolypeptides.com/product-category/endocrine-receptor-ligands/?add-to-cart=39,Alternate page with proper canonical tag,200,200,0,https://www.oligopolypeptides.com/product-category/endocrine-receptor-ligands/?add-to-cart=39,,https://www.oligopolypeptides.com/product-category/endocrine-receptor-ligands/,False,"follow, index, max-snippet:-1, max-video-preview:-1, max-image-preview:large",,text/html,Endocrine Receptor Ligands | OligoPoly Laboratories,Unlock 20% Off Your First OligoPoly Order,2,False,1
https://www.oligopolypeptides.com/product-category/endocrine-receptor-ligands/?add-to-cart=436,Alternate page with proper canonical tag,200,200,0,https://www.oligopolypeptides.com/product-category/endocrine-receptor-ligands/?add-to-cart=436,,https://www.oligopolypeptides.com/product-category/endocrine-receptor-ligands/,False,"follow, index, max-snippet:-1, max-video-preview:-1, max-image-preview:large",,text/html,Endocrine Receptor Ligands | OligoPoly Laboratories,Unlock 20% Off Your First OligoPoly Order,2,False,1
https://www.oligopolypeptides.com/product-category/endocrine-receptor-ligands/?add-to-cart=47,Alternate page with proper canonical tag,200,200,0,https://www.oligopolypeptides.com/product-category/endocrine-receptor-ligands/?add-to-cart=47,,https://www.oligopolypeptides.com/product-category/endocrine-receptor-ligands/,False,"follow, index, max-snippet:-1, max-video-preview:-1, max-image-preview:large",,text/html,Endocrine Receptor Ligands | OligoPoly Laboratories,Unlock 20% Off Your First OligoPoly Order,2,False,1
https://www.oligopolypeptides.com/product-category/extracellular-matrix-signaling/,Indexable,200,200,0,https://www.oligopolypeptides.com/product-category/extracellular-matrix-signaling/,,https://www.oligopolypeptides.com/product-category/extracellular-matrix-signaling/,True,"follow, index, max-snippet:-1, max-video-preview:-1, max-image-preview:large",,text/html,Extracellular Matrix Signaling | OligoPoly Laboratories,Unlock 20% Off Your First OligoPoly Order,2,True,8
https://www.oligopolypeptides.com/product-category/extracellular-matrix-signaling/?add-to-cart=3398,Alternate page with proper canonical tag,200,200,0,https://www.oligopolypeptides.com/product-category/extracellular-matrix-signaling/?add-to-cart=3398,,https://www.oligopolypeptides.com/product-category/extracellular-matrix-signaling/,False,"follow, index, max-snippet:-1, max-video-preview:-1, max-image-preview:large",,text/html,Extracellular Matrix Signaling | OligoPoly Laboratories,Unlock 20% Off Your First OligoPoly Order,2,False,1
https://www.oligopolypeptides.com/product-category/extracellular-matrix-signaling/?add-to-cart=455,Alternate page with proper canonical tag,200,200,0,https://www.oligopolypeptides.com/product-category/extracellular-matrix-signaling/?add-to-cart=455,,https://www.oligopolypeptides.com/product-category/extracellular-matrix-signaling/,False,"follow, index, max-snippet:-1, max-video-preview:-1, max-image-preview:large",,text/html,Extracellular Matrix Signaling | OligoPoly Laboratories,Unlock 20% Off Your First OligoPoly Order,2,False,1
https://www.oligopolypeptides.com/product-category/extracellular-matrix-signaling/?add-to-cart=49,Alternate page with proper canonical tag,200,200,0,https://www.oligopolypeptides.com/product-category/extracellular-matrix-signaling/?add-to-cart=49,,https://www.oligopolypeptides.com/product-category/extracellular-matrix-signaling/,False,"follow, index, max-snippet:-1, max-video-preview:-1, max-image-preview:large",,text/html,Extracellular Matrix Signaling | OligoPoly Laboratories,Unlock 20% Off Your First OligoPoly Order,2,False,1
https://www.oligopolypeptides.com/product-category/extracellular-matrix-signaling/?add-to-cart=55,Alternate page with proper canonical tag,200,200,0,https://www.oligopolypeptides.com/product-category/extracellular-matrix-signaling/?add-to-cart=55,,https://www.oligopolypeptides.com/product-category/extracellular-matrix-signaling/,False,"follow, index, max-snippet:-1, max-video-preview:-1, max-image-preview:large",,text/html,Extracellular Matrix Signaling | OligoPoly Laboratories,Unlock 20% Off Your First OligoPoly Order,2,False,1
https://www.oligopolypeptides.com/product-category/ghrh-ghs-r-ligands/,Indexable,200,200,0,https://www.oligopolypeptides.com/product-category/ghrh-ghs-r-ligands/,,https://www.oligopolypeptides.com/product-category/ghrh-ghs-r-ligands/,True,"follow, index, max-snippet:-1, max-video-preview:-1, max-image-preview:large",,text/html,GHRH & GHS-R Ligands | OligoPoly Laboratories,Unlock 20% Off Your First OligoPoly Order,2,True,1
https://www.oligopolypeptides.com/product-category/ghrh-ghs-r-ligands/?add-to-cart=3619,Alternate page with proper canonical tag,200,200,0,https://www.oligopolypeptides.com/product-category/ghrh-ghs-r-ligands/?add-to-cart=3619,,https://www.oligopolypeptides.com/product-category/ghrh-ghs-r-ligands/,False,"follow, index, max-snippet:-1, max-video-preview:-1, max-image-preview:large",,text/html,GHRH & GHS-R Ligands | OligoPoly Laboratories,Unlock 20% Off Your First OligoPoly Order,2,False,1
https://www.oligopolypeptides.com/product-category/innate-immune-signaling/,Indexable,200,200,0,https://www.oligopolypeptides.com/product-category/innate-immune-signaling/,,https://www.oligopolypeptides.com/product-category/innate-immune-signaling/,True,"follow, index, max-snippet:-1, max-video-preview:-1, max-image-preview:large",,text/html,Innate Immune Signaling | OligoPoly Laboratories,Unlock 20% Off Your First OligoPoly Order,2,True,1
https://www.oligopolypeptides.com/product-category/metabolic-systems-research/,Indexable,200,200,0,https://www.oligopolypeptides.com/product-category/metabolic-systems-research/,,https://www.oligopolypeptides.com/product-category/metabolic-systems-research/,True,"follow, index, max-snippet:-1, max-video-preview:-1, max-image-preview:large",,text/html,Metabolic Systems Research | Research Peptides | OligoPoly Laboratories,Unlock 20% Off Your First OligoPoly Order,2,True,233
https://www.oligopolypeptides.com/product-category/metabolic-systems-research/?add-to-cart=12,Alternate page with proper canonical tag,200,200,0,https://www.oligopolypeptides.com/product-category/metabolic-systems-research/?add-to-cart=12,,https://www.oligopolypeptides.com/product-category/metabolic-systems-research/,False,"follow, index, max-snippet:-1, max-video-preview:-1, max-image-preview:large",,text/html,Metabolic Systems Research | Research Peptides | OligoPoly Laboratories,Unlock 20% Off Your First OligoPoly Order,2,False,1
https://www.oligopolypeptides.com/product-category/metabolic-systems-research/?add-to-cart=1942,Alternate page with proper canonical tag,200,200,0,https://www.oligopolypeptides.com/product-category/metabolic-systems-research/?add-to-cart=1942,,https://www.oligopolypeptides.com/product-category/metabolic-systems-research/,False,"follow, index, max-snippet:-1, max-video-preview:-1, max-image-preview:large",,text/html,Metabolic Systems Research | Research Peptides | OligoPoly Laboratories,Unlock 20% Off Your First OligoPoly Order,2,False,1
https://www.oligopolypeptides.com/product-category/metabolic-systems-research/?add-to-cart=3395,Alternate page with proper canonical tag,200,200,0,https://www.oligopolypeptides.com/product-category/metabolic-systems-research/?add-to-cart=3395,,https://www.oligopolypeptides.com/product-category/metabolic-systems-research/,False,"follow, index, max-snippet:-1, max-video-preview:-1, max-image-preview:large",,text/html,Metabolic Systems Research | Research Peptides | OligoPoly Laboratories,Unlock 20% Off Your First OligoPoly Order,2,False,1
https://www.oligopolypeptides.com/product-category/metabolic-systems-research/?add-to-cart=3396,Alternate page with proper canonical tag,200,200,0,https://www.oligopolypeptides.com/product-category/metabolic-systems-research/?add-to-cart=3396,,https://www.oligopolypeptides.com/product-category/metabolic-systems-research/,False,"follow, index, max-snippet:-1, max-video-preview:-1, max-image-preview:large",,text/html,Metabolic Systems Research | Research Peptides | OligoPoly Laboratories,Unlock 20% Off Your First OligoPoly Order,2,False,1
https://www.oligopolypeptides.com/product-category/metabolic-systems-research/?add-to-cart=3397,Alternate page with proper canonical tag,200,200,0,https://www.oligopolypeptides.com/product-category/metabolic-systems-research/?add-to-cart=3397,,https://www.oligopolypeptides.com/product-category/metabolic-systems-research/,False,"follow, index, max-snippet:-1, max-video-preview:-1, max-image-preview:large",,text/html,Metabolic Systems Research | Research Peptides | OligoPoly Laboratories,Unlock 20% Off Your First OligoPoly Order,2,False,1
https://www.oligopolypeptides.com/product-category/metabolic-systems-research/?add-to-cart=3454,Alternate page with proper canonical tag,200,200,0,https://www.oligopolypeptides.com/product-category/metabolic-systems-research/?add-to-cart=3454,,https://www.oligopolypeptides.com/product-category/metabolic-systems-research/,False,"follow, index, max-snippet:-1, max-video-preview:-1, max-image-preview:large",,text/html,Metabolic Systems Research | Research Peptides | OligoPoly Laboratories,Unlock 20% Off Your First OligoPoly Order,2,False,1
https://www.oligopolypeptides.com/product-category/metabolic-systems-research/?add-to-cart=3457,Alternate page with proper canonical tag,200,200,0,https://www.oligopolypeptides.com/product-category/metabolic-systems-research/?add-to-cart=3457,,https://www.oligopolypeptides.com/product-category/metabolic-systems-research/,False,"follow, index, max-snippet:-1, max-video-preview:-1, max-image-preview:large",,text/html,Metabolic Systems Research | Research Peptides | OligoPoly Laboratories,Unlock 20% Off Your First OligoPoly Order,2,False,1
https://www.oligopolypeptides.com/product-category/metabolic-systems-research/?add-to-cart=3465,Alternate page with proper canonical tag,200,200,0,https://www.oligopolypeptides.com/product-category/metabolic-systems-research/?add-to-cart=3465,,https://www.oligopolypeptides.com/product-category/metabolic-systems-research/,False,"follow, index, max-snippet:-1, max-video-preview:-1, max-image-preview:large",,text/html,Metabolic Systems Research | Research Peptides | OligoPoly Laboratories,Unlock 20% Off Your First OligoPoly Order,2,False,1
https://www.oligopolypeptides.com/product-category/metabolic-systems-research/?add-to-cart=3470,Alternate page with proper canonical tag,200,200,0,https://www.oligopolypeptides.com/product-category/metabolic-systems-research/?add-to-cart=3470,,https://www.oligopolypeptides.com/product-category/metabolic-systems-research/,False,"follow, index, max-snippet:-1, max-video-preview:-1, max-image-preview:large",,text/html,Metabolic Systems Research | Research Peptides | OligoPoly Laboratories,Unlock 20% Off Your First OligoPoly Order,2,False,1
https://www.oligopolypeptides.com/product-category/metabolic-systems-research/?add-to-cart=3472,Alternate page with proper canonical tag,200,200,0,https://www.oligopolypeptides.com/product-category/metabolic-systems-research/?add-to-cart=3472,,https://www.oligopolypeptides.com/product-category/metabolic-systems-research/,False,"follow, index, max-snippet:-1, max-video-preview:-1, max-image-preview:large",,text/html,Metabolic Systems Research | Research Peptides | OligoPoly Laboratories,Unlock 20% Off Your First OligoPoly Order,2,False,1
https://www.oligopolypeptides.com/product-category/metabolic-systems-research/?add-to-cart=3620,Alternate page with proper canonical tag,200,200,0,https://www.oligopolypeptides.com/product-category/metabolic-systems-research/?add-to-cart=3620,,https://www.oligopolypeptides.com/product-category/metabolic-systems-research/,False,"follow, index, max-snippet:-1, max-video-preview:-1, max-image-preview:large",,text/html,Metabolic Systems Research | Research Peptides | OligoPoly Laboratories,Unlock 20% Off Your First OligoPoly Order,2,False,1
https://www.oligopolypeptides.com/product-category/metabolic-systems-research/?add-to-cart=39,Alternate page with proper canonical tag,200,200,0,https://www.oligopolypeptides.com/product-category/metabolic-systems-research/?add-to-cart=39,,https://www.oligopolypeptides.com/product-category/metabolic-systems-research/,False,"follow, index, max-snippet:-1, max-video-preview:-1, max-image-preview:large",,text/html,Metabolic Systems Research | Research Peptides | OligoPoly Laboratories,Unlock 20% Off Your First OligoPoly Order,2,False,1
https://www.oligopolypeptides.com/product-category/metabolic-systems-research/?add-to-cart=436,Alternate page with proper canonical tag,200,200,0,https://www.oligopolypeptides.com/product-category/metabolic-systems-research/?add-to-cart=436,,https://www.oligopolypeptides.com/product-category/metabolic-systems-research/,False,"follow, index, max-snippet:-1, max-video-preview:-1, max-image-preview:large",,text/html,Metabolic Systems Research | Research Peptides | OligoPoly Laboratories,Unlock 20% Off Your First OligoPoly Order,2,False,1
https://www.oligopolypeptides.com/product-category/metabolic-systems-research/?add-to-cart=47,Alternate page with proper canonical tag,200,200,0,https://www.oligopolypeptides.com/product-category/metabolic-systems-research/?add-to-cart=47,,https://www.oligopolypeptides.com/product-category/metabolic-systems-research/,False,"follow, index, max-snippet:-1, max-video-preview:-1, max-image-preview:large",,text/html,Metabolic Systems Research | Research Peptides | OligoPoly Laboratories,Unlock 20% Off Your First OligoPoly Order,2,False,1
https://www.oligopolypeptides.com/product-category/metabolic-systems-research/?add-to-cart=60,Alternate page with proper canonical tag,200,200,0,https://www.oligopolypeptides.com/product-category/metabolic-systems-research/?add-to-cart=60,,https://www.oligopolypeptides.com/product-category/metabolic-systems-research/,False,"follow, index, max-snippet:-1, max-video-preview:-1, max-image-preview:large",,text/html,Metabolic Systems Research | Research Peptides | OligoPoly Laboratories,Unlock 20% Off Your First OligoPoly Order,2,False,1
https://www.oligopolypeptides.com/product-category/mitochondrial-redox-signaling/,Indexable,200,200,0,https://www.oligopolypeptides.com/product-category/mitochondrial-redox-signaling/,,https://www.oligopolypeptides.com/product-category/mitochondrial-redox-signaling/,True,"follow, index, max-snippet:-1, max-video-preview:-1, max-image-preview:large",,text/html,Mitochondrial & Redox Signaling | OligoPoly Laboratories,Unlock 20% Off Your First OligoPoly Order,2,True,5
https://www.oligopolypeptides.com/product-category/mitochondrial-redox-signaling/?add-to-cart=3459,Alternate page with proper canonical tag,200,200,0,https://www.oligopolypeptides.com/product-category/mitochondrial-redox-signaling/?add-to-cart=3459,,https://www.oligopolypeptides.com/product-category/mitochondrial-redox-signaling/,False,"follow, index, max-snippet:-1, max-video-preview:-1, max-image-preview:large",,text/html,Mitochondrial & Redox Signaling | OligoPoly Laboratories,Unlock 20% Off Your First OligoPoly Order,2,False,1
https://www.oligopolypeptides.com/product-category/mitochondrial-redox-signaling/?add-to-cart=443,Alternate page with proper canonical tag,200,200,0,https://www.oligopolypeptides.com/product-category/mitochondrial-redox-signaling/?add-to-cart=443,,https://www.oligopolypeptides.com/product-category/mitochondrial-redox-signaling/,False,"follow, index, max-snippet:-1, max-video-preview:-1, max-image-preview:large",,text/html,Mitochondrial & Redox Signaling | OligoPoly Laboratories,Unlock 20% Off Your First OligoPoly Order,2,False,1
https://www.oligopolypeptides.com/product-category/mitochondrial-redox-signaling/?add-to-cart=63,Alternate page with proper canonical tag,200,200,0,https://www.oligopolypeptides.com/product-category/mitochondrial-redox-signaling/?add-to-cart=63,,https://www.oligopolypeptides.com/product-category/mitochondrial-redox-signaling/,False,"follow, index, max-snippet:-1, max-video-preview:-1, max-image-preview:large",,text/html,Mitochondrial & Redox Signaling | OligoPoly Laboratories,Unlock 20% Off Your First OligoPoly Order,2,False,1
https://www.oligopolypeptides.com/product-category/multi-compound-research-formulations/,Indexable,200,200,0,https://www.oligopolypeptides.com/product-category/multi-compound-research-formulations/,,https://www.oligopolypeptides.com/product-category/multi-compound-research-formulations/,True,"follow, index, max-snippet:-1, max-video-preview:-1, max-image-preview:large",,text/html,Multi-Compound Research Formulations | OligoPoly Laboratories,Unlock 20% Off Your First OligoPoly Order,2,True,7
https://www.oligopolypeptides.com/product-category/multi-compound-research-formulations/?add-to-cart=1942,Alternate page with proper canonical tag,200,200,0,https://www.oligopolypeptides.com/product-category/multi-compound-research-formulations/?add-to-cart=1942,,https://www.oligopolypeptides.com/product-category/multi-compound-research-formulations/,False,"follow, index, max-snippet:-1, max-video-preview:-1, max-image-preview:large",,text/html,Multi-Compound Research Formulations | OligoPoly Laboratories,Unlock 20% Off Your First OligoPoly Order,2,False,1
https://www.oligopolypeptides.com/product-category/multi-compound-research-formulations/?add-to-cart=1948,Alternate page with proper canonical tag,200,200,0,https://www.oligopolypeptides.com/product-category/multi-compound-research-formulations/?add-to-cart=1948,,https://www.oligopolypeptides.com/product-category/multi-compound-research-formulations/,False,"follow, index, max-snippet:-1, max-video-preview:-1, max-image-preview:large",,text/html,Multi-Compound Research Formulations | OligoPoly Laboratories,Unlock 20% Off Your First OligoPoly Order,2,False,1
https://www.oligopolypeptides.com/product-category/multi-compound-research-formulations/?add-to-cart=3398,Alternate page with proper canonical tag,200,200,0,https://www.oligopolypeptides.com/product-category/multi-compound-research-formulations/?add-to-cart=3398,,https://www.oligopolypeptides.com/product-category/multi-compound-research-formulations/,False,"follow, index, max-snippet:-1, max-video-preview:-1, max-image-preview:large",,text/html,Multi-Compound Research Formulations | OligoPoly Laboratories,Unlock 20% Off Your First OligoPoly Order,2,False,1
https://www.oligopolypeptides.com/product-category/multi-compound-research-formulations/?add-to-cart=3621,Alternate page with proper canonical tag,200,200,0,https://www.oligopolypeptides.com/product-category/multi-compound-research-formulations/?add-to-cart=3621,,https://www.oligopolypeptides.com/product-category/multi-compound-research-formulations/,False,"follow, index, max-snippet:-1, max-video-preview:-1, max-image-preview:large",,text/html,Multi-Compound Research Formulations | OligoPoly Laboratories,Unlock 20% Off Your First OligoPoly Order,2,False,1
https://www.oligopolypeptides.com/product-category/multi-compound-research-formulations/?add-to-cart=49,Alternate page with proper canonical tag,200,200,0,https://www.oligopolypeptides.com/product-category/multi-compound-research-formulations/?add-to-cart=49,,https://www.oligopolypeptides.com/product-category/multi-compound-research-formulations/,False,"follow, index, max-snippet:-1, max-video-preview:-1, max-image-preview:large",,text/html,Multi-Compound Research Formulations | OligoPoly Laboratories,Unlock 20% Off Your First OligoPoly Order,2,False,1
https://www.oligopolypeptides.com/product-category/multi-compound-research-formulations/recovery-research-blends/,Indexable,200,200,0,https://www.oligopolypeptides.com/product-category/multi-compound-research-formulations/recovery-research-blends/,,https://www.oligopolypeptides.com/product-category/multi-compound-research-formulations/recovery-research-blends/,True,"follow, index, max-snippet:-1, max-video-preview:-1, max-image-preview:large",,text/html,Recovery Research Blends | Research Peptides | OligoPoly Laboratories,Unlock 20% Off Your First OligoPoly Order,2,True,4
https://www.oligopolypeptides.com/product-category/multi-compound-research-formulations/recovery-research-blends/?add-to-cart=3398,Alternate page with proper canonical tag,200,200,0,https://www.oligopolypeptides.com/product-category/multi-compound-research-formulations/recovery-research-blends/?add-to-cart=3398,,https://www.oligopolypeptides.com/product-category/multi-compound-research-formulations/recovery-research-blends/,False,"follow, index, max-snippet:-1, max-video-preview:-1, max-image-preview:large",,text/html,Recovery Research Blends | Research Peptides | OligoPoly Laboratories,Unlock 20% Off Your First OligoPoly Order,2,False,1
https://www.oligopolypeptides.com/product-category/multi-compound-research-formulations/recovery-research-blends/?add-to-cart=3621,Alternate page with proper canonical tag,200,200,0,https://www.oligopolypeptides.com/product-category/multi-compound-research-formulations/recovery-research-blends/?add-to-cart=3621,,https://www.oligopolypeptides.com/product-category/multi-compound-research-formulations/recovery-research-blends/,False,"follow, index, max-snippet:-1, max-video-preview:-1, max-image-preview:large",,text/html,Recovery Research Blends | Research Peptides | OligoPoly Laboratories,Unlock 20% Off Your First OligoPoly Order,2,False,1
https://www.oligopolypeptides.com/product-category/multi-compound-research-formulations/recovery-research-blends/?add-to-cart=49,Alternate page with proper canonical tag,200,200,0,https://www.oligopolypeptides.com/product-category/multi-compound-research-formulations/recovery-research-blends/?add-to-cart=49,,https://www.oligopolypeptides.com/product-category/multi-compound-research-formulations/recovery-research-blends/,False,"follow, index, max-snippet:-1, max-video-preview:-1, max-image-preview:large",,text/html,Recovery Research Blends | Research Peptides | OligoPoly Laboratories,Unlock 20% Off Your First OligoPoly Order,2,False,1
https://www.oligopolypeptides.com/product-category/neuropeptide-signaling/,Indexable,200,200,0,https://www.oligopolypeptides.com/product-category/neuropeptide-signaling/,,https://www.oligopolypeptides.com/product-category/neuropeptide-signaling/,True,"follow, index, max-snippet:-1, max-video-preview:-1, max-image-preview:large",,text/html,Neuropeptide Signaling | OligoPoly Laboratories,Unlock 20% Off Your First OligoPoly Order,2,True,0
https://www.oligopolypeptides.com/product-category/regenerative-biology-research/,Indexable,200,200,0,https://www.oligopolypeptides.com/product-category/regenerative-biology-research/,,https://www.oligopolypeptides.com/product-category/regenerative-biology-research/,True,"follow, index, max-snippet:-1, max-video-preview:-1, max-image-preview:large",,text/html,Regenerative Biology Research | Research Peptides | OligoPoly Laboratories,Unlock 20% Off Your First OligoPoly Order,2,True,233
https://www.oligopolypeptides.com/product-category/regenerative-biology-research/?add-to-cart=1948,Alternate page with proper canonical tag,200,200,0,https://www.oligopolypeptides.com/product-category/regenerative-biology-research/?add-to-cart=1948,,https://www.oligopolypeptides.com/product-category/regenerative-biology-research/,False,"follow, index, max-snippet:-1, max-video-preview:-1, max-image-preview:large",,text/html,Regenerative Biology Research | Research Peptides | OligoPoly Laboratories,Unlock 20% Off Your First OligoPoly Order,2,False,1
https://www.oligopolypeptides.com/product-category/regenerative-biology-research/?add-to-cart=3398,Alternate page with proper canonical tag,200,200,0,https://www.oligopolypeptides.com/product-category/regenerative-biology-research/?add-to-cart=3398,,https://www.oligopolypeptides.com/product-category/regenerative-biology-research/,False,"follow, index, max-snippet:-1, max-video-preview:-1, max-image-preview:large",,text/html,Regenerative Biology Research | Research Peptides | OligoPoly Laboratories,Unlock 20% Off Your First OligoPoly Order,2,False,1
https://www.oligopolypeptides.com/product-category/regenerative-biology-research/?add-to-cart=3468,Alternate page with proper canonical tag,200,200,0,https://www.oligopolypeptides.com/product-category/regenerative-biology-research/?add-to-cart=3468,,https://www.oligopolypeptides.com/product-category/regenerative-biology-research/,False,"follow, index, max-snippet:-1, max-video-preview:-1, max-image-preview:large",,text/html,Regenerative Biology Research | Research Peptides | OligoPoly Laboratories,Unlock 20% Off Your First OligoPoly Order,2,False,1
https://www.oligopolypeptides.com/product-category/regenerative-biology-research/?add-to-cart=3621,Alternate page with proper canonical tag,200,200,0,https://www.oligopolypeptides.com/product-category/regenerative-biology-research/?add-to-cart=3621,,https://www.oligopolypeptides.com/product-category/regenerative-biology-research/,False,"follow, index, max-snippet:-1, max-video-preview:-1, max-image-preview:large",,text/html,Regenerative Biology Research | Research Peptides | OligoPoly Laboratories,Unlock 20% Off Your First OligoPoly Order,2,False,1
https://www.oligopolypeptides.com/product-category/regenerative-biology-research/?add-to-cart=441,Alternate page with proper canonical tag,200,200,0,https://www.oligopolypeptides.com/product-category/regenerative-biology-research/?add-to-cart=441,,https://www.oligopolypeptides.com/product-category/regenerative-biology-research/,False,"follow, index, max-snippet:-1, max-video-preview:-1, max-image-preview:large",,text/html,Regenerative Biology Research | Research Peptides | OligoPoly Laboratories,Unlock 20% Off Your First OligoPoly Order,2,False,1
https://www.oligopolypeptides.com/product-category/regenerative-biology-research/?add-to-cart=455,Alternate page with proper canonical tag,200,200,0,https://www.oligopolypeptides.com/product-category/regenerative-biology-research/?add-to-cart=455,,https://www.oligopolypeptides.com/product-category/regenerative-biology-research/,False,"follow, index, max-snippet:-1, max-video-preview:-1, max-image-preview:large",,text/html,Regenerative Biology Research | Research Peptides | OligoPoly Laboratories,Unlock 20% Off Your First OligoPoly Order,2,False,1
https://www.oligopolypeptides.com/product-category/regenerative-biology-research/?add-to-cart=49,Alternate page with proper canonical tag,200,200,0,https://www.oligopolypeptides.com/product-category/regenerative-biology-research/?add-to-cart=49,,https://www.oligopolypeptides.com/product-category/regenerative-biology-research/,False,"follow, index, max-snippet:-1, max-video-preview:-1, max-image-preview:large",,text/html,Regenerative Biology Research | Research Peptides | OligoPoly Laboratories,Unlock 20% Off Your First OligoPoly Order,2,False,1
https://www.oligopolypeptides.com/product-category/regenerative-biology-research/?add-to-cart=52,Alternate page with proper canonical tag,200,200,0,https://www.oligopolypeptides.com/product-category/regenerative-biology-research/?add-to-cart=52,,https://www.oligopolypeptides.com/product-category/regenerative-biology-research/,False,"follow, index, max-snippet:-1, max-video-preview:-1, max-image-preview:large",,text/html,Regenerative Biology Research | Research Peptides | OligoPoly Laboratories,Unlock 20% Off Your First OligoPoly Order,2,False,1
https://www.oligopolypeptides.com/product-category/regenerative-biology-research/?add-to-cart=55,Alternate page with proper canonical tag,200,200,0,https://www.oligopolypeptides.com/product-category/regenerative-biology-research/?add-to-cart=55,,https://www.oligopolypeptides.com/product-category/regenerative-biology-research/,False,"follow, index, max-snippet:-1, max-video-preview:-1, max-image-preview:large",,text/html,Regenerative Biology Research | Research Peptides | OligoPoly Laboratories,Unlock 20% Off Your First OligoPoly Order,2,False,1
https://www.oligopolypeptides.com/product-category/research-blends-cat/,Page with redirect,301,200,1,https://www.oligopolypeptides.com/product-category/multi-compound-research-formulations/,https://www.oligopolypeptides.com/product-category/multi-compound-research-formulations/,https://www.oligopolypeptides.com/product-category/multi-compound-research-formulations/,True,"follow, index, max-snippet:-1, max-video-preview:-1, max-image-preview:large",,text/html,Multi-Compound Research Formulations | OligoPoly Laboratories,Unlock 20% Off Your First OligoPoly Order,2,False,1
https://www.oligopolypeptides.com/product-category/research-bundles/,Indexable,200,200,0,https://www.oligopolypeptides.com/product-category/research-bundles/,,https://www.oligopolypeptides.com/product-category/research-bundles/,True,"follow, index, max-snippet:-1, max-video-preview:-1, max-image-preview:large",,text/html,Research Bundles | Research Peptides | OligoPoly Laboratories,Unlock 20% Off Your First OligoPoly Order,2,True,3
https://www.oligopolypeptides.com/product-category/research-catalog/,Indexable,200,200,0,https://www.oligopolypeptides.com/product-category/research-catalog/,,https://www.oligopolypeptides.com/product-category/research-catalog/,True,"follow, index, max-snippet:-1, max-video-preview:-1, max-image-preview:large",,text/html,Research Compounds | Research Peptides | OligoPoly Laboratories,Unlock 20% Off Your First OligoPoly Order,2,True,16
https://www.oligopolypeptides.com/product-category/research-catalog/?add-to-cart=12,Alternate page with proper canonical tag,200,200,0,https://www.oligopolypeptides.com/product-category/research-catalog/?add-to-cart=12,,https://www.oligopolypeptides.com/product-category/research-catalog/,False,"follow, index, max-snippet:-1, max-video-preview:-1, max-image-preview:large",,text/html,Research Compounds | Research Peptides | OligoPoly Laboratories,Unlock 20% Off Your First OligoPoly Order,2,False,1
https://www.oligopolypeptides.com/product-category/research-catalog/?add-to-cart=3395,Alternate page with proper canonical tag,200,200,0,https://www.oligopolypeptides.com/product-category/research-catalog/?add-to-cart=3395,,https://www.oligopolypeptides.com/product-category/research-catalog/,False,"follow, index, max-snippet:-1, max-video-preview:-1, max-image-preview:large",,text/html,Research Compounds | Research Peptides | OligoPoly Laboratories,Unlock 20% Off Your First OligoPoly Order,2,False,1
https://www.oligopolypeptides.com/product-category/research-catalog/?add-to-cart=3396,Alternate page with proper canonical tag,200,200,0,https://www.oligopolypeptides.com/product-category/research-catalog/?add-to-cart=3396,,https://www.oligopolypeptides.com/product-category/research-catalog/,False,"follow, index, max-snippet:-1, max-video-preview:-1, max-image-preview:large",,text/html,Research Compounds | Research Peptides | OligoPoly Laboratories,Unlock 20% Off Your First OligoPoly Order,2,False,1
https://www.oligopolypeptides.com/product-category/research-catalog/?add-to-cart=3397,Alternate page with proper canonical tag,200,200,0,https://www.oligopolypeptides.com/product-category/research-catalog/?add-to-cart=3397,,https://www.oligopolypeptides.com/product-category/research-catalog/,False,"follow, index, max-snippet:-1, max-video-preview:-1, max-image-preview:large",,text/html,Research Compounds | Research Peptides | OligoPoly Laboratories,Unlock 20% Off Your First OligoPoly Order,2,False,1
https://www.oligopolypeptides.com/product-category/research-catalog/?add-to-cart=3398,Alternate page with proper canonical tag,200,200,0,https://www.oligopolypeptides.com/product-category/research-catalog/?add-to-cart=3398,,https://www.oligopolypeptides.com/product-category/research-catalog/,False,"follow, index, max-snippet:-1, max-video-preview:-1, max-image-preview:large",,text/html,Research Compounds | Research Peptides | OligoPoly Laboratories,Unlock 20% Off Your First OligoPoly Order,2,False,1
https://www.oligopolypeptides.com/product-category/research-catalog/?add-to-cart=3619,Alternate page with proper canonical tag,200,200,0,https://www.oligopolypeptides.com/product-category/research-catalog/?add-to-cart=3619,,https://www.oligopolypeptides.com/product-category/research-catalog/,False,"follow, index, max-snippet:-1, max-video-preview:-1, max-image-preview:large",,text/html,Research Compounds | Research Peptides | OligoPoly Laboratories,Unlock 20% Off Your First OligoPoly Order,2,False,1
https://www.oligopolypeptides.com/product-category/research-catalog/?add-to-cart=3620,Alternate page with proper canonical tag,200,200,0,https://www.oligopolypeptides.com/product-category/research-catalog/?add-to-cart=3620,,https://www.oligopolypeptides.com/product-category/research-catalog/,False,"follow, index, max-snippet:-1, max-video-preview:-1, max-image-preview:large",,text/html,Research Compounds | Research Peptides | OligoPoly Laboratories,Unlock 20% Off Your First OligoPoly Order,2,False,1
https://www.oligopolypeptides.com/product-category/research-catalog/?add-to-cart=39,Alternate page with proper canonical tag,200,200,0,https://www.oligopolypeptides.com/product-category/research-catalog/?add-to-cart=39,,https://www.oligopolypeptides.com/product-category/research-catalog/,False,"follow, index, max-snippet:-1, max-video-preview:-1, max-image-preview:large",,text/html,Research Compounds | Research Peptides | OligoPoly Laboratories,Unlock 20% Off Your First OligoPoly Order,2,False,1
https://www.oligopolypeptides.com/product-category/research-catalog/?add-to-cart=436,Alternate page with proper canonical tag,200,200,0,https://www.oligopolypeptides.com/product-category/research-catalog/?add-to-cart=436,,https://www.oligopolypeptides.com/product-category/research-catalog/,False,"follow, index, max-snippet:-1, max-video-preview:-1, max-image-preview:large",,text/html,Research Compounds | Research Peptides | OligoPoly Laboratories,Unlock 20% Off Your First OligoPoly Order,2,False,1
https://www.oligopolypeptides.com/product-category/research-catalog/?add-to-cart=441,Alternate page with proper canonical tag,200,200,0,https://www.oligopolypeptides.com/product-category/research-catalog/?add-to-cart=441,,https://www.oligopolypeptides.com/product-category/research-catalog/,False,"follow, index, max-snippet:-1, max-video-preview:-1, max-image-preview:large",,text/html,Research Compounds | Research Peptides | OligoPoly Laboratories,Unlock 20% Off Your First OligoPoly Order,2,False,1
https://www.oligopolypeptides.com/product-category/research-catalog/?add-to-cart=443,Alternate page with proper canonical tag,200,200,0,https://www.oligopolypeptides.com/product-category/research-catalog/?add-to-cart=443,,https://www.oligopolypeptides.com/product-category/research-catalog/,False,"follow, index, max-snippet:-1, max-video-preview:-1, max-image-preview:large",,text/html,Research Compounds | Research Peptides | OligoPoly Laboratories,Unlock 20% Off Your First OligoPoly Order,2,False,1
https://www.oligopolypeptides.com/product-category/research-catalog/?add-to-cart=455,Alternate page with proper canonical tag,200,200,0,https://www.oligopolypeptides.com/product-category/research-catalog/?add-to-cart=455,,https://www.oligopolypeptides.com/product-category/research-catalog/,False,"follow, index, max-snippet:-1, max-video-preview:-1, max-image-preview:large",,text/html,Research Compounds | Research Peptides | OligoPoly Laboratories,Unlock 20% Off Your First OligoPoly Order,2,False,1
https://www.oligopolypeptides.com/product-category/research-catalog/?add-to-cart=458,Alternate page with proper canonical tag,200,200,0,https://www.oligopolypeptides.com/product-category/research-catalog/?add-to-cart=458,,https://www.oligopolypeptides.com/product-category/research-catalog/,False,"follow, index, max-snippet:-1, max-video-preview:-1, max-image-preview:large",,text/html,Research Compounds | Research Peptides | OligoPoly Laboratories,Unlock 20% Off Your First OligoPoly Order,2,False,1
https://www.oligopolypeptides.com/product-category/research-catalog/?add-to-cart=47,Alternate page with proper canonical tag,200,200,0,https://www.oligopolypeptides.com/product-category/research-catalog/?add-to-cart=47,,https://www.oligopolypeptides.com/product-category/research-catalog/,False,"follow, index, max-snippet:-1, max-video-preview:-1, max-image-preview:large",,text/html,Research Compounds | Research Peptides | OligoPoly Laboratories,Unlock 20% Off Your First OligoPoly Order,2,False,1
https://www.oligopolypeptides.com/product-category/research-catalog/?add-to-cart=49,Alternate page with proper canonical tag,200,200,0,https://www.oligopolypeptides.com/product-category/research-catalog/?add-to-cart=49,,https://www.oligopolypeptides.com/product-category/research-catalog/,False,"follow, index, max-snippet:-1, max-video-preview:-1, max-image-preview:large",,text/html,Research Compounds | Research Peptides | OligoPoly Laboratories,Unlock 20% Off Your First OligoPoly Order,2,False,1
https://www.oligopolypeptides.com/product-category/research-catalog/?add-to-cart=60,Alternate page with proper canonical tag,200,200,0,https://www.oligopolypeptides.com/product-category/research-catalog/?add-to-cart=60,,https://www.oligopolypeptides.com/product-category/research-catalog/,False,"follow, index, max-snippet:-1, max-video-preview:-1, max-image-preview:large",,text/html,Research Compounds | Research Peptides | OligoPoly Laboratories,Unlock 20% Off Your First OligoPoly Order,2,False,1
https://www.oligopolypeptides.com/product-category/research-catalog/page/2/,Excluded by 'noindex' tag,200,200,0,https://www.oligopolypeptides.com/product-category/research-catalog/page/2/,,,False,"follow, noindex",,text/html,Research Compounds | Research Peptides | OligoPoly Laboratories,Unlock 20% Off Your First OligoPoly Order,2,False,1
https://www.oligopolypeptides.com/product-category/research-kits/,Crawl rate-limited (retry),429,429,0,https://www.oligopolypeptides.com/product-category/research-kits/,,,False,,,text/html,WordPress.com 429 Error,Whoops!,1,True,233
https://www.oligopolypeptides.com/product-category/research-products/,Page with redirect,301,200,1,https://www.oligopolypeptides.com/research-catalog/,https://www.oligopolypeptides.com/research-catalog/,https://www.oligopolypeptides.com/research-catalog/,True,"follow, index, max-snippet:-1, max-video-preview:-1, max-image-preview:large",,text/html,Research Products Catalog | OligoPoly Laboratories,Unlock 20% Off Your First OligoPoly Order,2,False,11
https://www.oligopolypeptides.com/product-category/research-support/,Indexable,200,200,0,https://www.oligopolypeptides.com/product-category/research-support/,,https://www.oligopolypeptides.com/product-category/research-support/,True,"follow, index, max-snippet:-1, max-video-preview:-1, max-image-preview:large",,text/html,Research Support | Research Peptides | OligoPoly Laboratories,Unlock 20% Off Your First OligoPoly Order,2,True,0
https://www.oligopolypeptides.com/product-category/senescence-telomere-signaling/,Indexable,200,200,0,https://www.oligopolypeptides.com/product-category/senescence-telomere-signaling/,,https://www.oligopolypeptides.com/product-category/senescence-telomere-signaling/,True,"follow, index, max-snippet:-1, max-video-preview:-1, max-image-preview:large",,text/html,Senescence & Telomere Signaling | OligoPoly Laboratories,Unlock 20% Off Your First OligoPoly Order,2,True,7
https://www.oligopolypeptides.com/product-category/senescence-telomere-signaling/?add-to-cart=3459,Alternate page with proper canonical tag,200,200,0,https://www.oligopolypeptides.com/product-category/senescence-telomere-signaling/?add-to-cart=3459,,https://www.oligopolypeptides.com/product-category/senescence-telomere-signaling/,False,"follow, index, max-snippet:-1, max-video-preview:-1, max-image-preview:large",,text/html,Senescence & Telomere Signaling | OligoPoly Laboratories,Unlock 20% Off Your First OligoPoly Order,2,False,1
https://www.oligopolypeptides.com/product-category/senescence-telomere-signaling/?add-to-cart=3468,Alternate page with proper canonical tag,200,200,0,https://www.oligopolypeptides.com/product-category/senescence-telomere-signaling/?add-to-cart=3468,,https://www.oligopolypeptides.com/product-category/senescence-telomere-signaling/,False,"follow, index, max-snippet:-1, max-video-preview:-1, max-image-preview:large",,text/html,Senescence & Telomere Signaling | OligoPoly Laboratories,Unlock 20% Off Your First OligoPoly Order,2,False,1
https://www.oligopolypeptides.com/product-category/senescence-telomere-signaling/?add-to-cart=3619,Alternate page with proper canonical tag,200,200,0,https://www.oligopolypeptides.com/product-category/senescence-telomere-signaling/?add-to-cart=3619,,https://www.oligopolypeptides.com/product-category/senescence-telomere-signaling/,False,"follow, index, max-snippet:-1, max-video-preview:-1, max-image-preview:large",,text/html,Senescence & Telomere Signaling | OligoPoly Laboratories,Unlock 20% Off Your First OligoPoly Order,2,False,1
https://www.oligopolypeptides.com/product-category/senescence-telomere-signaling/?add-to-cart=3621,Alternate page with proper canonical tag,200,200,0,https://www.oligopolypeptides.com/product-category/senescence-telomere-signaling/?add-to-cart=3621,,https://www.oligopolypeptides.com/product-category/senescence-telomere-signaling/,False,"follow, index, max-snippet:-1, max-video-preview:-1, max-image-preview:large",,text/html,Senescence & Telomere Signaling | OligoPoly Laboratories,Unlock 20% Off Your First OligoPoly Order,2,False,1
https://www.oligopolypeptides.com/product-category/single-compound-research-materials/,Indexable,200,200,0,https://www.oligopolypeptides.com/product-category/single-compound-research-materials/,,https://www.oligopolypeptides.com/product-category/single-compound-research-materials/,True,"follow, index, max-snippet:-1, max-video-preview:-1, max-image-preview:large",,text/html,Single-Compound Research Materials | OligoPoly Laboratories,Unlock 20% Off Your First OligoPoly Order,2,True,233
https://www.oligopolypeptides.com/product-category/single-compound-research-materials/?add-to-cart=447,Alternate page with proper canonical tag,200,200,0,https://www.oligopolypeptides.com/product-category/single-compound-research-materials/?add-to-cart=447,,https://www.oligopolypeptides.com/product-category/single-compound-research-materials/,False,"follow, index, max-snippet:-1, max-video-preview:-1, max-image-preview:large",,text/html,Single-Compound Research Materials | OligoPoly Laboratories,Unlock 20% Off Your First OligoPoly Order,2,False,1
https://www.oligopolypeptides.com/product-discovery/,Indexable,200,200,0,https://www.oligopolypeptides.com/product-discovery/,,https://www.oligopolypeptides.com/product-discovery/,True,"follow, index, max-snippet:-1, max-video-preview:-1, max-image-preview:large",,text/html,Product Discovery | Research Peptides & Laboratory Compounds | OligoPoly Laboratories,Unlock 20% Off Your First OligoPoly Order,2,True,233
https://www.oligopolypeptides.com/product-discovery/?share=facebook,Redirects off-site,302,200,3,https://www.facebook.com/login/?next=https%3A%2F%2Fwww.facebook.com%2Fshare_channel%2F%3Ftype%3Dreshare%26link%3Dhttps%253A%252F%252Fwww.oligopolypeptides.com%252Fproduct-discovery%252F%26app_id%3D966242223397117%26source_surface%3Dexternal_reshare%26display%26hashtag,https://www.facebook.com/sharer/sharer.php?u=https%3A%2F%2Fwww.oligopolypeptides.com%2Fproduct-discovery%2F&t=Product%20Discovery -> https://www.facebook.com/share_channel/?type=reshare&link=https%3A%2F%2Fwww.oligopolypeptides.com%2Fproduct-discovery%2F&app_id=966242223397117&source_surface=external_reshare&display&hashtag -> https://www.facebook.com/login/?next=https%3A%2F%2Fwww.facebook.com%2Fshare_channel%2F%3Ftype%3Dreshare%26link%3Dhttps%253A%252F%252Fwww.oligopolypeptides.com%252Fproduct-discovery%252F%26app_id%3D966242223397117%26source_surface%3Dexternal_reshare%26display%26hashtag,https://www.facebook.com/login,False,,,text/html,Facebook,,0,False,1
https://www.oligopolypeptides.com/product-discovery/?share=x,Redirects off-site,302,200,1,https://x.com/intent/tweet?text=Product%20Discovery&url=https%3A%2F%2Fwww.oligopolypeptides.com%2Fproduct-discovery%2F,https://x.com/intent/tweet?text=Product%20Discovery&url=https%3A%2F%2Fwww.oligopolypeptides.com%2Fproduct-discovery%2F,,False,,,text/html,,JavaScript is not available.,1,False,1
https://www.oligopolypeptides.com/products/aod-9604,Page with redirect,301,200,1,https://www.oligopolypeptides.com/products/aod-9604-10mg-research-peptide/,https://www.oligopolypeptides.com/products/aod-9604-10mg-research-peptide/,https://www.oligopolypeptides.com/products/aod-9604-10mg-research-peptide/,True,"follow, index, max-snippet:-1, max-video-preview:-1, max-image-preview:large",,text/html,AOD-9604 10mg Research Peptide | OligoPoly Laboratories,Unlock 20% Off Your First OligoPoly Order,2,False,2
https://www.oligopolypeptides.com/products/aod-9604-10mg-research-peptide/,Indexable,200,200,0,https://www.oligopolypeptides.com/products/aod-9604-10mg-research-peptide/,,https://www.oligopolypeptides.com/products/aod-9604-10mg-research-peptide/,True,"follow, index, max-snippet:-1, max-video-preview:-1, max-image-preview:large",,text/html,AOD-9604 10mg Research Peptide | OligoPoly Laboratories,Unlock 20% Off Your First OligoPoly Order,2,True,20
https://www.oligopolypeptides.com/products/aod-9604-10mg-research-peptide/?add-to-cart=3619,Alternate page with proper canonical tag,200,200,0,https://www.oligopolypeptides.com/products/aod-9604-10mg-research-peptide/?add-to-cart=3619,,https://www.oligopolypeptides.com/products/aod-9604-10mg-research-peptide/,False,"follow, index, max-snippet:-1, max-video-preview:-1, max-image-preview:large",,text/html,AOD-9604 10mg Research Peptide | OligoPoly Laboratories,Unlock 20% Off Your First OligoPoly Order,2,False,1
https://www.oligopolypeptides.com/products/aod-9604-10mg-research-peptide/?add-to-cart=3620,Alternate page with proper canonical tag,200,200,0,https://www.oligopolypeptides.com/products/aod-9604-10mg-research-peptide/?add-to-cart=3620,,https://www.oligopolypeptides.com/products/aod-9604-10mg-research-peptide/,False,"follow, index, max-snippet:-1, max-video-preview:-1, max-image-preview:large",,text/html,AOD-9604 10mg Research Peptide | OligoPoly Laboratories,Unlock 20% Off Your First OligoPoly Order,2,False,1
https://www.oligopolypeptides.com/products/aod-9604-10mg-research-peptide/?add-to-cart=436,Alternate page with proper canonical tag,200,200,0,https://www.oligopolypeptides.com/products/aod-9604-10mg-research-peptide/?add-to-cart=436,,https://www.oligopolypeptides.com/products/aod-9604-10mg-research-peptide/,False,"follow, index, max-snippet:-1, max-video-preview:-1, max-image-preview:large",,text/html,AOD-9604 10mg Research Peptide | OligoPoly Laboratories,Unlock 20% Off Your First OligoPoly Order,2,False,1
https://www.oligopolypeptides.com/products/aod-9604-10mg-research-peptide/?add-to-cart=441,Alternate page with proper canonical tag,200,200,0,https://www.oligopolypeptides.com/products/aod-9604-10mg-research-peptide/?add-to-cart=441,,https://www.oligopolypeptides.com/products/aod-9604-10mg-research-peptide/,False,"follow, index, max-snippet:-1, max-video-preview:-1, max-image-preview:large",,text/html,AOD-9604 10mg Research Peptide | OligoPoly Laboratories,Unlock 20% Off Your First OligoPoly Order,2,False,1
https://www.oligopolypeptides.com/products/ara-290,Not found (404),301,404,1,https://www.oligopolypeptides.com/products/ara-290-10mg-research-peptide/,https://www.oligopolypeptides.com/products/ara-290-10mg-research-peptide/,,False,"follow, noindex",,text/html,Page Not Found | OligoPoly Laboratories,Unlock 20% Off Your First OligoPoly Order,2,False,2
https://www.oligopolypeptides.com/products/bpc-157-10mg-research-peptide/,Indexable,200,200,0,https://www.oligopolypeptides.com/products/bpc-157-10mg-research-peptide/,,https://www.oligopolypeptides.com/products/bpc-157-10mg-research-peptide/,True,"follow, index, max-snippet:-1, max-video-preview:-1, max-image-preview:large",,text/html,BPC-157 10mg Research Peptide for Lab Research | OligoPoly,Unlock 20% Off Your First OligoPoly Order,2,True,34
https://www.oligopolypeptides.com/products/bpc-157-10mg-research-peptide/?add-to-cart=3398,Alternate page with proper canonical tag,200,200,0,https://www.oligopolypeptides.com/products/bpc-157-10mg-research-peptide/?add-to-cart=3398,,https://www.oligopolypeptides.com/products/bpc-157-10mg-research-peptide/,False,"follow, index, max-snippet:-1, max-video-preview:-1, max-image-preview:large",,text/html,BPC-157 10mg Research Peptide for Lab Research | OligoPoly,Unlock 20% Off Your First OligoPoly Order,2,False,1
https://www.oligopolypeptides.com/products/bpc-157-10mg-research-peptide/?add-to-cart=3619,Alternate page with proper canonical tag,200,200,0,https://www.oligopolypeptides.com/products/bpc-157-10mg-research-peptide/?add-to-cart=3619,,https://www.oligopolypeptides.com/products/bpc-157-10mg-research-peptide/,False,"follow, index, max-snippet:-1, max-video-preview:-1, max-image-preview:large",,text/html,BPC-157 10mg Research Peptide for Lab Research | OligoPoly,Unlock 20% Off Your First OligoPoly Order,2,False,1
https://www.oligopolypeptides.com/products/bpc-157-10mg-research-peptide/?add-to-cart=458,Alternate page with proper canonical tag,200,200,0,https://www.oligopolypeptides.com/products/bpc-157-10mg-research-peptide/?add-to-cart=458,,https://www.oligopolypeptides.com/products/bpc-157-10mg-research-peptide/,False,"follow, index, max-snippet:-1, max-video-preview:-1, max-image-preview:large",,text/html,BPC-157 10mg Research Peptide for Lab Research | OligoPoly,Unlock 20% Off Your First OligoPoly Order,2,False,1
https://www.oligopolypeptides.com/products/bpc-157-10mg-research-peptide/?add-to-cart=55,Alternate page with proper canonical tag,200,200,0,https://www.oligopolypeptides.com/products/bpc-157-10mg-research-peptide/?add-to-cart=55,,https://www.oligopolypeptides.com/products/bpc-157-10mg-research-peptide/,False,"follow, index, max-snippet:-1, max-video-preview:-1, max-image-preview:large",,text/html,BPC-157 10mg Research Peptide for Lab Research | OligoPoly,Unlock 20% Off Your First OligoPoly Order,2,False,1
https://www.oligopolypeptides.com/products/bpc-157-5-mg/,Indexable,200,200,0,https://www.oligopolypeptides.com/products/bpc-157-5-mg/,,https://www.oligopolypeptides.com/products/bpc-157-5-mg/,True,"follow, index, max-snippet:-1, max-video-preview:-1, max-image-preview:large",,text/html,BPC-157 5 mg Research Peptide | Research Peptide | OligoPoly Laboratories,Unlock 20% Off Your First OligoPoly Order,2,True,15
https://www.oligopolypeptides.com/products/bpc-157-5-mg/?add-to-cart=3620,Alternate page with proper canonical tag,200,200,0,https://www.oligopolypeptides.com/products/bpc-157-5-mg/?add-to-cart=3620,,https://www.oligopolypeptides.com/products/bpc-157-5-mg/,False,"follow, index, max-snippet:-1, max-video-preview:-1, max-image-preview:large",,text/html,BPC-157 5 mg Research Peptide | Research Peptide | OligoPoly Laboratories,Unlock 20% Off Your First OligoPoly Order,2,False,1
https://www.oligopolypeptides.com/products/bpc-157-5-mg/?add-to-cart=39,Alternate page with proper canonical tag,200,200,0,https://www.oligopolypeptides.com/products/bpc-157-5-mg/?add-to-cart=39,,https://www.oligopolypeptides.com/products/bpc-157-5-mg/,False,"follow, index, max-snippet:-1, max-video-preview:-1, max-image-preview:large",,text/html,BPC-157 5 mg Research Peptide | Research Peptide | OligoPoly Laboratories,Unlock 20% Off Your First OligoPoly Order,2,False,1
https://www.oligopolypeptides.com/products/bpc-157-5-mg/?add-to-cart=459,Alternate page with proper canonical tag,200,200,0,https://www.oligopolypeptides.com/products/bpc-157-5-mg/?add-to-cart=459,,https://www.oligopolypeptides.com/products/bpc-157-5-mg/,False,"follow, index, max-snippet:-1, max-video-preview:-1, max-image-preview:large",,text/html,BPC-157 5 mg Research Peptide | Research Peptide | OligoPoly Laboratories,Unlock 20% Off Your First OligoPoly Order,2,False,1
https://www.oligopolypeptides.com/products/bpc-157-5-mg/?add-to-cart=47,Alternate page with proper canonical tag,200,200,0,https://www.oligopolypeptides.com/products/bpc-157-5-mg/?add-to-cart=47,,https://www.oligopolypeptides.com/products/bpc-157-5-mg/,False,"follow, index, max-snippet:-1, max-video-preview:-1, max-image-preview:large",,text/html,BPC-157 5 mg Research Peptide | Research Peptide | OligoPoly Laboratories,Unlock 20% Off Your First OligoPoly Order,2,False,1
https://www.oligopolypeptides.com/products/bpc-157-kpv-blend/,Indexable,200,200,0,https://www.oligopolypeptides.com/products/bpc-157-kpv-blend/,,https://www.oligopolypeptides.com/products/bpc-157-kpv-blend/,True,"follow, index, max-snippet:-1, max-video-preview:-1, max-image-preview:large",,text/html,BPC-157 + KPV Research Peptide Blend | OligoPoly,Unlock 20% Off Your First OligoPoly Order,2,True,0
https://www.oligopolypeptides.com/products/bpc-157-tb-500-blend/,Indexable,200,200,0,https://www.oligopolypeptides.com/products/bpc-157-tb-500-blend/,,https://www.oligopolypeptides.com/products/bpc-157-tb-500-blend/,True,"follow, index, max-snippet:-1, max-video-preview:-1, max-image-preview:large",,text/html,BPC-157 + TB-500 Research Peptide Blend | OligoPoly,Unlock 20% Off Your First OligoPoly Order,2,True,0
https://www.oligopolypeptides.com/products/bpc-157-tb-500-research-peptide-blend/,Page with redirect,301,200,1,https://www.oligopolypeptides.com/products/bpc-157-tb-500-blend/,https://www.oligopolypeptides.com/products/bpc-157-tb-500-blend/,https://www.oligopolypeptides.com/products/bpc-157-tb-500-blend/,True,"follow, index, max-snippet:-1, max-video-preview:-1, max-image-preview:large",,text/html,BPC-157 + TB-500 Research Peptide Blend | OligoPoly,Unlock 20% Off Your First OligoPoly Order,2,False,1
https://www.oligopolypeptides.com/products/build-your-research-bundle-3-vials/,Indexable,200,200,0,https://www.oligopolypeptides.com/products/build-your-research-bundle-3-vials/,,https://www.oligopolypeptides.com/products/build-your-research-bundle-3-vials/,True,"follow, index, max-snippet:-1, max-video-preview:-1, max-image-preview:large",,text/html,Build Your Research Bundle - 3 Vials | Research Peptide | OligoPoly Laboratories,Unlock 20% Off Your First OligoPoly Order,2,True,6
https://www.oligopolypeptides.com/products/build-your-research-bundle-6-vials/,Indexable,200,200,0,https://www.oligopolypeptides.com/products/build-your-research-bundle-6-vials/,,https://www.oligopolypeptides.com/products/build-your-research-bundle-6-vials/,True,"follow, index, max-snippet:-1, max-video-preview:-1, max-image-preview:large",,text/html,Build Your Research Bundle - 6 Vials | Research Peptide | OligoPoly Laboratories,Unlock 20% Off Your First OligoPoly Order,2,True,9
https://www.oligopolypeptides.com/products/build-your-research-bundle-9-vials/,Indexable,200,200,0,https://www.oligopolypeptides.com/products/build-your-research-bundle-9-vials/,,https://www.oligopolypeptides.com/products/build-your-research-bundle-9-vials/,True,"follow, index, max-snippet:-1, max-video-preview:-1, max-image-preview:large",,text/html,Build Your Research Bundle - 9 Vials | Research Peptide | OligoPoly Laboratories,Unlock 20% Off Your First OligoPoly Order,2,True,6
https://www.oligopolypeptides.com/products/cagrilintide,Page with redirect,301,200,1,https://www.oligopolypeptides.com/what-is-cagrilintide-triple-receptor-peptide/,https://www.oligopolypeptides.com/what-is-cagrilintide-triple-receptor-peptide/,https://www.oligopolypeptides.com/what-is-cagrilintide-triple-receptor-peptide/,True,"follow, index, max-snippet:-1, max-video-preview:-1, max-image-preview:large",,text/html,What Is Cagrilintide? | OligoPoly,Unlock 20% Off Your First OligoPoly Order,3,False,2
https://www.oligopolypeptides.com/products/cagrilintide-5-mg-6-vial-research-kit/,Indexable,200,200,0,https://www.oligopolypeptides.com/products/cagrilintide-5-mg-6-vial-research-kit/,,https://www.oligopolypeptides.com/products/cagrilintide-5-mg-6-vial-research-kit/,True,"follow, index, max-snippet:-1, max-video-preview:-1, max-image-preview:large",,text/html,OL-CAG 5 mg - 6 Vial Research Kit | Research Peptide | OligoPoly Laboratories,Unlock 20% Off Your First OligoPoly Order,2,True,8
https://www.oligopolypeptides.com/products/cagrilintide-5-mg-6-vial-research-kit/?add-to-cart=12,Alternate page with proper canonical tag,200,200,0,https://www.oligopolypeptides.com/products/cagrilintide-5-mg-6-vial-research-kit/?add-to-cart=12,,https://www.oligopolypeptides.com/products/cagrilintide-5-mg-6-vial-research-kit/,False,"follow, index, max-snippet:-1, max-video-preview:-1, max-image-preview:large",,text/html,OL-CAG 5 mg - 6 Vial Research Kit | Research Peptide | OligoPoly Laboratories,Unlock 20% Off Your First OligoPoly Order,2,False,1
https://www.oligopolypeptides.com/products/cagrilintide-5-mg-6-vial-research-kit/?add-to-cart=3396,Alternate page with proper canonical tag,200,200,0,https://www.oligopolypeptides.com/products/cagrilintide-5-mg-6-vial-research-kit/?add-to-cart=3396,,https://www.oligopolypeptides.com/products/cagrilintide-5-mg-6-vial-research-kit/,False,"follow, index, max-snippet:-1, max-video-preview:-1, max-image-preview:large",,text/html,OL-CAG 5 mg - 6 Vial Research Kit | Research Peptide | OligoPoly Laboratories,Unlock 20% Off Your First OligoPoly Order,2,False,1
https://www.oligopolypeptides.com/products/cagrilintide-5-mg-6-vial-research-kit/?add-to-cart=3454,Alternate page with proper canonical tag,200,200,0,https://www.oligopolypeptides.com/products/cagrilintide-5-mg-6-vial-research-kit/?add-to-cart=3454,,https://www.oligopolypeptides.com/products/cagrilintide-5-mg-6-vial-research-kit/,False,"follow, index, max-snippet:-1, max-video-preview:-1, max-image-preview:large",,text/html,OL-CAG 5 mg - 6 Vial Research Kit | Research Peptide | OligoPoly Laboratories,Unlock 20% Off Your First OligoPoly Order,2,False,1
https://www.oligopolypeptides.com/products/cagrilintide-5-mg-6-vial-research-kit/?add-to-cart=60,Alternate page with proper canonical tag,200,200,0,https://www.oligopolypeptides.com/products/cagrilintide-5-mg-6-vial-research-kit/?add-to-cart=60,,https://www.oligopolypeptides.com/products/cagrilintide-5-mg-6-vial-research-kit/,False,"follow, index, max-snippet:-1, max-video-preview:-1, max-image-preview:large",,text/html,OL-CAG 5 mg - 6 Vial Research Kit | Research Peptide | OligoPoly Laboratories,Unlock 20% Off Your First OligoPoly Order,2,False,1
https://www.oligopolypeptides.com/products/cagrilintide-5mg-research-peptide/,Indexable,200,200,0,https://www.oligopolypeptides.com/products/cagrilintide-5mg-research-peptide/,,https://www.oligopolypeptides.com/products/cagrilintide-5mg-research-peptide/,True,"follow, index, max-snippet:-1, max-video-preview:-1, max-image-preview:large",,text/html,Cagrilintide 5 mg Research Material | OligoPoly Laboratories,Unlock 20% Off Your First OligoPoly Order,2,False,30
https://www.oligopolypeptides.com/products/cjc-1295-no-dac,Page with redirect,301,200,2,https://www.oligopolypeptides.com/cjc-1295-vs-ipamorelin/,https://www.oligopolypeptides.com/products/cjc-1295-no-dac-2mg-research-peptide/ -> https://www.oligopolypeptides.com/cjc-1295-vs-ipamorelin/,https://www.oligopolypeptides.com/cjc-1295-vs-ipamorelin/,True,"follow, index, max-snippet:-1, max-video-preview:-1, max-image-preview:large",,text/html,CJC-1295 vs Ipamorelin | GHRH vs GHSR Research | OligoPoly Laboratories,Unlock 20% Off Your First OligoPoly Order,3,False,2
https://www.oligopolypeptides.com/products/cjc-1295-no-dac-5-mg-research-peptide/,Indexable,200,200,0,https://www.oligopolypeptides.com/products/cjc-1295-no-dac-5-mg-research-peptide/,,https://www.oligopolypeptides.com/products/cjc-1295-no-dac-5-mg-research-peptide/,True,"follow, index, max-snippet:-1, max-video-preview:-1, max-image-preview:large",,text/html,CJC-1295 No DAC 5 mg Research Peptide | Research Peptide | OligoPoly Laboratories,Unlock 20% Off Your First OligoPoly Order,2,True,16
https://www.oligopolypeptides.com/products/cjc-1295-no-dac-5-mg-research-peptide/?add-to-cart=3620,Alternate page with proper canonical tag,200,200,0,https://www.oligopolypeptides.com/products/cjc-1295-no-dac-5-mg-research-peptide/?add-to-cart=3620,,https://www.oligopolypeptides.com/products/cjc-1295-no-dac-5-mg-research-peptide/,False,"follow, index, max-snippet:-1, max-video-preview:-1, max-image-preview:large",,text/html,CJC-1295 No DAC 5 mg Research Peptide | Research Peptide | OligoPoly Laboratories,Unlock 20% Off Your First OligoPoly Order,2,False,1
https://www.oligopolypeptides.com/products/cjc-1295-no-dac-5-mg-research-peptide/?add-to-cart=436,Alternate page with proper canonical tag,200,200,0,https://www.oligopolypeptides.com/products/cjc-1295-no-dac-5-mg-research-peptide/?add-to-cart=436,,https://www.oligopolypeptides.com/products/cjc-1295-no-dac-5-mg-research-peptide/,False,"follow, index, max-snippet:-1, max-video-preview:-1, max-image-preview:large",,text/html,CJC-1295 No DAC 5 mg Research Peptide | Research Peptide | OligoPoly Laboratories,Unlock 20% Off Your First OligoPoly Order,2,False,1
https://www.oligopolypeptides.com/products/cjc-1295-no-dac-5-mg-research-peptide/?add-to-cart=443,Alternate page with proper canonical tag,200,200,0,https://www.oligopolypeptides.com/products/cjc-1295-no-dac-5-mg-research-peptide/?add-to-cart=443,,https://www.oligopolypeptides.com/products/cjc-1295-no-dac-5-mg-research-peptide/,False,"follow, index, max-snippet:-1, max-video-preview:-1, max-image-preview:large",,text/html,CJC-1295 No DAC 5 mg Research Peptide | Research Peptide | OligoPoly Laboratories,Unlock 20% Off Your First OligoPoly Order,2,False,1
https://www.oligopolypeptides.com/products/cjc-1295-no-dac-5-mg-research-peptide/?add-to-cart=49,Alternate page with proper canonical tag,200,200,0,https://www.oligopolypeptides.com/products/cjc-1295-no-dac-5-mg-research-peptide/?add-to-cart=49,,https://www.oligopolypeptides.com/products/cjc-1295-no-dac-5-mg-research-peptide/,False,"follow, index, max-snippet:-1, max-video-preview:-1, max-image-preview:large",,text/html,CJC-1295 No DAC 5 mg Research Peptide | Research Peptide | OligoPoly Laboratories,Unlock 20% Off Your First OligoPoly Order,2,False,1
https://www.oligopolypeptides.com/products/cns-receptor-reference-collection/,Indexable,200,200,0,https://www.oligopolypeptides.com/products/cns-receptor-reference-collection/,,https://www.oligopolypeptides.com/products/cns-receptor-reference-collection/,True,"follow, index, max-snippet:-1, max-video-preview:-1, max-image-preview:large",,text/html,CNS Receptor Reference Collection | OligoPoly Laboratories,Unlock 20% Off Your First OligoPoly Order,2,True,7
https://www.oligopolypeptides.com/products/cns-receptor-reference-collection/?add-to-cart=447,Alternate page with proper canonical tag,200,200,0,https://www.oligopolypeptides.com/products/cns-receptor-reference-collection/?add-to-cart=447,,https://www.oligopolypeptides.com/products/cns-receptor-reference-collection/,False,"follow, index, max-snippet:-1, max-video-preview:-1, max-image-preview:large",,text/html,CNS Receptor Reference Collection | OligoPoly Laboratories,Unlock 20% Off Your First OligoPoly Order,2,False,1
https://www.oligopolypeptides.com/products/cns-receptor-reference-collection/?add-to-cart=458,Alternate page with proper canonical tag,200,200,0,https://www.oligopolypeptides.com/products/cns-receptor-reference-collection/?add-to-cart=458,,https://www.oligopolypeptides.com/products/cns-receptor-reference-collection/,False,"follow, index, max-snippet:-1, max-video-preview:-1, max-image-preview:large",,text/html,CNS Receptor Reference Collection | OligoPoly Laboratories,Unlock 20% Off Your First OligoPoly Order,2,False,1
https://www.oligopolypeptides.com/products/comparative-pathway-collection/,Indexable,200,200,0,https://www.oligopolypeptides.com/products/comparative-pathway-collection/,,https://www.oligopolypeptides.com/products/comparative-pathway-collection/,True,"follow, index, max-snippet:-1, max-video-preview:-1, max-image-preview:large",,text/html,Comparative Pathway Collection | OligoPoly Laboratories,Unlock 20% Off Your First OligoPoly Order,2,True,6
https://www.oligopolypeptides.com/products/comparative-pathway-collection/?add-to-cart=12,Alternate page with proper canonical tag,200,200,0,https://www.oligopolypeptides.com/products/comparative-pathway-collection/?add-to-cart=12,,https://www.oligopolypeptides.com/products/comparative-pathway-collection/,False,"follow, index, max-snippet:-1, max-video-preview:-1, max-image-preview:large",,text/html,Comparative Pathway Collection | OligoPoly Laboratories,Unlock 20% Off Your First OligoPoly Order,2,False,1
https://www.oligopolypeptides.com/products/comparative-pathway-collection/?add-to-cart=447,Alternate page with proper canonical tag,200,200,0,https://www.oligopolypeptides.com/products/comparative-pathway-collection/?add-to-cart=447,,https://www.oligopolypeptides.com/products/comparative-pathway-collection/,False,"follow, index, max-snippet:-1, max-video-preview:-1, max-image-preview:large",,text/html,Comparative Pathway Collection | OligoPoly Laboratories,Unlock 20% Off Your First OligoPoly Order,2,False,1
https://www.oligopolypeptides.com/products/comparative-pathway-collection/?add-to-cart=47,Alternate page with proper canonical tag,200,200,0,https://www.oligopolypeptides.com/products/comparative-pathway-collection/?add-to-cart=47,,https://www.oligopolypeptides.com/products/comparative-pathway-collection/,False,"follow, index, max-snippet:-1, max-video-preview:-1, max-image-preview:large",,text/html,Comparative Pathway Collection | OligoPoly Laboratories,Unlock 20% Off Your First OligoPoly Order,2,False,1
https://www.oligopolypeptides.com/products/dsip-5mg-research-peptide/,Indexable,200,200,0,https://www.oligopolypeptides.com/products/dsip-5mg-research-peptide/,,https://www.oligopolypeptides.com/products/dsip-5mg-research-peptide/,True,"follow, index, max-snippet:-1, max-video-preview:-1, max-image-preview:large",,text/html,DSIP 5mg Research Peptide | OligoPoly Laboratories,Unlock 20% Off Your First OligoPoly Order,2,True,14
https://www.oligopolypeptides.com/products/dsip-5mg-research-peptide/?add-to-cart=3396,Alternate page with proper canonical tag,200,200,0,https://www.oligopolypeptides.com/products/dsip-5mg-research-peptide/?add-to-cart=3396,,https://www.oligopolypeptides.com/products/dsip-5mg-research-peptide/,False,"follow, index, max-snippet:-1, max-video-preview:-1, max-image-preview:large",,text/html,DSIP 5mg Research Peptide | OligoPoly Laboratories,Unlock 20% Off Your First OligoPoly Order,2,False,1
https://www.oligopolypeptides.com/products/dsip-5mg-research-peptide/?add-to-cart=459,Alternate page with proper canonical tag,200,200,0,https://www.oligopolypeptides.com/products/dsip-5mg-research-peptide/?add-to-cart=459,,https://www.oligopolypeptides.com/products/dsip-5mg-research-peptide/,False,"follow, index, max-snippet:-1, max-video-preview:-1, max-image-preview:large",,text/html,DSIP 5mg Research Peptide | OligoPoly Laboratories,Unlock 20% Off Your First OligoPoly Order,2,False,1
https://www.oligopolypeptides.com/products/dsip-5mg-research-peptide/?add-to-cart=47,Alternate page with proper canonical tag,200,200,0,https://www.oligopolypeptides.com/products/dsip-5mg-research-peptide/?add-to-cart=47,,https://www.oligopolypeptides.com/products/dsip-5mg-research-peptide/,False,"follow, index, max-snippet:-1, max-video-preview:-1, max-image-preview:large",,text/html,DSIP 5mg Research Peptide | OligoPoly Laboratories,Unlock 20% Off Your First OligoPoly Order,2,False,1
https://www.oligopolypeptides.com/products/dsip-5mg-research-peptide/?add-to-cart=52,Alternate page with proper canonical tag,200,200,0,https://www.oligopolypeptides.com/products/dsip-5mg-research-peptide/?add-to-cart=52,,https://www.oligopolypeptides.com/products/dsip-5mg-research-peptide/,False,"follow, index, max-snippet:-1, max-video-preview:-1, max-image-preview:large",,text/html,DSIP 5mg Research Peptide | OligoPoly Laboratories,Unlock 20% Off Your First OligoPoly Order,2,False,1
https://www.oligopolypeptides.com/products/endocrine-receptor-ligands-Research Panel,Malformed URL (not crawlable),0,0,0,https://www.oligopolypeptides.com/products/endocrine-receptor-ligands-Research Panel,,,False,,,,,,0,False,2
https://www.oligopolypeptides.com/products/epitalon,Not found (404),301,404,1,https://www.oligopolypeptides.com/products/epitalon-50mg-research-peptide/,https://www.oligopolypeptides.com/products/epitalon-50mg-research-peptide/,,False,"follow, noindex",,text/html,Epitalon 50mg Research Peptide for Lab Research | OligoPoly,Unlock 20% Off Your First OligoPoly Order,2,False,3
https://www.oligopolypeptides.com/products/extracellular-matrix-signaling-Research Panel,Malformed URL (not crawlable),0,0,0,https://www.oligopolypeptides.com/products/extracellular-matrix-signaling-Research Panel,,,False,,,,,,0,False,1
https://www.oligopolypeptides.com/products/ghk-cu-50-mg-6-vial-research-kit/,Indexable,200,200,0,https://www.oligopolypeptides.com/products/ghk-cu-50-mg-6-vial-research-kit/,,https://www.oligopolypeptides.com/products/ghk-cu-50-mg-6-vial-research-kit/,True,"follow, index, max-snippet:-1, max-video-preview:-1, max-image-preview:large",,text/html,GHK-Cu 50 mg - 6 Vial Research Kit | Research Peptide | OligoPoly Laboratories,Unlock 20% Off Your First OligoPoly Order,2,True,8
https://www.oligopolypeptides.com/products/ghk-cu-50-mg-6-vial-research-kit/?add-to-cart=3398,Alternate page with proper canonical tag,200,200,0,https://www.oligopolypeptides.com/products/ghk-cu-50-mg-6-vial-research-kit/?add-to-cart=3398,,https://www.oligopolypeptides.com/products/ghk-cu-50-mg-6-vial-research-kit/,False,"follow, index, max-snippet:-1, max-video-preview:-1, max-image-preview:large",,text/html,GHK-Cu 50 mg - 6 Vial Research Kit | Research Peptide | OligoPoly Laboratories,Unlock 20% Off Your First OligoPoly Order,2,False,1
https://www.oligopolypeptides.com/products/ghk-cu-50-mg-6-vial-research-kit/?add-to-cart=3619,Alternate page with proper canonical tag,200,200,0,https://www.oligopolypeptides.com/products/ghk-cu-50-mg-6-vial-research-kit/?add-to-cart=3619,,https://www.oligopolypeptides.com/products/ghk-cu-50-mg-6-vial-research-kit/,False,"follow, index, max-snippet:-1, max-video-preview:-1, max-image-preview:large",,text/html,GHK-Cu 50 mg - 6 Vial Research Kit | Research Peptide | OligoPoly Laboratories,Unlock 20% Off Your First OligoPoly Order,2,False,1
https://www.oligopolypeptides.com/products/ghk-cu-50-mg-6-vial-research-kit/?add-to-cart=436,Alternate page with proper canonical tag,200,200,0,https://www.oligopolypeptides.com/products/ghk-cu-50-mg-6-vial-research-kit/?add-to-cart=436,,https://www.oligopolypeptides.com/products/ghk-cu-50-mg-6-vial-research-kit/,False,"follow, index, max-snippet:-1, max-video-preview:-1, max-image-preview:large",,text/html,GHK-Cu 50 mg - 6 Vial Research Kit | Research Peptide | OligoPoly Laboratories,Unlock 20% Off Your First OligoPoly Order,2,False,1
https://www.oligopolypeptides.com/products/ghk-cu-50-mg-6-vial-research-kit/?add-to-cart=60,Alternate page with proper canonical tag,200,200,0,https://www.oligopolypeptides.com/products/ghk-cu-50-mg-6-vial-research-kit/?add-to-cart=60,,https://www.oligopolypeptides.com/products/ghk-cu-50-mg-6-vial-research-kit/,False,"follow, index, max-snippet:-1, max-video-preview:-1, max-image-preview:large",,text/html,GHK-Cu 50 mg - 6 Vial Research Kit | Research Peptide | OligoPoly Laboratories,Unlock 20% Off Your First OligoPoly Order,2,False,1
https://www.oligopolypeptides.com/products/ghk-cu-50mg-research-peptide/,Indexable,200,200,0,https://www.oligopolypeptides.com/products/ghk-cu-50mg-research-peptide/,,https://www.oligopolypeptides.com/products/ghk-cu-50mg-research-peptide/,True,"follow, index, max-snippet:-1, max-video-preview:-1, max-image-preview:large",,text/html,GHK-Cu 50mg Research Peptide for Lab Research | OligoPoly,Unlock 20% Off Your First OligoPoly Order,2,True,28
https://www.oligopolypeptides.com/products/ghk-cu-50mg-research-peptide/?add-to-cart=12,Alternate page with proper canonical tag,200,200,0,https://www.oligopolypeptides.com/products/ghk-cu-50mg-research-peptide/?add-to-cart=12,,https://www.oligopolypeptides.com/products/ghk-cu-50mg-research-peptide/,False,"follow, index, max-snippet:-1, max-video-preview:-1, max-image-preview:large",,text/html,GHK-Cu 50mg Research Peptide for Lab Research | OligoPoly,Unlock 20% Off Your First OligoPoly Order,2,False,1
https://www.oligopolypeptides.com/products/ghk-cu-50mg-research-peptide/?add-to-cart=39,Alternate page with proper canonical tag,200,200,0,https://www.oligopolypeptides.com/products/ghk-cu-50mg-research-peptide/?add-to-cart=39,,https://www.oligopolypeptides.com/products/ghk-cu-50mg-research-peptide/,False,"follow, index, max-snippet:-1, max-video-preview:-1, max-image-preview:large",,text/html,GHK-Cu 50mg Research Peptide for Lab Research | OligoPoly,Unlock 20% Off Your First OligoPoly Order,2,False,1
https://www.oligopolypeptides.com/products/ghk-cu-50mg-research-peptide/?add-to-cart=47,Alternate page with proper canonical tag,200,200,0,https://www.oligopolypeptides.com/products/ghk-cu-50mg-research-peptide/?add-to-cart=47,,https://www.oligopolypeptides.com/products/ghk-cu-50mg-research-peptide/,False,"follow, index, max-snippet:-1, max-video-preview:-1, max-image-preview:large",,text/html,GHK-Cu 50mg Research Peptide for Lab Research | OligoPoly,Unlock 20% Off Your First OligoPoly Order,2,False,1
https://www.oligopolypeptides.com/products/ghk-cu-50mg-research-peptide/?add-to-cart=60,Alternate page with proper canonical tag,200,200,0,https://www.oligopolypeptides.com/products/ghk-cu-50mg-research-peptide/?add-to-cart=60,,https://www.oligopolypeptides.com/products/ghk-cu-50mg-research-peptide/,False,"follow, index, max-snippet:-1, max-video-preview:-1, max-image-preview:large",,text/html,GHK-Cu 50mg Research Peptide for Lab Research | OligoPoly,Unlock 20% Off Your First OligoPoly Order,2,False,1
https://www.oligopolypeptides.com/products/igf-1-lr3,Not found (404),301,404,1,https://www.oligopolypeptides.com/products/igf-1-lr3-1mg-research-peptide/,https://www.oligopolypeptides.com/products/igf-1-lr3-1mg-research-peptide/,,False,"follow, noindex",,text/html,IGF-1 LR3 1mg Research Peptide for Lab Research | OligoPoly,Unlock 20% Off Your First OligoPoly Order,2,False,1
https://www.oligopolypeptides.com/products/ipamorelin,Page with redirect,301,200,2,https://www.oligopolypeptides.com/cjc-1295-vs-ipamorelin/,https://www.oligopolypeptides.com/products/ipamorelin-5mg-research-peptide/ -> https://www.oligopolypeptides.com/cjc-1295-vs-ipamorelin/,https://www.oligopolypeptides.com/cjc-1295-vs-ipamorelin/,True,"follow, index, max-snippet:-1, max-video-preview:-1, max-image-preview:large",,text/html,CJC-1295 vs Ipamorelin | GHRH vs GHSR Research | OligoPoly Laboratories,Unlock 20% Off Your First OligoPoly Order,3,False,2
https://www.oligopolypeptides.com/products/klow-blend-research-peptide/,Indexable,200,200,0,https://www.oligopolypeptides.com/products/klow-blend-research-peptide/,,https://www.oligopolypeptides.com/products/klow-blend-research-peptide/,True,"follow, index, max-snippet:-1, max-video-preview:-1, max-image-preview:large",,text/html,KLOW Blend Research Peptide | OligoPoly Laboratories,Unlock 20% Off Your First OligoPoly Order,2,True,13
https://www.oligopolypeptides.com/products/klow-blend-research-peptide/?add-to-cart=1942,Alternate page with proper canonical tag,200,200,0,https://www.oligopolypeptides.com/products/klow-blend-research-peptide/?add-to-cart=1942,,https://www.oligopolypeptides.com/products/klow-blend-research-peptide/,False,"follow, index, max-snippet:-1, max-video-preview:-1, max-image-preview:large",,text/html,KLOW Blend Research Peptide | OligoPoly Laboratories,Unlock 20% Off Your First OligoPoly Order,2,False,1
https://www.oligopolypeptides.com/products/klow-blend-research-peptide/?add-to-cart=3468,Alternate page with proper canonical tag,200,200,0,https://www.oligopolypeptides.com/products/klow-blend-research-peptide/?add-to-cart=3468,,https://www.oligopolypeptides.com/products/klow-blend-research-peptide/,False,"follow, index, max-snippet:-1, max-video-preview:-1, max-image-preview:large",,text/html,KLOW Blend Research Peptide | OligoPoly Laboratories,Unlock 20% Off Your First OligoPoly Order,2,False,1
https://www.oligopolypeptides.com/products/klow-blend-research-peptide/?add-to-cart=3619,Alternate page with proper canonical tag,200,200,0,https://www.oligopolypeptides.com/products/klow-blend-research-peptide/?add-to-cart=3619,,https://www.oligopolypeptides.com/products/klow-blend-research-peptide/,False,"follow, index, max-snippet:-1, max-video-preview:-1, max-image-preview:large",,text/html,KLOW Blend Research Peptide | OligoPoly Laboratories,Unlock 20% Off Your First OligoPoly Order,2,False,1
https://www.oligopolypeptides.com/products/klow-blend-research-peptide/?add-to-cart=52,Alternate page with proper canonical tag,200,200,0,https://www.oligopolypeptides.com/products/klow-blend-research-peptide/?add-to-cart=52,,https://www.oligopolypeptides.com/products/klow-blend-research-peptide/,False,"follow, index, max-snippet:-1, max-video-preview:-1, max-image-preview:large",,text/html,KLOW Blend Research Peptide | OligoPoly Laboratories,Unlock 20% Off Your First OligoPoly Order,2,False,1
https://www.oligopolypeptides.com/products/kpv,Page with redirect,301,200,1,https://www.oligopolypeptides.com/products/kpv-10mg-research-peptide/,https://www.oligopolypeptides.com/products/kpv-10mg-research-peptide/,https://www.oligopolypeptides.com/products/kpv-10mg-research-peptide/,True,"follow, index, max-snippet:-1, max-video-preview:-1, max-image-preview:large",,text/html,KPV 10mg Research Peptide | OligoPoly Laboratories,Unlock 20% Off Your First OligoPoly Order,2,False,2
https://www.oligopolypeptides.com/products/kpv-10-mg-ghk-cu-50-mg-research-blend/,Indexable,200,200,0,https://www.oligopolypeptides.com/products/kpv-10-mg-ghk-cu-50-mg-research-blend/,,https://www.oligopolypeptides.com/products/kpv-10-mg-ghk-cu-50-mg-research-blend/,True,"follow, index, max-snippet:-1, max-video-preview:-1, max-image-preview:large",,text/html,KPV 10 mg + GHK-Cu 50 mg Research Blend | Research Peptide | OligoPoly Laboratories,Unlock 20% Off Your First OligoPoly Order,2,True,11
https://www.oligopolypeptides.com/products/kpv-10-mg-ghk-cu-50-mg-research-blend/?add-to-cart=3619,Alternate page with proper canonical tag,200,200,0,https://www.oligopolypeptides.com/products/kpv-10-mg-ghk-cu-50-mg-research-blend/?add-to-cart=3619,,https://www.oligopolypeptides.com/products/kpv-10-mg-ghk-cu-50-mg-research-blend/,False,"follow, index, max-snippet:-1, max-video-preview:-1, max-image-preview:large",,text/html,KPV 10 mg + GHK-Cu 50 mg Research Blend | Research Peptide | OligoPoly Laboratories,Unlock 20% Off Your First OligoPoly Order,2,False,1
https://www.oligopolypeptides.com/products/kpv-10-mg-ghk-cu-50-mg-research-blend/?add-to-cart=459,Alternate page with proper canonical tag,200,200,0,https://www.oligopolypeptides.com/products/kpv-10-mg-ghk-cu-50-mg-research-blend/?add-to-cart=459,,https://www.oligopolypeptides.com/products/kpv-10-mg-ghk-cu-50-mg-research-blend/,False,"follow, index, max-snippet:-1, max-video-preview:-1, max-image-preview:large",,text/html,KPV 10 mg + GHK-Cu 50 mg Research Blend | Research Peptide | OligoPoly Laboratories,Unlock 20% Off Your First OligoPoly Order,2,False,1
https://www.oligopolypeptides.com/products/kpv-10-mg-ghk-cu-50-mg-research-blend/?add-to-cart=55,Alternate page with proper canonical tag,200,200,0,https://www.oligopolypeptides.com/products/kpv-10-mg-ghk-cu-50-mg-research-blend/?add-to-cart=55,,https://www.oligopolypeptides.com/products/kpv-10-mg-ghk-cu-50-mg-research-blend/,False,"follow, index, max-snippet:-1, max-video-preview:-1, max-image-preview:large",,text/html,KPV 10 mg + GHK-Cu 50 mg Research Blend | Research Peptide | OligoPoly Laboratories,Unlock 20% Off Your First OligoPoly Order,2,False,1
https://www.oligopolypeptides.com/products/kpv-10mg-research-peptide/,Indexable,200,200,0,https://www.oligopolypeptides.com/products/kpv-10mg-research-peptide/,,https://www.oligopolypeptides.com/products/kpv-10mg-research-peptide/,True,"follow, index, max-snippet:-1, max-video-preview:-1, max-image-preview:large",,text/html,KPV 10mg Research Peptide | OligoPoly Laboratories,Unlock 20% Off Your First OligoPoly Order,2,True,17
https://www.oligopolypeptides.com/products/kpv-10mg-research-peptide/?add-to-cart=3395,Alternate page with proper canonical tag,200,200,0,https://www.oligopolypeptides.com/products/kpv-10mg-research-peptide/?add-to-cart=3395,,https://www.oligopolypeptides.com/products/kpv-10mg-research-peptide/,False,"follow, index, max-snippet:-1, max-video-preview:-1, max-image-preview:large",,text/html,KPV 10mg Research Peptide | OligoPoly Laboratories,Unlock 20% Off Your First OligoPoly Order,2,False,1
https://www.oligopolypeptides.com/products/kpv-10mg-research-peptide/?add-to-cart=3620,Alternate page with proper canonical tag,200,200,0,https://www.oligopolypeptides.com/products/kpv-10mg-research-peptide/?add-to-cart=3620,,https://www.oligopolypeptides.com/products/kpv-10mg-research-peptide/,False,"follow, index, max-snippet:-1, max-video-preview:-1, max-image-preview:large",,text/html,KPV 10mg Research Peptide | OligoPoly Laboratories,Unlock 20% Off Your First OligoPoly Order,2,False,1
https://www.oligopolypeptides.com/products/kpv-10mg-research-peptide/?add-to-cart=47,Alternate page with proper canonical tag,200,200,0,https://www.oligopolypeptides.com/products/kpv-10mg-research-peptide/?add-to-cart=47,,https://www.oligopolypeptides.com/products/kpv-10mg-research-peptide/,False,"follow, index, max-snippet:-1, max-video-preview:-1, max-image-preview:large",,text/html,KPV 10mg Research Peptide | OligoPoly Laboratories,Unlock 20% Off Your First OligoPoly Order,2,False,1
https://www.oligopolypeptides.com/products/kpv-10mg-research-peptide/?add-to-cart=49,Alternate page with proper canonical tag,200,200,0,https://www.oligopolypeptides.com/products/kpv-10mg-research-peptide/?add-to-cart=49,,https://www.oligopolypeptides.com/products/kpv-10mg-research-peptide/,False,"follow, index, max-snippet:-1, max-video-preview:-1, max-image-preview:large",,text/html,KPV 10mg Research Peptide | OligoPoly Laboratories,Unlock 20% Off Your First OligoPoly Order,2,False,1
https://www.oligopolypeptides.com/products/melanotan-ii,Not found (404),301,404,1,https://www.oligopolypeptides.com/products/melanotan-ii-10mg-research-peptide/,https://www.oligopolypeptides.com/products/melanotan-ii-10mg-research-peptide/,,False,"follow, noindex",,text/html,Page Not Found | OligoPoly Laboratories,Unlock 20% Off Your First OligoPoly Order,2,False,1
https://www.oligopolypeptides.com/products/metabolic-pathways-research-collection/,Indexable,200,200,0,https://www.oligopolypeptides.com/products/metabolic-pathways-research-collection/,,https://www.oligopolypeptides.com/products/metabolic-pathways-research-collection/,True,"follow, index, max-snippet:-1, max-video-preview:-1, max-image-preview:large",,text/html,Metabolic Pathways Research Collection | Research Peptide | OligoPoly Laboratories,Unlock 20% Off Your First OligoPoly Order,2,True,5
https://www.oligopolypeptides.com/products/metabolic-pathways-research-collection/?add-to-cart=3396,Alternate page with proper canonical tag,200,200,0,https://www.oligopolypeptides.com/products/metabolic-pathways-research-collection/?add-to-cart=3396,,https://www.oligopolypeptides.com/products/metabolic-pathways-research-collection/,False,"follow, index, max-snippet:-1, max-video-preview:-1, max-image-preview:large",,text/html,Metabolic Pathways Research Collection | Research Peptide | OligoPoly Laboratories,Unlock 20% Off Your First OligoPoly Order,2,False,1
https://www.oligopolypeptides.com/products/metabolic-pathways-research-collection/?add-to-cart=3457,Alternate page with proper canonical tag,200,200,0,https://www.oligopolypeptides.com/products/metabolic-pathways-research-collection/?add-to-cart=3457,,https://www.oligopolypeptides.com/products/metabolic-pathways-research-collection/,False,"follow, index, max-snippet:-1, max-video-preview:-1, max-image-preview:large",,text/html,Metabolic Pathways Research Collection | Research Peptide | OligoPoly Laboratories,Unlock 20% Off Your First OligoPoly Order,2,False,1
https://www.oligopolypeptides.com/products/metabolic-pathways-research-collection/?add-to-cart=3472,Alternate page with proper canonical tag,200,200,0,https://www.oligopolypeptides.com/products/metabolic-pathways-research-collection/?add-to-cart=3472,,https://www.oligopolypeptides.com/products/metabolic-pathways-research-collection/,False,"follow, index, max-snippet:-1, max-video-preview:-1, max-image-preview:large",,text/html,Metabolic Pathways Research Collection | Research Peptide | OligoPoly Laboratories,Unlock 20% Off Your First OligoPoly Order,2,False,1
https://www.oligopolypeptides.com/products/mitochondrial-signaling-collection/,Indexable,200,200,0,https://www.oligopolypeptides.com/products/mitochondrial-signaling-collection/,,https://www.oligopolypeptides.com/products/mitochondrial-signaling-collection/,True,"follow, index, max-snippet:-1, max-video-preview:-1, max-image-preview:large",,text/html,Mitochondrial Signaling Collection | OligoPoly Laboratories,Unlock 20% Off Your First OligoPoly Order,2,True,5
https://www.oligopolypeptides.com/products/mitochondrial-signaling-collection/?add-to-cart=443,Alternate page with proper canonical tag,200,200,0,https://www.oligopolypeptides.com/products/mitochondrial-signaling-collection/?add-to-cart=443,,https://www.oligopolypeptides.com/products/mitochondrial-signaling-collection/,False,"follow, index, max-snippet:-1, max-video-preview:-1, max-image-preview:large",,text/html,Mitochondrial Signaling Collection | OligoPoly Laboratories,Unlock 20% Off Your First OligoPoly Order,2,False,1
https://www.oligopolypeptides.com/products/mots-c,Page with redirect,301,200,1,https://www.oligopolypeptides.com/products/mots-c-10mg-research-peptide/,https://www.oligopolypeptides.com/products/mots-c-10mg-research-peptide/,https://www.oligopolypeptides.com/products/mots-c-10mg-research-peptide/,True,"follow, index, max-snippet:-1, max-video-preview:-1, max-image-preview:large",,text/html,MOTS-c 10mg Research Peptide for Lab Research | OligoPoly,Unlock 20% Off Your First OligoPoly Order,2,False,3
https://www.oligopolypeptides.com/products/mots-c-10mg-research-peptide/,Indexable,200,200,0,https://www.oligopolypeptides.com/products/mots-c-10mg-research-peptide/,,https://www.oligopolypeptides.com/products/mots-c-10mg-research-peptide/,True,"follow, index, max-snippet:-1, max-video-preview:-1, max-image-preview:large",,text/html,MOTS-c 10mg Research Peptide for Lab Research | OligoPoly,Unlock 20% Off Your First OligoPoly Order,2,True,25
https://www.oligopolypeptides.com/products/mots-c-10mg-research-peptide/?add-to-cart=3459,Alternate page with proper canonical tag,200,200,0,https://www.oligopolypeptides.com/products/mots-c-10mg-research-peptide/?add-to-cart=3459,,https://www.oligopolypeptides.com/products/mots-c-10mg-research-peptide/,False,"follow, index, max-snippet:-1, max-video-preview:-1, max-image-preview:large",,text/html,MOTS-c 10mg Research Peptide for Lab Research | OligoPoly,Unlock 20% Off Your First OligoPoly Order,2,False,1
https://www.oligopolypeptides.com/products/mots-c-10mg-research-peptide/?add-to-cart=446,Alternate page with proper canonical tag,200,200,0,https://www.oligopolypeptides.com/products/mots-c-10mg-research-peptide/?add-to-cart=446,,https://www.oligopolypeptides.com/products/mots-c-10mg-research-peptide/,False,"follow, index, max-snippet:-1, max-video-preview:-1, max-image-preview:large",,text/html,MOTS-c 10mg Research Peptide for Lab Research | OligoPoly,Unlock 20% Off Your First OligoPoly Order,2,False,1
https://www.oligopolypeptides.com/products/mots-c-10mg-research-peptide/?add-to-cart=459,Alternate page with proper canonical tag,200,200,0,https://www.oligopolypeptides.com/products/mots-c-10mg-research-peptide/?add-to-cart=459,,https://www.oligopolypeptides.com/products/mots-c-10mg-research-peptide/,False,"follow, index, max-snippet:-1, max-video-preview:-1, max-image-preview:large",,text/html,MOTS-c 10mg Research Peptide for Lab Research | OligoPoly,Unlock 20% Off Your First OligoPoly Order,2,False,1
https://www.oligopolypeptides.com/products/nad-500-mg-6-vial-research-kit/,Indexable,200,200,0,https://www.oligopolypeptides.com/products/nad-500-mg-6-vial-research-kit/,,https://www.oligopolypeptides.com/products/nad-500-mg-6-vial-research-kit/,True,"follow, index, max-snippet:-1, max-video-preview:-1, max-image-preview:large",,text/html,NAD+ 500 mg - 6 Vial Research Kit | Research Peptide | OligoPoly Laboratories,Unlock 20% Off Your First OligoPoly Order,2,True,7
https://www.oligopolypeptides.com/products/nad-500-mg-6-vial-research-kit/?add-to-cart=3621,Alternate page with proper canonical tag,200,200,0,https://www.oligopolypeptides.com/products/nad-500-mg-6-vial-research-kit/?add-to-cart=3621,,https://www.oligopolypeptides.com/products/nad-500-mg-6-vial-research-kit/,False,"follow, index, max-snippet:-1, max-video-preview:-1, max-image-preview:large",,text/html,NAD+ 500 mg - 6 Vial Research Kit | Research Peptide | OligoPoly Laboratories,Unlock 20% Off Your First OligoPoly Order,2,False,1
https://www.oligopolypeptides.com/products/nad-500-mg-6-vial-research-kit/?add-to-cart=443,Alternate page with proper canonical tag,200,200,0,https://www.oligopolypeptides.com/products/nad-500-mg-6-vial-research-kit/?add-to-cart=443,,https://www.oligopolypeptides.com/products/nad-500-mg-6-vial-research-kit/,False,"follow, index, max-snippet:-1, max-video-preview:-1, max-image-preview:large",,text/html,NAD+ 500 mg - 6 Vial Research Kit | Research Peptide | OligoPoly Laboratories,Unlock 20% Off Your First OligoPoly Order,2,False,1
https://www.oligopolypeptides.com/products/nad-500-mg-6-vial-research-kit/?add-to-cart=63,Alternate page with proper canonical tag,200,200,0,https://www.oligopolypeptides.com/products/nad-500-mg-6-vial-research-kit/?add-to-cart=63,,https://www.oligopolypeptides.com/products/nad-500-mg-6-vial-research-kit/,False,"follow, index, max-snippet:-1, max-video-preview:-1, max-image-preview:large",,text/html,NAD+ 500 mg - 6 Vial Research Kit | Research Peptide | OligoPoly Laboratories,Unlock 20% Off Your First OligoPoly Order,2,False,1
https://www.oligopolypeptides.com/products/nad-500mg-research-compound/,Indexable,200,200,0,https://www.oligopolypeptides.com/products/nad-500mg-research-compound/,,https://www.oligopolypeptides.com/products/nad-500mg-research-compound/,True,"follow, index, max-snippet:-1, max-video-preview:-1, max-image-preview:large",,text/html,NAD+ 500mg Research Compound for Lab Research | OligoPoly,Unlock 20% Off Your First OligoPoly Order,2,True,22
https://www.oligopolypeptides.com/products/nad-500mg-research-compound/?add-to-cart=3396,Alternate page with proper canonical tag,200,200,0,https://www.oligopolypeptides.com/products/nad-500mg-research-compound/?add-to-cart=3396,,https://www.oligopolypeptides.com/products/nad-500mg-research-compound/,False,"follow, index, max-snippet:-1, max-video-preview:-1, max-image-preview:large",,text/html,NAD+ 500mg Research Compound for Lab Research | OligoPoly,Unlock 20% Off Your First OligoPoly Order,2,False,1
https://www.oligopolypeptides.com/products/nad-500mg-research-compound/?add-to-cart=458,Alternate page with proper canonical tag,200,200,0,https://www.oligopolypeptides.com/products/nad-500mg-research-compound/?add-to-cart=458,,https://www.oligopolypeptides.com/products/nad-500mg-research-compound/,False,"follow, index, max-snippet:-1, max-video-preview:-1, max-image-preview:large",,text/html,NAD+ 500mg Research Compound for Lab Research | OligoPoly,Unlock 20% Off Your First OligoPoly Order,2,False,1
https://www.oligopolypeptides.com/products/nad-500mg-research-compound/?add-to-cart=47,Alternate page with proper canonical tag,200,200,0,https://www.oligopolypeptides.com/products/nad-500mg-research-compound/?add-to-cart=47,,https://www.oligopolypeptides.com/products/nad-500mg-research-compound/,False,"follow, index, max-snippet:-1, max-video-preview:-1, max-image-preview:large",,text/html,NAD+ 500mg Research Compound for Lab Research | OligoPoly,Unlock 20% Off Your First OligoPoly Order,2,False,1
https://www.oligopolypeptides.com/products/neuropeptide-signaling-Research Panel/,Malformed URL (not crawlable),0,0,0,https://www.oligopolypeptides.com/products/neuropeptide-signaling-Research Panel/,,,False,,,,,,0,False,2
https://www.oligopolypeptides.com/products/peg-mgf-2mg-research-peptide/,Not found (404),404,404,0,https://www.oligopolypeptides.com/products/peg-mgf-2mg-research-peptide/,,,False,"follow, noindex",,text/html,Page Not Found | OligoPoly Laboratories,Unlock 20% Off Your First OligoPoly Order,2,False,1
https://www.oligopolypeptides.com/products/performance-extracellular-matrix-signaling-Research Panel/,Malformed URL (not crawlable),0,0,0,https://www.oligopolypeptides.com/products/performance-extracellular-matrix-signaling-Research Panel/,,,False,,,,,,0,False,2
https://www.oligopolypeptides.com/products/pinealon,Page with redirect,301,200,1,https://www.oligopolypeptides.com/epitalon-pinealon-research-comparison/,https://www.oligopolypeptides.com/epitalon-pinealon-research-comparison/,https://www.oligopolypeptides.com/epitalon-pinealon-research-comparison/,True,"follow, index, max-snippet:-1, max-video-preview:-1, max-image-preview:large",,text/html,Epitalon + Pinealon Research Comparison | OligoPoly Laboratories,Unlock 20% Off Your First OligoPoly Order,2,False,2
https://www.oligopolypeptides.com/products/pt-141,Page with redirect,301,200,1,https://www.oligopolypeptides.com/products/pt-141-10mg-research-peptide/,https://www.oligopolypeptides.com/products/pt-141-10mg-research-peptide/,https://www.oligopolypeptides.com/products/pt-141-10mg-research-peptide/,True,"follow, index, max-snippet:-1, max-video-preview:-1, max-image-preview:large",,text/html,PT-141 10mg Research Peptide | OligoPoly Laboratories,Unlock 20% Off Your First OligoPoly Order,2,False,1
https://www.oligopolypeptides.com/products/pt-141-10mg-research-peptide/,Indexable,200,200,0,https://www.oligopolypeptides.com/products/pt-141-10mg-research-peptide/,,https://www.oligopolypeptides.com/products/pt-141-10mg-research-peptide/,True,"follow, index, max-snippet:-1, max-video-preview:-1, max-image-preview:large",,text/html,PT-141 10mg Research Peptide | OligoPoly Laboratories,Unlock 20% Off Your First OligoPoly Order,2,True,13
https://www.oligopolypeptides.com/products/pt-141-10mg-research-peptide/?add-to-cart=12,Alternate page with proper canonical tag,200,200,0,https://www.oligopolypeptides.com/products/pt-141-10mg-research-peptide/?add-to-cart=12,,https://www.oligopolypeptides.com/products/pt-141-10mg-research-peptide/,False,"follow, index, max-snippet:-1, max-video-preview:-1, max-image-preview:large",,text/html,PT-141 10mg Research Peptide | OligoPoly Laboratories,Unlock 20% Off Your First OligoPoly Order,2,False,1
https://www.oligopolypeptides.com/products/pt-141-10mg-research-peptide/?add-to-cart=3397,Alternate page with proper canonical tag,200,200,0,https://www.oligopolypeptides.com/products/pt-141-10mg-research-peptide/?add-to-cart=3397,,https://www.oligopolypeptides.com/products/pt-141-10mg-research-peptide/,False,"follow, index, max-snippet:-1, max-video-preview:-1, max-image-preview:large",,text/html,PT-141 10mg Research Peptide | OligoPoly Laboratories,Unlock 20% Off Your First OligoPoly Order,2,False,1
https://www.oligopolypeptides.com/products/pt-141-10mg-research-peptide/?add-to-cart=3619,Alternate page with proper canonical tag,200,200,0,https://www.oligopolypeptides.com/products/pt-141-10mg-research-peptide/?add-to-cart=3619,,https://www.oligopolypeptides.com/products/pt-141-10mg-research-peptide/,False,"follow, index, max-snippet:-1, max-video-preview:-1, max-image-preview:large",,text/html,PT-141 10mg Research Peptide | OligoPoly Laboratories,Unlock 20% Off Your First OligoPoly Order,2,False,1
https://www.oligopolypeptides.com/products/pt-141-10mg-research-peptide/?add-to-cart=39,Alternate page with proper canonical tag,200,200,0,https://www.oligopolypeptides.com/products/pt-141-10mg-research-peptide/?add-to-cart=39,,https://www.oligopolypeptides.com/products/pt-141-10mg-research-peptide/,False,"follow, index, max-snippet:-1, max-video-preview:-1, max-image-preview:large",,text/html,PT-141 10mg Research Peptide | OligoPoly Laboratories,Unlock 20% Off Your First OligoPoly Order,2,False,1
https://www.oligopolypeptides.com/products/recovery-mitochondrial-redox-signaling-Research Panel/,Malformed URL (not crawlable),0,0,0,https://www.oligopolypeptides.com/products/recovery-mitochondrial-redox-signaling-Research Panel/,,,False,,,,,,0,False,2
https://www.oligopolypeptides.com/products/recovery-support-research-Research Panel/,Malformed URL (not crawlable),0,0,0,https://www.oligopolypeptides.com/products/recovery-support-research-Research Panel/,,,False,,,,,,0,False,2
https://www.oligopolypeptides.com/products/retatrutide-10mg-research-peptide/,Indexable,200,200,0,https://www.oligopolypeptides.com/products/retatrutide-10mg-research-peptide/,,https://www.oligopolypeptides.com/products/retatrutide-10mg-research-peptide/,True,"follow, index, max-snippet:-1, max-video-preview:-1, max-image-preview:large",,text/html,Retatrutide 10 mg Research Material | OligoPoly Laboratories,Unlock 20% Off Your First OligoPoly Order,2,True,44
https://www.oligopolypeptides.com/products/retatrutide-10mg-research-peptide/?add-to-cart=3395,Alternate page with proper canonical tag,200,200,0,https://www.oligopolypeptides.com/products/retatrutide-10mg-research-peptide/?add-to-cart=3395,,https://www.oligopolypeptides.com/products/retatrutide-10mg-research-peptide/,False,"follow, index, max-snippet:-1, max-video-preview:-1, max-image-preview:large",,text/html,Retatrutide 10 mg Research Material | OligoPoly Laboratories,Unlock 20% Off Your First OligoPoly Order,2,False,1
https://www.oligopolypeptides.com/products/retatrutide-10mg-research-peptide/?add-to-cart=3472,Alternate page with proper canonical tag,200,200,0,https://www.oligopolypeptides.com/products/retatrutide-10mg-research-peptide/?add-to-cart=3472,,https://www.oligopolypeptides.com/products/retatrutide-10mg-research-peptide/,False,"follow, index, max-snippet:-1, max-video-preview:-1, max-image-preview:large",,text/html,Retatrutide 10 mg Research Material | OligoPoly Laboratories,Unlock 20% Off Your First OligoPoly Order,2,False,1
https://www.oligopolypeptides.com/products/retatrutide-10mg-research-peptide/?add-to-cart=436,Alternate page with proper canonical tag,200,200,0,https://www.oligopolypeptides.com/products/retatrutide-10mg-research-peptide/?add-to-cart=436,,https://www.oligopolypeptides.com/products/retatrutide-10mg-research-peptide/,False,"follow, index, max-snippet:-1, max-video-preview:-1, max-image-preview:large",,text/html,Retatrutide 10 mg Research Material | OligoPoly Laboratories,Unlock 20% Off Your First OligoPoly Order,2,False,1
https://www.oligopolypeptides.com/products/retatrutide-10mg-research-peptide/?add-to-cart=441,Alternate page with proper canonical tag,200,200,0,https://www.oligopolypeptides.com/products/retatrutide-10mg-research-peptide/?add-to-cart=441,,https://www.oligopolypeptides.com/products/retatrutide-10mg-research-peptide/,False,"follow, index, max-snippet:-1, max-video-preview:-1, max-image-preview:large",,text/html,Retatrutide 10 mg Research Material | OligoPoly Laboratories,Unlock 20% Off Your First OligoPoly Order,2,False,1
https://www.oligopolypeptides.com/products/retatrutide-20-mg-6-vial-research-kit/,Indexable,200,200,0,https://www.oligopolypeptides.com/products/retatrutide-20-mg-6-vial-research-kit/,,https://www.oligopolypeptides.com/products/retatrutide-20-mg-6-vial-research-kit/,True,"follow, index, max-snippet:-1, max-video-preview:-1, max-image-preview:large",,text/html,OL-3RT 20 mg - 6 Vial Research Kit | Research Peptide | OligoPoly Laboratories,Unlock 20% Off Your First OligoPoly Order,2,True,5
https://www.oligopolypeptides.com/products/retatrutide-20-mg-6-vial-research-kit/?add-to-cart=3395,Alternate page with proper canonical tag,200,200,0,https://www.oligopolypeptides.com/products/retatrutide-20-mg-6-vial-research-kit/?add-to-cart=3395,,https://www.oligopolypeptides.com/products/retatrutide-20-mg-6-vial-research-kit/,False,"follow, index, max-snippet:-1, max-video-preview:-1, max-image-preview:large",,text/html,OL-3RT 20 mg - 6 Vial Research Kit | Research Peptide | OligoPoly Laboratories,Unlock 20% Off Your First OligoPoly Order,2,False,1
https://www.oligopolypeptides.com/products/retatrutide-20-mg-6-vial-research-kit/?add-to-cart=3396,Alternate page with proper canonical tag,200,200,0,https://www.oligopolypeptides.com/products/retatrutide-20-mg-6-vial-research-kit/?add-to-cart=3396,,https://www.oligopolypeptides.com/products/retatrutide-20-mg-6-vial-research-kit/,False,"follow, index, max-snippet:-1, max-video-preview:-1, max-image-preview:large",,text/html,OL-3RT 20 mg - 6 Vial Research Kit | Research Peptide | OligoPoly Laboratories,Unlock 20% Off Your First OligoPoly Order,2,False,1
https://www.oligopolypeptides.com/products/retatrutide-20-mg-6-vial-research-kit/?add-to-cart=60,Alternate page with proper canonical tag,200,200,0,https://www.oligopolypeptides.com/products/retatrutide-20-mg-6-vial-research-kit/?add-to-cart=60,,https://www.oligopolypeptides.com/products/retatrutide-20-mg-6-vial-research-kit/,False,"follow, index, max-snippet:-1, max-video-preview:-1, max-image-preview:large",,text/html,OL-3RT 20 mg - 6 Vial Research Kit | Research Peptide | OligoPoly Laboratories,Unlock 20% Off Your First OligoPoly Order,2,False,1
https://www.oligopolypeptides.com/products/retatrutide-20mg-research-peptide/,Indexable,200,200,0,https://www.oligopolypeptides.com/products/retatrutide-20mg-research-peptide/,,https://www.oligopolypeptides.com/products/retatrutide-20mg-research-peptide/,True,"follow, index, max-snippet:-1, max-video-preview:-1, max-image-preview:large",,text/html,OL-3RT 20 mg Research Material | Research Peptide | OligoPoly Laboratories,Unlock 20% Off Your First OligoPoly Order,2,True,15
https://www.oligopolypeptides.com/products/retatrutide-20mg-research-peptide/?add-to-cart=3398,Alternate page with proper canonical tag,200,200,0,https://www.oligopolypeptides.com/products/retatrutide-20mg-research-peptide/?add-to-cart=3398,,https://www.oligopolypeptides.com/products/retatrutide-20mg-research-peptide/,False,"follow, index, max-snippet:-1, max-video-preview:-1, max-image-preview:large",,text/html,OL-3RT 20 mg Research Material | Research Peptide | OligoPoly Laboratories,Unlock 20% Off Your First OligoPoly Order,2,False,1
https://www.oligopolypeptides.com/products/retatrutide-20mg-research-peptide/?add-to-cart=3470,Alternate page with proper canonical tag,200,200,0,https://www.oligopolypeptides.com/products/retatrutide-20mg-research-peptide/?add-to-cart=3470,,https://www.oligopolypeptides.com/products/retatrutide-20mg-research-peptide/,False,"follow, index, max-snippet:-1, max-video-preview:-1, max-image-preview:large",,text/html,OL-3RT 20 mg Research Material | Research Peptide | OligoPoly Laboratories,Unlock 20% Off Your First OligoPoly Order,2,False,1
https://www.oligopolypeptides.com/products/retatrutide-20mg-research-peptide/?add-to-cart=39,Alternate page with proper canonical tag,200,200,0,https://www.oligopolypeptides.com/products/retatrutide-20mg-research-peptide/?add-to-cart=39,,https://www.oligopolypeptides.com/products/retatrutide-20mg-research-peptide/,False,"follow, index, max-snippet:-1, max-video-preview:-1, max-image-preview:large",,text/html,OL-3RT 20 mg Research Material | Research Peptide | OligoPoly Laboratories,Unlock 20% Off Your First OligoPoly Order,2,False,1
https://www.oligopolypeptides.com/products/retatrutide-20mg-research-peptide/?add-to-cart=52,Alternate page with proper canonical tag,200,200,0,https://www.oligopolypeptides.com/products/retatrutide-20mg-research-peptide/?add-to-cart=52,,https://www.oligopolypeptides.com/products/retatrutide-20mg-research-peptide/,False,"follow, index, max-snippet:-1, max-video-preview:-1, max-image-preview:large",,text/html,OL-3RT 20 mg Research Material | Research Peptide | OligoPoly Laboratories,Unlock 20% Off Your First OligoPoly Order,2,False,1
https://www.oligopolypeptides.com/products/retatrutide-20mg-research-peptide/?add-to-cart=60,Alternate page with proper canonical tag,200,200,0,https://www.oligopolypeptides.com/products/retatrutide-20mg-research-peptide/?add-to-cart=60,,https://www.oligopolypeptides.com/products/retatrutide-20mg-research-peptide/,False,"follow, index, max-snippet:-1, max-video-preview:-1, max-image-preview:large",,text/html,OL-3RT 20 mg Research Material | Research Peptide | OligoPoly Laboratories,Unlock 20% Off Your First OligoPoly Order,2,False,1
https://www.oligopolypeptides.com/products/retatrutide-5-mg-6-vial-research-kit/,Indexable,200,200,0,https://www.oligopolypeptides.com/products/retatrutide-5-mg-6-vial-research-kit/,,https://www.oligopolypeptides.com/products/retatrutide-5-mg-6-vial-research-kit/,True,"follow, index, max-snippet:-1, max-video-preview:-1, max-image-preview:large",,text/html,OL-3RT 5 mg - 6 Vial Research Kit | Research Peptide | OligoPoly Laboratories,Unlock 20% Off Your First OligoPoly Order,2,True,5
https://www.oligopolypeptides.com/products/retatrutide-5-mg-6-vial-research-kit/?add-to-cart=12,Alternate page with proper canonical tag,200,200,0,https://www.oligopolypeptides.com/products/retatrutide-5-mg-6-vial-research-kit/?add-to-cart=12,,https://www.oligopolypeptides.com/products/retatrutide-5-mg-6-vial-research-kit/,False,"follow, index, max-snippet:-1, max-video-preview:-1, max-image-preview:large",,text/html,OL-3RT 5 mg - 6 Vial Research Kit | Research Peptide | OligoPoly Laboratories,Unlock 20% Off Your First OligoPoly Order,2,False,1
https://www.oligopolypeptides.com/products/retatrutide-5-mg-6-vial-research-kit/?add-to-cart=3395,Alternate page with proper canonical tag,200,200,0,https://www.oligopolypeptides.com/products/retatrutide-5-mg-6-vial-research-kit/?add-to-cart=3395,,https://www.oligopolypeptides.com/products/retatrutide-5-mg-6-vial-research-kit/,False,"follow, index, max-snippet:-1, max-video-preview:-1, max-image-preview:large",,text/html,OL-3RT 5 mg - 6 Vial Research Kit | Research Peptide | OligoPoly Laboratories,Unlock 20% Off Your First OligoPoly Order,2,False,1
https://www.oligopolypeptides.com/products/retatrutide-5-mg-6-vial-research-kit/?add-to-cart=3397,Alternate page with proper canonical tag,200,200,0,https://www.oligopolypeptides.com/products/retatrutide-5-mg-6-vial-research-kit/?add-to-cart=3397,,https://www.oligopolypeptides.com/products/retatrutide-5-mg-6-vial-research-kit/,False,"follow, index, max-snippet:-1, max-video-preview:-1, max-image-preview:large",,text/html,OL-3RT 5 mg - 6 Vial Research Kit | Research Peptide | OligoPoly Laboratories,Unlock 20% Off Your First OligoPoly Order,2,False,1
https://www.oligopolypeptides.com/products/retatrutide-5-mg-6-vial-research-kit/?add-to-cart=60,Alternate page with proper canonical tag,200,200,0,https://www.oligopolypeptides.com/products/retatrutide-5-mg-6-vial-research-kit/?add-to-cart=60,,https://www.oligopolypeptides.com/products/retatrutide-5-mg-6-vial-research-kit/,False,"follow, index, max-snippet:-1, max-video-preview:-1, max-image-preview:large",,text/html,OL-3RT 5 mg - 6 Vial Research Kit | Research Peptide | OligoPoly Laboratories,Unlock 20% Off Your First OligoPoly Order,2,False,1
https://www.oligopolypeptides.com/products/retatrutide-5mg-research-peptide/,Indexable,200,200,0,https://www.oligopolypeptides.com/products/retatrutide-5mg-research-peptide/,,https://www.oligopolypeptides.com/products/retatrutide-5mg-research-peptide/,True,"follow, index, max-snippet:-1, max-video-preview:-1, max-image-preview:large",,text/html,OL-3RT 5 mg Research Material | Research Peptide | OligoPoly Laboratories,Unlock 20% Off Your First OligoPoly Order,2,True,15
https://www.oligopolypeptides.com/products/retatrutide-5mg-research-peptide/?add-to-cart=1942,Alternate page with proper canonical tag,200,200,0,https://www.oligopolypeptides.com/products/retatrutide-5mg-research-peptide/?add-to-cart=1942,,https://www.oligopolypeptides.com/products/retatrutide-5mg-research-peptide/,False,"follow, index, max-snippet:-1, max-video-preview:-1, max-image-preview:large",,text/html,OL-3RT 5 mg Research Material | Research Peptide | OligoPoly Laboratories,Unlock 20% Off Your First OligoPoly Order,2,False,1
https://www.oligopolypeptides.com/products/retatrutide-5mg-research-peptide/?add-to-cart=3397,Alternate page with proper canonical tag,200,200,0,https://www.oligopolypeptides.com/products/retatrutide-5mg-research-peptide/?add-to-cart=3397,,https://www.oligopolypeptides.com/products/retatrutide-5mg-research-peptide/,False,"follow, index, max-snippet:-1, max-video-preview:-1, max-image-preview:large",,text/html,OL-3RT 5 mg Research Material | Research Peptide | OligoPoly Laboratories,Unlock 20% Off Your First OligoPoly Order,2,False,1
https://www.oligopolypeptides.com/products/retatrutide-5mg-research-peptide/?add-to-cart=3465,Alternate page with proper canonical tag,200,200,0,https://www.oligopolypeptides.com/products/retatrutide-5mg-research-peptide/?add-to-cart=3465,,https://www.oligopolypeptides.com/products/retatrutide-5mg-research-peptide/,False,"follow, index, max-snippet:-1, max-video-preview:-1, max-image-preview:large",,text/html,OL-3RT 5 mg Research Material | Research Peptide | OligoPoly Laboratories,Unlock 20% Off Your First OligoPoly Order,2,False,1
https://www.oligopolypeptides.com/products/retatrutide-5mg-research-peptide/?add-to-cart=3620,Alternate page with proper canonical tag,200,200,0,https://www.oligopolypeptides.com/products/retatrutide-5mg-research-peptide/?add-to-cart=3620,,https://www.oligopolypeptides.com/products/retatrutide-5mg-research-peptide/,False,"follow, index, max-snippet:-1, max-video-preview:-1, max-image-preview:large",,text/html,OL-3RT 5 mg Research Material | Research Peptide | OligoPoly Laboratories,Unlock 20% Off Your First OligoPoly Order,2,False,1
https://www.oligopolypeptides.com/products/retatrutide-5mg-research-peptide/?add-to-cart=39,Alternate page with proper canonical tag,200,200,0,https://www.oligopolypeptides.com/products/retatrutide-5mg-research-peptide/?add-to-cart=39,,https://www.oligopolypeptides.com/products/retatrutide-5mg-research-peptide/,False,"follow, index, max-snippet:-1, max-video-preview:-1, max-image-preview:large",,text/html,OL-3RT 5 mg Research Material | Research Peptide | OligoPoly Laboratories,Unlock 20% Off Your First OligoPoly Order,2,False,1
https://www.oligopolypeptides.com/products/retatrutide-5mg-research-peptide/?add-to-cart=443,Alternate page with proper canonical tag,200,200,0,https://www.oligopolypeptides.com/products/retatrutide-5mg-research-peptide/?add-to-cart=443,,https://www.oligopolypeptides.com/products/retatrutide-5mg-research-peptide/,False,"follow, index, max-snippet:-1, max-video-preview:-1, max-image-preview:large",,text/html,OL-3RT 5 mg Research Material | Research Peptide | OligoPoly Laboratories,Unlock 20% Off Your First OligoPoly Order,2,False,1
https://www.oligopolypeptides.com/products/retatrutide-5mg-research-peptide/?add-to-cart=459,Alternate page with proper canonical tag,200,200,0,https://www.oligopolypeptides.com/products/retatrutide-5mg-research-peptide/?add-to-cart=459,,https://www.oligopolypeptides.com/products/retatrutide-5mg-research-peptide/,False,"follow, index, max-snippet:-1, max-video-preview:-1, max-image-preview:large",,text/html,OL-3RT 5 mg Research Material | Research Peptide | OligoPoly Laboratories,Unlock 20% Off Your First OligoPoly Order,2,False,1
https://www.oligopolypeptides.com/products/retatrutide-5mg-research-peptide/?add-to-cart=47,Alternate page with proper canonical tag,200,200,0,https://www.oligopolypeptides.com/products/retatrutide-5mg-research-peptide/?add-to-cart=47,,https://www.oligopolypeptides.com/products/retatrutide-5mg-research-peptide/,False,"follow, index, max-snippet:-1, max-video-preview:-1, max-image-preview:large",,text/html,OL-3RT 5 mg Research Material | Research Peptide | OligoPoly Laboratories,Unlock 20% Off Your First OligoPoly Order,2,False,1
https://www.oligopolypeptides.com/products/selank-5-mg-6-vial-research-kit/,Indexable,200,200,0,https://www.oligopolypeptides.com/products/selank-5-mg-6-vial-research-kit/,,https://www.oligopolypeptides.com/products/selank-5-mg-6-vial-research-kit/,True,"follow, index, max-snippet:-1, max-video-preview:-1, max-image-preview:large",,text/html,Selank 5 mg - 6 Vial Research Kit | Research Peptide | OligoPoly Laboratories,Unlock 20% Off Your First OligoPoly Order,2,True,3
https://www.oligopolypeptides.com/products/selank-5-mg-6-vial-research-kit/?add-to-cart=3454,Alternate page with proper canonical tag,200,200,0,https://www.oligopolypeptides.com/products/selank-5-mg-6-vial-research-kit/?add-to-cart=3454,,https://www.oligopolypeptides.com/products/selank-5-mg-6-vial-research-kit/,False,"follow, index, max-snippet:-1, max-video-preview:-1, max-image-preview:large",,text/html,Selank 5 mg - 6 Vial Research Kit | Research Peptide | OligoPoly Laboratories,Unlock 20% Off Your First OligoPoly Order,2,False,1
https://www.oligopolypeptides.com/products/selank-5-mg-6-vial-research-kit/?add-to-cart=3472,Alternate page with proper canonical tag,200,200,0,https://www.oligopolypeptides.com/products/selank-5-mg-6-vial-research-kit/?add-to-cart=3472,,https://www.oligopolypeptides.com/products/selank-5-mg-6-vial-research-kit/,False,"follow, index, max-snippet:-1, max-video-preview:-1, max-image-preview:large",,text/html,Selank 5 mg - 6 Vial Research Kit | Research Peptide | OligoPoly Laboratories,Unlock 20% Off Your First OligoPoly Order,2,False,1
https://www.oligopolypeptides.com/products/selank-5-mg-6-vial-research-kit/?add-to-cart=446,Alternate page with proper canonical tag,200,200,0,https://www.oligopolypeptides.com/products/selank-5-mg-6-vial-research-kit/?add-to-cart=446,,https://www.oligopolypeptides.com/products/selank-5-mg-6-vial-research-kit/,False,"follow, index, max-snippet:-1, max-video-preview:-1, max-image-preview:large",,text/html,Selank 5 mg - 6 Vial Research Kit | Research Peptide | OligoPoly Laboratories,Unlock 20% Off Your First OligoPoly Order,2,False,1
https://www.oligopolypeptides.com/products/selank-5mg-research-peptide/,Indexable,200,200,0,https://www.oligopolypeptides.com/products/selank-5mg-research-peptide/,,https://www.oligopolypeptides.com/products/selank-5mg-research-peptide/,True,"follow, index, max-snippet:-1, max-video-preview:-1, max-image-preview:large",,text/html,Selank 5mg Research Peptide for Lab Research | OligoPoly,Unlock 20% Off Your First OligoPoly Order,2,True,14
https://www.oligopolypeptides.com/products/selank-5mg-research-peptide/?add-to-cart=3468,Alternate page with proper canonical tag,200,200,0,https://www.oligopolypeptides.com/products/selank-5mg-research-peptide/?add-to-cart=3468,,https://www.oligopolypeptides.com/products/selank-5mg-research-peptide/,False,"follow, index, max-snippet:-1, max-video-preview:-1, max-image-preview:large",,text/html,Selank 5mg Research Peptide for Lab Research | OligoPoly,Unlock 20% Off Your First OligoPoly Order,2,False,1
https://www.oligopolypeptides.com/products/selank-5mg-research-peptide/?add-to-cart=458,Alternate page with proper canonical tag,200,200,0,https://www.oligopolypeptides.com/products/selank-5mg-research-peptide/?add-to-cart=458,,https://www.oligopolypeptides.com/products/selank-5mg-research-peptide/,False,"follow, index, max-snippet:-1, max-video-preview:-1, max-image-preview:large",,text/html,Selank 5mg Research Peptide for Lab Research | OligoPoly,Unlock 20% Off Your First OligoPoly Order,2,False,1
https://www.oligopolypeptides.com/products/selank-5mg-research-peptide/?add-to-cart=459,Alternate page with proper canonical tag,200,200,0,https://www.oligopolypeptides.com/products/selank-5mg-research-peptide/?add-to-cart=459,,https://www.oligopolypeptides.com/products/selank-5mg-research-peptide/,False,"follow, index, max-snippet:-1, max-video-preview:-1, max-image-preview:large",,text/html,Selank 5mg Research Peptide for Lab Research | OligoPoly,Unlock 20% Off Your First OligoPoly Order,2,False,1
https://www.oligopolypeptides.com/products/semaglutide-10mg-research-peptide/,Page with redirect,301,200,1,https://www.oligopolypeptides.com/semaglutide-vs-tirzepatide/,https://www.oligopolypeptides.com/semaglutide-vs-tirzepatide/,https://www.oligopolypeptides.com/semaglutide-vs-tirzepatide/,True,"follow, index, max-snippet:-1, max-video-preview:-1, max-image-preview:large",,text/html,Semaglutide vs Tirzepatide | GLP-1 vs Dual Agonist Research | OligoPoly Laboratories,Unlock 20% Off Your First OligoPoly Order,3,False,48
https://www.oligopolypeptides.com/products/semaglutide-5-mg-6-vial-research-kit/,Indexable,200,200,0,https://www.oligopolypeptides.com/products/semaglutide-5-mg-6-vial-research-kit/,,https://www.oligopolypeptides.com/products/semaglutide-5-mg-6-vial-research-kit/,True,"follow, index, max-snippet:-1, max-video-preview:-1, max-image-preview:large",,text/html,OL-1SM 5 mg - 6 Vial Research Kit | Research Peptide | OligoPoly Laboratories,Unlock 20% Off Your First OligoPoly Order,2,True,7
https://www.oligopolypeptides.com/products/semaglutide-5-mg-6-vial-research-kit/?add-to-cart=1942,Alternate page with proper canonical tag,200,200,0,https://www.oligopolypeptides.com/products/semaglutide-5-mg-6-vial-research-kit/?add-to-cart=1942,,https://www.oligopolypeptides.com/products/semaglutide-5-mg-6-vial-research-kit/,False,"follow, index, max-snippet:-1, max-video-preview:-1, max-image-preview:large",,text/html,OL-1SM 5 mg - 6 Vial Research Kit | Research Peptide | OligoPoly Laboratories,Unlock 20% Off Your First OligoPoly Order,2,False,1
https://www.oligopolypeptides.com/products/semaglutide-5-mg-6-vial-research-kit/?add-to-cart=3459,Alternate page with proper canonical tag,200,200,0,https://www.oligopolypeptides.com/products/semaglutide-5-mg-6-vial-research-kit/?add-to-cart=3459,,https://www.oligopolypeptides.com/products/semaglutide-5-mg-6-vial-research-kit/,False,"follow, index, max-snippet:-1, max-video-preview:-1, max-image-preview:large",,text/html,OL-1SM 5 mg - 6 Vial Research Kit | Research Peptide | OligoPoly Laboratories,Unlock 20% Off Your First OligoPoly Order,2,False,1
https://www.oligopolypeptides.com/products/semaglutide-5-mg-6-vial-research-kit/?add-to-cart=3620,Alternate page with proper canonical tag,200,200,0,https://www.oligopolypeptides.com/products/semaglutide-5-mg-6-vial-research-kit/?add-to-cart=3620,,https://www.oligopolypeptides.com/products/semaglutide-5-mg-6-vial-research-kit/,False,"follow, index, max-snippet:-1, max-video-preview:-1, max-image-preview:large",,text/html,OL-1SM 5 mg - 6 Vial Research Kit | Research Peptide | OligoPoly Laboratories,Unlock 20% Off Your First OligoPoly Order,2,False,1
https://www.oligopolypeptides.com/products/semaglutide-5-mg-6-vial-research-kit/?add-to-cart=39,Alternate page with proper canonical tag,200,200,0,https://www.oligopolypeptides.com/products/semaglutide-5-mg-6-vial-research-kit/?add-to-cart=39,,https://www.oligopolypeptides.com/products/semaglutide-5-mg-6-vial-research-kit/,False,"follow, index, max-snippet:-1, max-video-preview:-1, max-image-preview:large",,text/html,OL-1SM 5 mg - 6 Vial Research Kit | Research Peptide | OligoPoly Laboratories,Unlock 20% Off Your First OligoPoly Order,2,False,1
https://www.oligopolypeptides.com/products/semaglutide-5mg-research-peptide/,Indexable,200,200,0,https://www.oligopolypeptides.com/products/semaglutide-5mg-research-peptide/,,https://www.oligopolypeptides.com/products/semaglutide-5mg-research-peptide/,True,"follow, index, max-snippet:-1, max-video-preview:-1, max-image-preview:large",,text/html,OL-1SM 5 mg Research Material | Research Peptide | OligoPoly Laboratories,Unlock 20% Off Your First OligoPoly Order,2,True,14
https://www.oligopolypeptides.com/products/semaglutide-5mg-research-peptide/?add-to-cart=3454,Alternate page with proper canonical tag,200,200,0,https://www.oligopolypeptides.com/products/semaglutide-5mg-research-peptide/?add-to-cart=3454,,https://www.oligopolypeptides.com/products/semaglutide-5mg-research-peptide/,False,"follow, index, max-snippet:-1, max-video-preview:-1, max-image-preview:large",,text/html,OL-1SM 5 mg Research Material | Research Peptide | OligoPoly Laboratories,Unlock 20% Off Your First OligoPoly Order,2,False,1
https://www.oligopolypeptides.com/products/semaglutide-5mg-research-peptide/?add-to-cart=3457,Alternate page with proper canonical tag,200,200,0,https://www.oligopolypeptides.com/products/semaglutide-5mg-research-peptide/?add-to-cart=3457,,https://www.oligopolypeptides.com/products/semaglutide-5mg-research-peptide/,False,"follow, index, max-snippet:-1, max-video-preview:-1, max-image-preview:large",,text/html,OL-1SM 5 mg Research Material | Research Peptide | OligoPoly Laboratories,Unlock 20% Off Your First OligoPoly Order,2,False,1
https://www.oligopolypeptides.com/products/semaglutide-5mg-research-peptide/?add-to-cart=3472,Alternate page with proper canonical tag,200,200,0,https://www.oligopolypeptides.com/products/semaglutide-5mg-research-peptide/?add-to-cart=3472,,https://www.oligopolypeptides.com/products/semaglutide-5mg-research-peptide/,False,"follow, index, max-snippet:-1, max-video-preview:-1, max-image-preview:large",,text/html,OL-1SM 5 mg Research Material | Research Peptide | OligoPoly Laboratories,Unlock 20% Off Your First OligoPoly Order,2,False,1
https://www.oligopolypeptides.com/products/semaglutide-5mg-research-peptide/?add-to-cart=455,Alternate page with proper canonical tag,200,200,0,https://www.oligopolypeptides.com/products/semaglutide-5mg-research-peptide/?add-to-cart=455,,https://www.oligopolypeptides.com/products/semaglutide-5mg-research-peptide/,False,"follow, index, max-snippet:-1, max-video-preview:-1, max-image-preview:large",,text/html,OL-1SM 5 mg Research Material | Research Peptide | OligoPoly Laboratories,Unlock 20% Off Your First OligoPoly Order,2,False,1
https://www.oligopolypeptides.com/products/semaglutide-5mg-research-peptide/?add-to-cart=47,Alternate page with proper canonical tag,200,200,0,https://www.oligopolypeptides.com/products/semaglutide-5mg-research-peptide/?add-to-cart=47,,https://www.oligopolypeptides.com/products/semaglutide-5mg-research-peptide/,False,"follow, index, max-snippet:-1, max-video-preview:-1, max-image-preview:large",,text/html,OL-1SM 5 mg Research Material | Research Peptide | OligoPoly Laboratories,Unlock 20% Off Your First OligoPoly Order,2,False,1
https://www.oligopolypeptides.com/products/semax-10mg-research-peptide/,Indexable,200,200,0,https://www.oligopolypeptides.com/products/semax-10mg-research-peptide/,,https://www.oligopolypeptides.com/products/semax-10mg-research-peptide/,True,"follow, index, max-snippet:-1, max-video-preview:-1, max-image-preview:large",,text/html,Semax 10mg Research Peptide for Lab Research | OligoPoly,Unlock 20% Off Your First OligoPoly Order,2,True,12
https://www.oligopolypeptides.com/products/semax-10mg-research-peptide/?add-to-cart=3397,Alternate page with proper canonical tag,200,200,0,https://www.oligopolypeptides.com/products/semax-10mg-research-peptide/?add-to-cart=3397,,https://www.oligopolypeptides.com/products/semax-10mg-research-peptide/,False,"follow, index, max-snippet:-1, max-video-preview:-1, max-image-preview:large",,text/html,Semax 10mg Research Peptide for Lab Research | OligoPoly,Unlock 20% Off Your First OligoPoly Order,2,False,1
https://www.oligopolypeptides.com/products/semax-10mg-research-peptide/?add-to-cart=459,Alternate page with proper canonical tag,200,200,0,https://www.oligopolypeptides.com/products/semax-10mg-research-peptide/?add-to-cart=459,,https://www.oligopolypeptides.com/products/semax-10mg-research-peptide/,False,"follow, index, max-snippet:-1, max-video-preview:-1, max-image-preview:large",,text/html,Semax 10mg Research Peptide for Lab Research | OligoPoly,Unlock 20% Off Your First OligoPoly Order,2,False,1
https://www.oligopolypeptides.com/products/semax-10mg-research-peptide/?add-to-cart=47,Alternate page with proper canonical tag,200,200,0,https://www.oligopolypeptides.com/products/semax-10mg-research-peptide/?add-to-cart=47,,https://www.oligopolypeptides.com/products/semax-10mg-research-peptide/,False,"follow, index, max-snippet:-1, max-video-preview:-1, max-image-preview:large",,text/html,Semax 10mg Research Peptide for Lab Research | OligoPoly,Unlock 20% Off Your First OligoPoly Order,2,False,1
https://www.oligopolypeptides.com/products/semax-10mg-research-peptide/?add-to-cart=55,Alternate page with proper canonical tag,200,200,0,https://www.oligopolypeptides.com/products/semax-10mg-research-peptide/?add-to-cart=55,,https://www.oligopolypeptides.com/products/semax-10mg-research-peptide/,False,"follow, index, max-snippet:-1, max-video-preview:-1, max-image-preview:large",,text/html,Semax 10mg Research Peptide for Lab Research | OligoPoly,Unlock 20% Off Your First OligoPoly Order,2,False,1
https://www.oligopolypeptides.com/products/senescence-telomere-signaling-Research Panel,Malformed URL (not crawlable),0,0,0,https://www.oligopolypeptides.com/products/senescence-telomere-signaling-Research Panel,,,False,,,,,,0,False,2
https://www.oligopolypeptides.com/products/ss-31,Page with redirect,301,200,1,https://www.oligopolypeptides.com/mitochondrial-research-peptides-mots-c-ss-31/,https://www.oligopolypeptides.com/mitochondrial-research-peptides-mots-c-ss-31/,https://www.oligopolypeptides.com/mitochondrial-research-peptides-mots-c-ss-31/,True,"follow, index, max-snippet:-1, max-video-preview:-1, max-image-preview:large",,text/html,"Mitochondrial Research Peptides: MOTS-c, SS-31, and the Cellular Longevity Literature | Research Peptides Guide | OligoPoly Laboratories",Unlock 20% Off Your First OligoPoly Order,2,False,3
https://www.oligopolypeptides.com/products/starter-research-Research Panel/,Malformed URL (not crawlable),0,0,0,https://www.oligopolypeptides.com/products/starter-research-Research Panel/,,,False,,,,,,0,False,2
https://www.oligopolypeptides.com/products/tb-500-10mg-research-peptide/,Indexable,200,200,0,https://www.oligopolypeptides.com/products/tb-500-10mg-research-peptide/,,https://www.oligopolypeptides.com/products/tb-500-10mg-research-peptide/,True,"follow, index, max-snippet:-1, max-video-preview:-1, max-image-preview:large",,text/html,TB-500 10mg Research Peptide for Lab Research | OligoPoly,Unlock 20% Off Your First OligoPoly Order,2,True,26
https://www.oligopolypeptides.com/products/tb-500-10mg-research-peptide/?add-to-cart=1948,Alternate page with proper canonical tag,200,200,0,https://www.oligopolypeptides.com/products/tb-500-10mg-research-peptide/?add-to-cart=1948,,https://www.oligopolypeptides.com/products/tb-500-10mg-research-peptide/,False,"follow, index, max-snippet:-1, max-video-preview:-1, max-image-preview:large",,text/html,TB-500 10mg Research Peptide for Lab Research | OligoPoly,Unlock 20% Off Your First OligoPoly Order,2,False,1
https://www.oligopolypeptides.com/products/tb-500-10mg-research-peptide/?add-to-cart=3468,Alternate page with proper canonical tag,200,200,0,https://www.oligopolypeptides.com/products/tb-500-10mg-research-peptide/?add-to-cart=3468,,https://www.oligopolypeptides.com/products/tb-500-10mg-research-peptide/,False,"follow, index, max-snippet:-1, max-video-preview:-1, max-image-preview:large",,text/html,TB-500 10mg Research Peptide for Lab Research | OligoPoly,Unlock 20% Off Your First OligoPoly Order,2,False,1
https://www.oligopolypeptides.com/products/tb-500-10mg-research-peptide/?add-to-cart=443,Alternate page with proper canonical tag,200,200,0,https://www.oligopolypeptides.com/products/tb-500-10mg-research-peptide/?add-to-cart=443,,https://www.oligopolypeptides.com/products/tb-500-10mg-research-peptide/,False,"follow, index, max-snippet:-1, max-video-preview:-1, max-image-preview:large",,text/html,TB-500 10mg Research Peptide for Lab Research | OligoPoly,Unlock 20% Off Your First OligoPoly Order,2,False,1
https://www.oligopolypeptides.com/products/tb-500-10mg-research-peptide/?add-to-cart=455,Alternate page with proper canonical tag,200,200,0,https://www.oligopolypeptides.com/products/tb-500-10mg-research-peptide/?add-to-cart=455,,https://www.oligopolypeptides.com/products/tb-500-10mg-research-peptide/,False,"follow, index, max-snippet:-1, max-video-preview:-1, max-image-preview:large",,text/html,TB-500 10mg Research Peptide for Lab Research | OligoPoly,Unlock 20% Off Your First OligoPoly Order,2,False,1
https://www.oligopolypeptides.com/products/telomere-biology-reference-collection/,Indexable,200,200,0,https://www.oligopolypeptides.com/products/telomere-biology-reference-collection/,,https://www.oligopolypeptides.com/products/telomere-biology-reference-collection/,True,"follow, index, max-snippet:-1, max-video-preview:-1, max-image-preview:large",,text/html,Telomere Biology Reference Collection | OligoPoly Laboratories,Unlock 20% Off Your First OligoPoly Order,2,True,8
https://www.oligopolypeptides.com/products/telomere-biology-reference-collection/?add-to-cart=458,Alternate page with proper canonical tag,200,200,0,https://www.oligopolypeptides.com/products/telomere-biology-reference-collection/?add-to-cart=458,,https://www.oligopolypeptides.com/products/telomere-biology-reference-collection/,False,"follow, index, max-snippet:-1, max-video-preview:-1, max-image-preview:large",,text/html,Telomere Biology Reference Collection | OligoPoly Laboratories,Unlock 20% Off Your First OligoPoly Order,2,False,1
https://www.oligopolypeptides.com/products/telomere-biology-reference-collection/?add-to-cart=60,Alternate page with proper canonical tag,200,200,0,https://www.oligopolypeptides.com/products/telomere-biology-reference-collection/?add-to-cart=60,,https://www.oligopolypeptides.com/products/telomere-biology-reference-collection/,False,"follow, index, max-snippet:-1, max-video-preview:-1, max-image-preview:large",,text/html,Telomere Biology Reference Collection | OligoPoly Laboratories,Unlock 20% Off Your First OligoPoly Order,2,False,1
https://www.oligopolypeptides.com/products/tesamorelin,Page with redirect,301,200,2,https://www.oligopolypeptides.com/ipamorelin-vs-tesamorelin-research-comparison/,https://www.oligopolypeptides.com/products/tesamorelin-10mg-research-peptide/ -> https://www.oligopolypeptides.com/ipamorelin-vs-tesamorelin-research-comparison/,https://www.oligopolypeptides.com/ipamorelin-vs-tesamorelin-research-comparison/,True,"follow, index, max-snippet:-1, max-video-preview:-1, max-image-preview:large",,text/html,Ipamorelin vs Tesamorelin Research Comparison | OligoPoly Laboratories,Unlock 20% Off Your First OligoPoly Order,2,False,3
https://www.oligopolypeptides.com/products/tirzepatide-10-mg-6-vial-research-kit/,Indexable,200,200,0,https://www.oligopolypeptides.com/products/tirzepatide-10-mg-6-vial-research-kit/,,https://www.oligopolypeptides.com/products/tirzepatide-10-mg-6-vial-research-kit/,True,"follow, index, max-snippet:-1, max-video-preview:-1, max-image-preview:large",,text/html,OL-2TZ 10 mg - 6 Vial Research Kit | Research Peptide | OligoPoly Laboratories,Unlock 20% Off Your First OligoPoly Order,2,True,7
https://www.oligopolypeptides.com/products/tirzepatide-10-mg-6-vial-research-kit/?add-to-cart=3396,Alternate page with proper canonical tag,200,200,0,https://www.oligopolypeptides.com/products/tirzepatide-10-mg-6-vial-research-kit/?add-to-cart=3396,,https://www.oligopolypeptides.com/products/tirzepatide-10-mg-6-vial-research-kit/,False,"follow, index, max-snippet:-1, max-video-preview:-1, max-image-preview:large",,text/html,OL-2TZ 10 mg - 6 Vial Research Kit | Research Peptide | OligoPoly Laboratories,Unlock 20% Off Your First OligoPoly Order,2,False,1
https://www.oligopolypeptides.com/products/tirzepatide-10-mg-6-vial-research-kit/?add-to-cart=3457,Alternate page with proper canonical tag,200,200,0,https://www.oligopolypeptides.com/products/tirzepatide-10-mg-6-vial-research-kit/?add-to-cart=3457,,https://www.oligopolypeptides.com/products/tirzepatide-10-mg-6-vial-research-kit/,False,"follow, index, max-snippet:-1, max-video-preview:-1, max-image-preview:large",,text/html,OL-2TZ 10 mg - 6 Vial Research Kit | Research Peptide | OligoPoly Laboratories,Unlock 20% Off Your First OligoPoly Order,2,False,1
https://www.oligopolypeptides.com/products/tirzepatide-10-mg-6-vial-research-kit/?add-to-cart=47,Alternate page with proper canonical tag,200,200,0,https://www.oligopolypeptides.com/products/tirzepatide-10-mg-6-vial-research-kit/?add-to-cart=47,,https://www.oligopolypeptides.com/products/tirzepatide-10-mg-6-vial-research-kit/,False,"follow, index, max-snippet:-1, max-video-preview:-1, max-image-preview:large",,text/html,OL-2TZ 10 mg - 6 Vial Research Kit | Research Peptide | OligoPoly Laboratories,Unlock 20% Off Your First OligoPoly Order,2,False,1
https://www.oligopolypeptides.com/products/tirzepatide-10-mg-6-vial-research-kit/?add-to-cart=60,Alternate page with proper canonical tag,200,200,0,https://www.oligopolypeptides.com/products/tirzepatide-10-mg-6-vial-research-kit/?add-to-cart=60,,https://www.oligopolypeptides.com/products/tirzepatide-10-mg-6-vial-research-kit/,False,"follow, index, max-snippet:-1, max-video-preview:-1, max-image-preview:large",,text/html,OL-2TZ 10 mg - 6 Vial Research Kit | Research Peptide | OligoPoly Laboratories,Unlock 20% Off Your First OligoPoly Order,2,False,1
https://www.oligopolypeptides.com/products/tirzepatide-10mg-research-peptide/,Indexable,200,200,0,https://www.oligopolypeptides.com/products/tirzepatide-10mg-research-peptide/,,https://www.oligopolypeptides.com/products/tirzepatide-10mg-research-peptide/,True,"follow, index, max-snippet:-1, max-video-preview:-1, max-image-preview:large",,text/html,Tirzepatide 10 mg Research Material | OligoPoly Laboratories,Unlock 20% Off Your First OligoPoly Order,2,False,46
https://www.oligopolypeptides.com/products/tirzepatide-20-mg-research-peptide/,Indexable,200,200,0,https://www.oligopolypeptides.com/products/tirzepatide-20-mg-research-peptide/,,https://www.oligopolypeptides.com/products/tirzepatide-20-mg-research-peptide/,True,"follow, index, max-snippet:-1, max-video-preview:-1, max-image-preview:large",,text/html,OL-2TZ 20 mg Research Material | Research Peptide | OligoPoly Laboratories,Unlock 20% Off Your First OligoPoly Order,2,True,14
https://www.oligopolypeptides.com/products/tirzepatide-20-mg-research-peptide/?add-to-cart=39,Alternate page with proper canonical tag,200,200,0,https://www.oligopolypeptides.com/products/tirzepatide-20-mg-research-peptide/?add-to-cart=39,,https://www.oligopolypeptides.com/products/tirzepatide-20-mg-research-peptide/,False,"follow, index, max-snippet:-1, max-video-preview:-1, max-image-preview:large",,text/html,OL-2TZ 20 mg Research Material | Research Peptide | OligoPoly Laboratories,Unlock 20% Off Your First OligoPoly Order,2,False,1
https://www.oligopolypeptides.com/products/tirzepatide-20-mg-research-peptide/?add-to-cart=443,Alternate page with proper canonical tag,200,200,0,https://www.oligopolypeptides.com/products/tirzepatide-20-mg-research-peptide/?add-to-cart=443,,https://www.oligopolypeptides.com/products/tirzepatide-20-mg-research-peptide/,False,"follow, index, max-snippet:-1, max-video-preview:-1, max-image-preview:large",,text/html,OL-2TZ 20 mg Research Material | Research Peptide | OligoPoly Laboratories,Unlock 20% Off Your First OligoPoly Order,2,False,1
https://www.oligopolypeptides.com/products/tirzepatide-20-mg-research-peptide/?add-to-cart=52,Alternate page with proper canonical tag,200,200,0,https://www.oligopolypeptides.com/products/tirzepatide-20-mg-research-peptide/?add-to-cart=52,,https://www.oligopolypeptides.com/products/tirzepatide-20-mg-research-peptide/,False,"follow, index, max-snippet:-1, max-video-preview:-1, max-image-preview:large",,text/html,OL-2TZ 20 mg Research Material | Research Peptide | OligoPoly Laboratories,Unlock 20% Off Your First OligoPoly Order,2,False,1
https://www.oligopolypeptides.com/products/tirzepatide-20-mg-research-peptide/?add-to-cart=55,Alternate page with proper canonical tag,200,200,0,https://www.oligopolypeptides.com/products/tirzepatide-20-mg-research-peptide/?add-to-cart=55,,https://www.oligopolypeptides.com/products/tirzepatide-20-mg-research-peptide/,False,"follow, index, max-snippet:-1, max-video-preview:-1, max-image-preview:large",,text/html,OL-2TZ 20 mg Research Material | Research Peptide | OligoPoly Laboratories,Unlock 20% Off Your First OligoPoly Order,2,False,1
https://www.oligopolypeptides.com/products/tissue-signaling-collection/,Indexable,200,200,0,https://www.oligopolypeptides.com/products/tissue-signaling-collection/,,https://www.oligopolypeptides.com/products/tissue-signaling-collection/,True,"follow, index, max-snippet:-1, max-video-preview:-1, max-image-preview:large",,text/html,Tissue Signaling Collection | OligoPoly Laboratories,Unlock 20% Off Your First OligoPoly Order,2,True,8
https://www.oligopolypeptides.com/products/tissue-signaling-collection/?add-to-cart=1948,Alternate page with proper canonical tag,200,200,0,https://www.oligopolypeptides.com/products/tissue-signaling-collection/?add-to-cart=1948,,https://www.oligopolypeptides.com/products/tissue-signaling-collection/,False,"follow, index, max-snippet:-1, max-video-preview:-1, max-image-preview:large",,text/html,Tissue Signaling Collection | OligoPoly Laboratories,Unlock 20% Off Your First OligoPoly Order,2,False,1
https://www.oligopolypeptides.com/products/tissue-signaling-collection/?add-to-cart=52,Alternate page with proper canonical tag,200,200,0,https://www.oligopolypeptides.com/products/tissue-signaling-collection/?add-to-cart=52,,https://www.oligopolypeptides.com/products/tissue-signaling-collection/,False,"follow, index, max-snippet:-1, max-video-preview:-1, max-image-preview:large",,text/html,Tissue Signaling Collection | OligoPoly Laboratories,Unlock 20% Off Your First OligoPoly Order,2,False,1
https://www.oligopolypeptides.com/quality-standards-comparing-research-peptide-vendors/,Indexable,200,200,0,https://www.oligopolypeptides.com/quality-standards-comparing-research-peptide-vendors/,,https://www.oligopolypeptides.com/quality-standards-comparing-research-peptide-vendors/,True,"follow, index, max-snippet:-1, max-video-preview:-1, max-image-preview:large",,text/html,Why Quality Standards Matter When Comparing Research Peptide Vendors | Research Peptides Guide | OligoPoly Laboratories,Unlock 20% Off Your First OligoPoly Order,2,True,3
https://www.oligopolypeptides.com/quality-standards-comparing-research-peptide-vendors/?share=facebook,Redirects off-site,302,200,3,https://www.facebook.com/login/?next=https%3A%2F%2Fwww.facebook.com%2Fshare_channel%2F%3Ftype%3Dreshare%26link%3Dhttps%253A%252F%252Fwww.oligopolypeptides.com%252Fquality-standards-comparing-research-peptide-vendors%252F%26app_id%3D966242223397117%26source_surface%3Dexternal_reshare%26display%26hashtag,https://www.facebook.com/sharer/sharer.php?u=https%3A%2F%2Fwww.oligopolypeptides.com%2Fquality-standards-comparing-research-peptide-vendors%2F&t=Why%20Quality%20Standards%20Matter%20When%20Comparing%20Research%20Peptide%20Vendors -> https://www.facebook.com/share_channel/?type=reshare&link=https%3A%2F%2Fwww.oligopolypeptides.com%2Fquality-standards-comparing-research-peptide-vendors%2F&app_id=966242223397117&source_surface=external_reshare&display&hashtag -> https://www.facebook.com/login/?next=https%3A%2F%2Fwww.facebook.com%2Fshare_channel%2F%3Ftype%3Dreshare%26link%3Dhttps%253A%252F%252Fwww.oligopolypeptides.com%252Fquality-standards-comparing-research-peptide-vendors%252F%26app_id%3D966242223397117%26source_surface%3Dexternal_reshare%26display%26hashtag,https://www.facebook.com/login,False,,,text/html,Facebook,,0,False,1
https://www.oligopolypeptides.com/quality-standards-comparing-research-peptide-vendors/?share=x,Redirects off-site,302,200,1,https://x.com/intent/tweet?text=Why%20Quality%20Standards%20Matter%20When%20Comparing%20Research%20Peptide%20Vendors&url=https%3A%2F%2Fwww.oligopolypeptides.com%2Fquality-standards-comparing-research-peptide-vendors%2F,https://x.com/intent/tweet?text=Why%20Quality%20Standards%20Matter%20When%20Comparing%20Research%20Peptide%20Vendors&url=https%3A%2F%2Fwww.oligopolypeptides.com%2Fquality-standards-comparing-research-peptide-vendors%2F,,False,,,text/html,,JavaScript is not available.,1,False,1
https://www.oligopolypeptides.com/quality-standards/,Indexable,200,200,0,https://www.oligopolypeptides.com/quality-standards/,,https://www.oligopolypeptides.com/quality-standards/,True,"follow, index, max-snippet:-1, max-video-preview:-1, max-image-preview:large",,text/html,Quality & Documentation | OligoPoly Laboratories,Unlock 20% Off Your First OligoPoly Order,2,True,233
https://www.oligopolypeptides.com/quality-testing-hub/,Indexable,200,200,0,https://www.oligopolypeptides.com/quality-testing-hub/,,https://www.oligopolypeptides.com/quality-testing-hub/,True,"follow, index, max-snippet:-1, max-video-preview:-1, max-image-preview:large",,text/html,"Quality Testing Hub | HPLC, COA Verification & Peptide Purity | OligoPoly",Unlock 20% Off Your First OligoPoly Order,3,True,233
https://www.oligopolypeptides.com/quality-testing-hub/?share=facebook,Redirects off-site,302,200,3,https://www.facebook.com/login/?next=https%3A%2F%2Fwww.facebook.com%2Fshare_channel%2F%3Ftype%3Dreshare%26link%3Dhttps%253A%252F%252Fwww.oligopolypeptides.com%252Fquality-testing-hub%252F%26app_id%3D966242223397117%26source_surface%3Dexternal_reshare%26display%26hashtag,https://www.facebook.com/sharer/sharer.php?u=https%3A%2F%2Fwww.oligopolypeptides.com%2Fquality-testing-hub%2F&t=Quality%20Testing%20Hub -> https://www.facebook.com/share_channel/?type=reshare&link=https%3A%2F%2Fwww.oligopolypeptides.com%2Fquality-testing-hub%2F&app_id=966242223397117&source_surface=external_reshare&display&hashtag -> https://www.facebook.com/login/?next=https%3A%2F%2Fwww.facebook.com%2Fshare_channel%2F%3Ftype%3Dreshare%26link%3Dhttps%253A%252F%252Fwww.oligopolypeptides.com%252Fquality-testing-hub%252F%26app_id%3D966242223397117%26source_surface%3Dexternal_reshare%26display%26hashtag,https://www.facebook.com/login,False,,,text/html,Facebook,,0,False,1
https://www.oligopolypeptides.com/quality-testing-hub/?share=x,Redirects off-site,302,200,1,https://x.com/intent/tweet?text=Quality%20Testing%20Hub&url=https%3A%2F%2Fwww.oligopolypeptides.com%2Fquality-testing-hub%2F,https://x.com/intent/tweet?text=Quality%20Testing%20Hub&url=https%3A%2F%2Fwww.oligopolypeptides.com%2Fquality-testing-hub%2F,,False,,,text/html,,JavaScript is not available.,1,False,1
https://www.oligopolypeptides.com/quality-testing-hub/batch-specific-vs-generic-peptide-coas/,Indexable,200,200,0,https://www.oligopolypeptides.com/quality-testing-hub/batch-specific-vs-generic-peptide-coas/,,https://www.oligopolypeptides.com/quality-testing-hub/batch-specific-vs-generic-peptide-coas/,True,"follow, index, max-snippet:-1, max-video-preview:-1, max-image-preview:large",,text/html,Batch-Specific vs. Generic Peptide COAs | Research Peptides & Laboratory Compounds | OligoPoly Laboratories,Unlock 20% Off Your First OligoPoly Order,2,True,1
https://www.oligopolypeptides.com/quality-testing-hub/batch-specific-vs-generic-peptide-coas/?share=facebook,Redirects off-site,302,200,3,https://www.facebook.com/login/?next=https%3A%2F%2Fwww.facebook.com%2Fshare_channel%2F%3Ftype%3Dreshare%26link%3Dhttps%253A%252F%252Fwww.oligopolypeptides.com%252Fquality-testing-hub%252Fbatch-specific-vs-generic-peptide-coas%252F%26app_id%3D966242223397117%26source_surface%3Dexternal_reshare%26display%26hashtag,https://www.facebook.com/sharer/sharer.php?u=https%3A%2F%2Fwww.oligopolypeptides.com%2Fquality-testing-hub%2Fbatch-specific-vs-generic-peptide-coas%2F&t=Batch-Specific%20vs.%20Generic%20Peptide%20COAs -> https://www.facebook.com/share_channel/?type=reshare&link=https%3A%2F%2Fwww.oligopolypeptides.com%2Fquality-testing-hub%2Fbatch-specific-vs-generic-peptide-coas%2F&app_id=966242223397117&source_surface=external_reshare&display&hashtag -> https://www.facebook.com/login/?next=https%3A%2F%2Fwww.facebook.com%2Fshare_channel%2F%3Ftype%3Dreshare%26link%3Dhttps%253A%252F%252Fwww.oligopolypeptides.com%252Fquality-testing-hub%252Fbatch-specific-vs-generic-peptide-coas%252F%26app_id%3D966242223397117%26source_surface%3Dexternal_reshare%26display%26hashtag,https://www.facebook.com/login,False,,,text/html,Facebook,,0,False,1
https://www.oligopolypeptides.com/quality-testing-hub/batch-specific-vs-generic-peptide-coas/?share=x,Redirects off-site,302,200,1,https://x.com/intent/tweet?text=Batch-Specific%20vs.%20Generic%20Peptide%20COAs&url=https%3A%2F%2Fwww.oligopolypeptides.com%2Fquality-testing-hub%2Fbatch-specific-vs-generic-peptide-coas%2F,https://x.com/intent/tweet?text=Batch-Specific%20vs.%20Generic%20Peptide%20COAs&url=https%3A%2F%2Fwww.oligopolypeptides.com%2Fquality-testing-hub%2Fbatch-specific-vs-generic-peptide-coas%2F,,False,,,text/html,,JavaScript is not available.,1,False,1
https://www.oligopolypeptides.com/quality-testing-hub/how-to-read-peptide-coa/,Indexable,200,200,0,https://www.oligopolypeptides.com/quality-testing-hub/how-to-read-peptide-coa/,,https://www.oligopolypeptides.com/quality-testing-hub/how-to-read-peptide-coa/,True,"follow, index, max-snippet:-1, max-video-preview:-1, max-image-preview:large",,text/html,How to Read a Peptide Certificate of Analysis | Research Peptides & Laboratory Compounds | OligoPoly Laboratories,Unlock 20% Off Your First OligoPoly Order,2,True,1
https://www.oligopolypeptides.com/quality-testing-hub/how-to-read-peptide-coa/?share=facebook,Redirects off-site,302,200,3,https://www.facebook.com/login/?next=https%3A%2F%2Fwww.facebook.com%2Fshare_channel%2F%3Ftype%3Dreshare%26link%3Dhttps%253A%252F%252Fwww.oligopolypeptides.com%252Fquality-testing-hub%252Fhow-to-read-peptide-coa%252F%26app_id%3D966242223397117%26source_surface%3Dexternal_reshare%26display%26hashtag,https://www.facebook.com/sharer/sharer.php?u=https%3A%2F%2Fwww.oligopolypeptides.com%2Fquality-testing-hub%2Fhow-to-read-peptide-coa%2F&t=How%20to%20Read%20a%20Peptide%20Certificate%20of%20Analysis -> https://www.facebook.com/share_channel/?type=reshare&link=https%3A%2F%2Fwww.oligopolypeptides.com%2Fquality-testing-hub%2Fhow-to-read-peptide-coa%2F&app_id=966242223397117&source_surface=external_reshare&display&hashtag -> https://www.facebook.com/login/?next=https%3A%2F%2Fwww.facebook.com%2Fshare_channel%2F%3Ftype%3Dreshare%26link%3Dhttps%253A%252F%252Fwww.oligopolypeptides.com%252Fquality-testing-hub%252Fhow-to-read-peptide-coa%252F%26app_id%3D966242223397117%26source_surface%3Dexternal_reshare%26display%26hashtag,https://www.facebook.com/login,False,,,text/html,Facebook,,0,False,1
https://www.oligopolypeptides.com/quality-testing-hub/how-to-read-peptide-coa/?share=x,Redirects off-site,302,200,1,https://x.com/intent/tweet?text=How%20to%20Read%20a%20Peptide%20Certificate%20of%20Analysis&url=https%3A%2F%2Fwww.oligopolypeptides.com%2Fquality-testing-hub%2Fhow-to-read-peptide-coa%2F,https://x.com/intent/tweet?text=How%20to%20Read%20a%20Peptide%20Certificate%20of%20Analysis&url=https%3A%2F%2Fwww.oligopolypeptides.com%2Fquality-testing-hub%2Fhow-to-read-peptide-coa%2F,,False,,,text/html,,JavaScript is not available.,1,False,1
https://www.oligopolypeptides.com/quality-testing-hub/hplc-purity-vs-peptide-content/,Indexable,200,200,0,https://www.oligopolypeptides.com/quality-testing-hub/hplc-purity-vs-peptide-content/,,https://www.oligopolypeptides.com/quality-testing-hub/hplc-purity-vs-peptide-content/,True,"follow, index, max-snippet:-1, max-video-preview:-1, max-image-preview:large",,text/html,HPLC Purity Is Not the Same as Peptide Content | Research Peptides & Laboratory Compounds | OligoPoly Laboratories,Unlock 20% Off Your First OligoPoly Order,2,True,1
https://www.oligopolypeptides.com/quality-testing-hub/hplc-purity-vs-peptide-content/?share=facebook,Redirects off-site,302,200,3,https://www.facebook.com/login/?next=https%3A%2F%2Fwww.facebook.com%2Fshare_channel%2F%3Ftype%3Dreshare%26link%3Dhttps%253A%252F%252Fwww.oligopolypeptides.com%252Fquality-testing-hub%252Fhplc-purity-vs-peptide-content%252F%26app_id%3D966242223397117%26source_surface%3Dexternal_reshare%26display%26hashtag,https://www.facebook.com/sharer/sharer.php?u=https%3A%2F%2Fwww.oligopolypeptides.com%2Fquality-testing-hub%2Fhplc-purity-vs-peptide-content%2F&t=HPLC%20Purity%20Is%20Not%20the%20Same%20as%20Peptide%20Content -> https://www.facebook.com/share_channel/?type=reshare&link=https%3A%2F%2Fwww.oligopolypeptides.com%2Fquality-testing-hub%2Fhplc-purity-vs-peptide-content%2F&app_id=966242223397117&source_surface=external_reshare&display&hashtag -> https://www.facebook.com/login/?next=https%3A%2F%2Fwww.facebook.com%2Fshare_channel%2F%3Ftype%3Dreshare%26link%3Dhttps%253A%252F%252Fwww.oligopolypeptides.com%252Fquality-testing-hub%252Fhplc-purity-vs-peptide-content%252F%26app_id%3D966242223397117%26source_surface%3Dexternal_reshare%26display%26hashtag,https://www.facebook.com/login,False,,,text/html,Facebook,,0,False,1
https://www.oligopolypeptides.com/quality-testing-hub/hplc-purity-vs-peptide-content/?share=x,Redirects off-site,302,200,1,https://x.com/intent/tweet?text=HPLC%20Purity%20Is%20Not%20the%20Same%20as%20Peptide%20Content&url=https%3A%2F%2Fwww.oligopolypeptides.com%2Fquality-testing-hub%2Fhplc-purity-vs-peptide-content%2F,https://x.com/intent/tweet?text=HPLC%20Purity%20Is%20Not%20the%20Same%20as%20Peptide%20Content&url=https%3A%2F%2Fwww.oligopolypeptides.com%2Fquality-testing-hub%2Fhplc-purity-vs-peptide-content%2F,,False,,,text/html,,JavaScript is not available.,1,False,1
https://www.oligopolypeptides.com/quality-testing-hub/hplc-vs-lc-ms/,Indexable,200,200,0,https://www.oligopolypeptides.com/quality-testing-hub/hplc-vs-lc-ms/,,https://www.oligopolypeptides.com/quality-testing-hub/hplc-vs-lc-ms/,True,"follow, index, max-snippet:-1, max-video-preview:-1, max-image-preview:large",,text/html,HPLC vs. LC-MS in Peptide Testing | Research Peptides & Laboratory Compounds | OligoPoly Laboratories,Unlock 20% Off Your First OligoPoly Order,2,True,1
https://www.oligopolypeptides.com/quality-testing-hub/hplc-vs-lc-ms/?share=facebook,Redirects off-site,302,200,3,https://www.facebook.com/login/?next=https%3A%2F%2Fwww.facebook.com%2Fshare_channel%2F%3Ftype%3Dreshare%26link%3Dhttps%253A%252F%252Fwww.oligopolypeptides.com%252Fquality-testing-hub%252Fhplc-vs-lc-ms%252F%26app_id%3D966242223397117%26source_surface%3Dexternal_reshare%26display%26hashtag,https://www.facebook.com/sharer/sharer.php?u=https%3A%2F%2Fwww.oligopolypeptides.com%2Fquality-testing-hub%2Fhplc-vs-lc-ms%2F&t=HPLC%20vs.%20LC-MS%20in%20Peptide%20Testing -> https://www.facebook.com/share_channel/?type=reshare&link=https%3A%2F%2Fwww.oligopolypeptides.com%2Fquality-testing-hub%2Fhplc-vs-lc-ms%2F&app_id=966242223397117&source_surface=external_reshare&display&hashtag -> https://www.facebook.com/login/?next=https%3A%2F%2Fwww.facebook.com%2Fshare_channel%2F%3Ftype%3Dreshare%26link%3Dhttps%253A%252F%252Fwww.oligopolypeptides.com%252Fquality-testing-hub%252Fhplc-vs-lc-ms%252F%26app_id%3D966242223397117%26source_surface%3Dexternal_reshare%26display%26hashtag,https://www.facebook.com/login,False,,,text/html,Facebook,,0,False,1
https://www.oligopolypeptides.com/quality-testing-hub/hplc-vs-lc-ms/?share=x,Redirects off-site,302,200,1,https://x.com/intent/tweet?text=HPLC%20vs.%20LC-MS%20in%20Peptide%20Testing&url=https%3A%2F%2Fwww.oligopolypeptides.com%2Fquality-testing-hub%2Fhplc-vs-lc-ms%2F,https://x.com/intent/tweet?text=HPLC%20vs.%20LC-MS%20in%20Peptide%20Testing&url=https%3A%2F%2Fwww.oligopolypeptides.com%2Fquality-testing-hub%2Fhplc-vs-lc-ms%2F,,False,,,text/html,,JavaScript is not available.,1,False,1
https://www.oligopolypeptides.com/quality-testing-hub/peptide-lot-traceability/,Indexable,200,200,0,https://www.oligopolypeptides.com/quality-testing-hub/peptide-lot-traceability/,,https://www.oligopolypeptides.com/quality-testing-hub/peptide-lot-traceability/,True,"follow, index, max-snippet:-1, max-video-preview:-1, max-image-preview:large",,text/html,Peptide Lot Traceability and Laboratory Inventory Records | Research Peptides & Laboratory Compounds | OligoPoly Laboratories,Unlock 20% Off Your First OligoPoly Order,2,True,1
https://www.oligopolypeptides.com/quality-testing-hub/peptide-lot-traceability/?share=facebook,Redirects off-site,302,200,3,https://www.facebook.com/login/?next=https%3A%2F%2Fwww.facebook.com%2Fshare_channel%2F%3Ftype%3Dreshare%26link%3Dhttps%253A%252F%252Fwww.oligopolypeptides.com%252Fquality-testing-hub%252Fpeptide-lot-traceability%252F%26app_id%3D966242223397117%26source_surface%3Dexternal_reshare%26display%26hashtag,https://www.facebook.com/sharer/sharer.php?u=https%3A%2F%2Fwww.oligopolypeptides.com%2Fquality-testing-hub%2Fpeptide-lot-traceability%2F&t=Peptide%20Lot%20Traceability%20and%20Laboratory%20Inventory%20Records -> https://www.facebook.com/share_channel/?type=reshare&link=https%3A%2F%2Fwww.oligopolypeptides.com%2Fquality-testing-hub%2Fpeptide-lot-traceability%2F&app_id=966242223397117&source_surface=external_reshare&display&hashtag -> https://www.facebook.com/login/?next=https%3A%2F%2Fwww.facebook.com%2Fshare_channel%2F%3Ftype%3Dreshare%26link%3Dhttps%253A%252F%252Fwww.oligopolypeptides.com%252Fquality-testing-hub%252Fpeptide-lot-traceability%252F%26app_id%3D966242223397117%26source_surface%3Dexternal_reshare%26display%26hashtag,https://www.facebook.com/login,False,,,text/html,Facebook,,0,False,1
https://www.oligopolypeptides.com/quality-testing-hub/peptide-lot-traceability/?share=x,Redirects off-site,302,200,1,https://x.com/intent/tweet?text=Peptide%20Lot%20Traceability%20and%20Laboratory%20Inventory%20Records&url=https%3A%2F%2Fwww.oligopolypeptides.com%2Fquality-testing-hub%2Fpeptide-lot-traceability%2F,https://x.com/intent/tweet?text=Peptide%20Lot%20Traceability%20and%20Laboratory%20Inventory%20Records&url=https%3A%2F%2Fwww.oligopolypeptides.com%2Fquality-testing-hub%2Fpeptide-lot-traceability%2F,,False,,,text/html,,JavaScript is not available.,1,False,1
https://www.oligopolypeptides.com/quality-testing-hub/research-grade-vs-gmp-grade-peptides/,Indexable,200,200,0,https://www.oligopolypeptides.com/quality-testing-hub/research-grade-vs-gmp-grade-peptides/,,https://www.oligopolypeptides.com/quality-testing-hub/research-grade-vs-gmp-grade-peptides/,True,"follow, index, max-snippet:-1, max-video-preview:-1, max-image-preview:large",,text/html,Research-Grade vs. GMP-Grade Peptides | Research Peptides & Laboratory Compounds | OligoPoly Laboratories,Unlock 20% Off Your First OligoPoly Order,2,True,1
https://www.oligopolypeptides.com/quality-testing-hub/research-grade-vs-gmp-grade-peptides/?share=facebook,Redirects off-site,302,200,3,https://www.facebook.com/login/?next=https%3A%2F%2Fwww.facebook.com%2Fshare_channel%2F%3Ftype%3Dreshare%26link%3Dhttps%253A%252F%252Fwww.oligopolypeptides.com%252Fquality-testing-hub%252Fresearch-grade-vs-gmp-grade-peptides%252F%26app_id%3D966242223397117%26source_surface%3Dexternal_reshare%26display%26hashtag,https://www.facebook.com/sharer/sharer.php?u=https%3A%2F%2Fwww.oligopolypeptides.com%2Fquality-testing-hub%2Fresearch-grade-vs-gmp-grade-peptides%2F&t=Research-Grade%20vs.%20GMP-Grade%20Peptides -> https://www.facebook.com/share_channel/?type=reshare&link=https%3A%2F%2Fwww.oligopolypeptides.com%2Fquality-testing-hub%2Fresearch-grade-vs-gmp-grade-peptides%2F&app_id=966242223397117&source_surface=external_reshare&display&hashtag -> https://www.facebook.com/login/?next=https%3A%2F%2Fwww.facebook.com%2Fshare_channel%2F%3Ftype%3Dreshare%26link%3Dhttps%253A%252F%252Fwww.oligopolypeptides.com%252Fquality-testing-hub%252Fresearch-grade-vs-gmp-grade-peptides%252F%26app_id%3D966242223397117%26source_surface%3Dexternal_reshare%26display%26hashtag,https://www.facebook.com/login,False,,,text/html,Facebook,,0,False,1
https://www.oligopolypeptides.com/quality-testing-hub/research-grade-vs-gmp-grade-peptides/?share=x,Redirects off-site,302,200,1,https://x.com/intent/tweet?text=Research-Grade%20vs.%20GMP-Grade%20Peptides&url=https%3A%2F%2Fwww.oligopolypeptides.com%2Fquality-testing-hub%2Fresearch-grade-vs-gmp-grade-peptides%2F,https://x.com/intent/tweet?text=Research-Grade%20vs.%20GMP-Grade%20Peptides&url=https%3A%2F%2Fwww.oligopolypeptides.com%2Fquality-testing-hub%2Fresearch-grade-vs-gmp-grade-peptides%2F,,False,,,text/html,,JavaScript is not available.,1,False,1
https://www.oligopolypeptides.com/quality-testing-hub/research-peptide-supplier-verification-checklist/,Indexable,200,200,0,https://www.oligopolypeptides.com/quality-testing-hub/research-peptide-supplier-verification-checklist/,,https://www.oligopolypeptides.com/quality-testing-hub/research-peptide-supplier-verification-checklist/,True,"follow, index, max-snippet:-1, max-video-preview:-1, max-image-preview:large",,text/html,Research Peptide Supplier Verification Checklist | Research Peptides & Laboratory Compounds | OligoPoly Laboratories,Unlock 20% Off Your First OligoPoly Order,2,True,1
https://www.oligopolypeptides.com/quality-testing-hub/research-peptide-supplier-verification-checklist/?share=facebook,Redirects off-site,302,200,3,https://www.facebook.com/login/?next=https%3A%2F%2Fwww.facebook.com%2Fshare_channel%2F%3Ftype%3Dreshare%26link%3Dhttps%253A%252F%252Fwww.oligopolypeptides.com%252Fquality-testing-hub%252Fresearch-peptide-supplier-verification-checklist%252F%26app_id%3D966242223397117%26source_surface%3Dexternal_reshare%26display%26hashtag,https://www.facebook.com/sharer/sharer.php?u=https%3A%2F%2Fwww.oligopolypeptides.com%2Fquality-testing-hub%2Fresearch-peptide-supplier-verification-checklist%2F&t=Research%20Peptide%20Supplier%20Verification%20Checklist -> https://www.facebook.com/share_channel/?type=reshare&link=https%3A%2F%2Fwww.oligopolypeptides.com%2Fquality-testing-hub%2Fresearch-peptide-supplier-verification-checklist%2F&app_id=966242223397117&source_surface=external_reshare&display&hashtag -> https://www.facebook.com/login/?next=https%3A%2F%2Fwww.facebook.com%2Fshare_channel%2F%3Ftype%3Dreshare%26link%3Dhttps%253A%252F%252Fwww.oligopolypeptides.com%252Fquality-testing-hub%252Fresearch-peptide-supplier-verification-checklist%252F%26app_id%3D966242223397117%26source_surface%3Dexternal_reshare%26display%26hashtag,https://www.facebook.com/login,False,,,text/html,Facebook,,0,False,1
https://www.oligopolypeptides.com/quality-testing-hub/research-peptide-supplier-verification-checklist/?share=x,Redirects off-site,302,200,1,https://x.com/intent/tweet?text=Research%20Peptide%20Supplier%20Verification%20Checklist&url=https%3A%2F%2Fwww.oligopolypeptides.com%2Fquality-testing-hub%2Fresearch-peptide-supplier-verification-checklist%2F,https://x.com/intent/tweet?text=Research%20Peptide%20Supplier%20Verification%20Checklist&url=https%3A%2F%2Fwww.oligopolypeptides.com%2Fquality-testing-hub%2Fresearch-peptide-supplier-verification-checklist%2F,,False,,,text/html,,JavaScript is not available.,1,False,1
https://www.oligopolypeptides.com/quality-testing-hub/sterility-endotoxin-bioburden-purity/,Indexable,200,200,0,https://www.oligopolypeptides.com/quality-testing-hub/sterility-endotoxin-bioburden-purity/,,https://www.oligopolypeptides.com/quality-testing-hub/sterility-endotoxin-bioburden-purity/,True,"follow, index, max-snippet:-1, max-video-preview:-1, max-image-preview:large",,text/html,"Sterility, Endotoxin, Bioburden and Purity Explained | Research Peptides & Laboratory Compounds | OligoPoly Laboratories",Unlock 20% Off Your First OligoPoly Order,2,True,1
https://www.oligopolypeptides.com/quality-testing-hub/sterility-endotoxin-bioburden-purity/?share=facebook,Redirects off-site,302,200,3,https://www.facebook.com/login/?next=https%3A%2F%2Fwww.facebook.com%2Fshare_channel%2F%3Ftype%3Dreshare%26link%3Dhttps%253A%252F%252Fwww.oligopolypeptides.com%252Fquality-testing-hub%252Fsterility-endotoxin-bioburden-purity%252F%26app_id%3D966242223397117%26source_surface%3Dexternal_reshare%26display%26hashtag,https://www.facebook.com/sharer/sharer.php?u=https%3A%2F%2Fwww.oligopolypeptides.com%2Fquality-testing-hub%2Fsterility-endotoxin-bioburden-purity%2F&t=Sterility%2C%20Endotoxin%2C%20Bioburden%20and%20Purity%20Explained -> https://www.facebook.com/share_channel/?type=reshare&link=https%3A%2F%2Fwww.oligopolypeptides.com%2Fquality-testing-hub%2Fsterility-endotoxin-bioburden-purity%2F&app_id=966242223397117&source_surface=external_reshare&display&hashtag -> https://www.facebook.com/login/?next=https%3A%2F%2Fwww.facebook.com%2Fshare_channel%2F%3Ftype%3Dreshare%26link%3Dhttps%253A%252F%252Fwww.oligopolypeptides.com%252Fquality-testing-hub%252Fsterility-endotoxin-bioburden-purity%252F%26app_id%3D966242223397117%26source_surface%3Dexternal_reshare%26display%26hashtag,https://www.facebook.com/login,False,,,text/html,Facebook,,0,False,1
https://www.oligopolypeptides.com/quality-testing-hub/sterility-endotoxin-bioburden-purity/?share=x,Redirects off-site,302,200,1,https://x.com/intent/tweet?text=Sterility%2C%20Endotoxin%2C%20Bioburden%20and%20Purity%20Explained&url=https%3A%2F%2Fwww.oligopolypeptides.com%2Fquality-testing-hub%2Fsterility-endotoxin-bioburden-purity%2F,https://x.com/intent/tweet?text=Sterility%2C%20Endotoxin%2C%20Bioburden%20and%20Purity%20Explained&url=https%3A%2F%2Fwww.oligopolypeptides.com%2Fquality-testing-hub%2Fsterility-endotoxin-bioburden-purity%2F,,False,,,text/html,,JavaScript is not available.,1,False,1
https://www.oligopolypeptides.com/quality-testing-hub/testing-methods/,Indexable,200,200,0,https://www.oligopolypeptides.com/quality-testing-hub/testing-methods/,,https://www.oligopolypeptides.com/quality-testing-hub/testing-methods/,True,"follow, index, max-snippet:-1, max-video-preview:-1, max-image-preview:large",,text/html,Testing Methods for Single-Compound Research Materials | Research Peptides & Laboratory Compounds | OligoPoly Laboratories,Unlock 20% Off Your First OligoPoly Order,2,True,1
https://www.oligopolypeptides.com/quality-testing-hub/testing-methods/?share=facebook,Redirects off-site,302,200,3,https://www.facebook.com/login/?next=https%3A%2F%2Fwww.facebook.com%2Fshare_channel%2F%3Ftype%3Dreshare%26link%3Dhttps%253A%252F%252Fwww.oligopolypeptides.com%252Fquality-testing-hub%252Ftesting-methods%252F%26app_id%3D966242223397117%26source_surface%3Dexternal_reshare%26display%26hashtag,https://www.facebook.com/sharer/sharer.php?u=https%3A%2F%2Fwww.oligopolypeptides.com%2Fquality-testing-hub%2Ftesting-methods%2F&t=Testing%20Methods%20for%20Single-Compound%20Research%20Materials -> https://www.facebook.com/share_channel/?type=reshare&link=https%3A%2F%2Fwww.oligopolypeptides.com%2Fquality-testing-hub%2Ftesting-methods%2F&app_id=966242223397117&source_surface=external_reshare&display&hashtag -> https://www.facebook.com/login/?next=https%3A%2F%2Fwww.facebook.com%2Fshare_channel%2F%3Ftype%3Dreshare%26link%3Dhttps%253A%252F%252Fwww.oligopolypeptides.com%252Fquality-testing-hub%252Ftesting-methods%252F%26app_id%3D966242223397117%26source_surface%3Dexternal_reshare%26display%26hashtag,https://www.facebook.com/login,False,,,text/html,Facebook,,0,False,1
https://www.oligopolypeptides.com/quality-testing-hub/testing-methods/?share=x,Redirects off-site,302,200,1,https://x.com/intent/tweet?text=Testing%20Methods%20for%20Single-Compound%20Research%20Materials&url=https%3A%2F%2Fwww.oligopolypeptides.com%2Fquality-testing-hub%2Ftesting-methods%2F,https://x.com/intent/tweet?text=Testing%20Methods%20for%20Single-Compound%20Research%20Materials&url=https%3A%2F%2Fwww.oligopolypeptides.com%2Fquality-testing-hub%2Ftesting-methods%2F,,False,,,text/html,,JavaScript is not available.,1,False,1
https://www.oligopolypeptides.com/quality-testing-hub/transitioning-after-peptide-sciences-closure/,Indexable,200,200,0,https://www.oligopolypeptides.com/quality-testing-hub/transitioning-after-peptide-sciences-closure/,,https://www.oligopolypeptides.com/quality-testing-hub/transitioning-after-peptide-sciences-closure/,True,"follow, index, max-snippet:-1, max-video-preview:-1, max-image-preview:large",,text/html,Transitioning After the Peptide Sciences Closure: A Research Supplier Verification Checklist | Research Peptides & Laboratory Compounds | OligoPoly Laboratories,Unlock 20% Off Your First OligoPoly Order,2,True,1
https://www.oligopolypeptides.com/quality-testing-hub/transitioning-after-peptide-sciences-closure/?share=facebook,Redirects off-site,302,200,3,https://www.facebook.com/login/?next=https%3A%2F%2Fwww.facebook.com%2Fshare_channel%2F%3Ftype%3Dreshare%26link%3Dhttps%253A%252F%252Fwww.oligopolypeptides.com%252Fquality-testing-hub%252Ftransitioning-after-peptide-sciences-closure%252F%26app_id%3D966242223397117%26source_surface%3Dexternal_reshare%26display%26hashtag,https://www.facebook.com/sharer/sharer.php?u=https%3A%2F%2Fwww.oligopolypeptides.com%2Fquality-testing-hub%2Ftransitioning-after-peptide-sciences-closure%2F&t=Transitioning%20After%20the%20Peptide%20Sciences%20Closure%3A%20A%20Research%20Supplier%20Verification%20Checklist -> https://www.facebook.com/share_channel/?type=reshare&link=https%3A%2F%2Fwww.oligopolypeptides.com%2Fquality-testing-hub%2Ftransitioning-after-peptide-sciences-closure%2F&app_id=966242223397117&source_surface=external_reshare&display&hashtag -> https://www.facebook.com/login/?next=https%3A%2F%2Fwww.facebook.com%2Fshare_channel%2F%3Ftype%3Dreshare%26link%3Dhttps%253A%252F%252Fwww.oligopolypeptides.com%252Fquality-testing-hub%252Ftransitioning-after-peptide-sciences-closure%252F%26app_id%3D966242223397117%26source_surface%3Dexternal_reshare%26display%26hashtag,https://www.facebook.com/login,False,,,text/html,Facebook,,0,False,1
https://www.oligopolypeptides.com/quality-testing-hub/transitioning-after-peptide-sciences-closure/?share=x,Redirects off-site,302,200,1,https://x.com/intent/tweet?text=Transitioning%20After%20the%20Peptide%20Sciences%20Closure%3A%20A%20Research%20Supplier%20Verification%20Checklist&url=https%3A%2F%2Fwww.oligopolypeptides.com%2Fquality-testing-hub%2Ftransitioning-after-peptide-sciences-closure%2F,https://x.com/intent/tweet?text=Transitioning%20After%20the%20Peptide%20Sciences%20Closure%3A%20A%20Research%20Supplier%20Verification%20Checklist&url=https%3A%2F%2Fwww.oligopolypeptides.com%2Fquality-testing-hub%2Ftransitioning-after-peptide-sciences-closure%2F,,False,,,text/html,,JavaScript is not available.,1,False,1
https://www.oligopolypeptides.com/quality-testing-hub/verify-third-party-laboratory-report/,Indexable,200,200,0,https://www.oligopolypeptides.com/quality-testing-hub/verify-third-party-laboratory-report/,,https://www.oligopolypeptides.com/quality-testing-hub/verify-third-party-laboratory-report/,True,"follow, index, max-snippet:-1, max-video-preview:-1, max-image-preview:large",,text/html,How to Verify a Third-Party Laboratory Report | Research Peptides & Laboratory Compounds | OligoPoly Laboratories,Unlock 20% Off Your First OligoPoly Order,2,True,1
https://www.oligopolypeptides.com/quality-testing-hub/verify-third-party-laboratory-report/?share=facebook,Redirects off-site,302,200,3,https://www.facebook.com/login/?next=https%3A%2F%2Fwww.facebook.com%2Fshare_channel%2F%3Ftype%3Dreshare%26link%3Dhttps%253A%252F%252Fwww.oligopolypeptides.com%252Fquality-testing-hub%252Fverify-third-party-laboratory-report%252F%26app_id%3D966242223397117%26source_surface%3Dexternal_reshare%26display%26hashtag,https://www.facebook.com/sharer/sharer.php?u=https%3A%2F%2Fwww.oligopolypeptides.com%2Fquality-testing-hub%2Fverify-third-party-laboratory-report%2F&t=How%20to%20Verify%20a%20Third-Party%20Laboratory%20Report -> https://www.facebook.com/share_channel/?type=reshare&link=https%3A%2F%2Fwww.oligopolypeptides.com%2Fquality-testing-hub%2Fverify-third-party-laboratory-report%2F&app_id=966242223397117&source_surface=external_reshare&display&hashtag -> https://www.facebook.com/login/?next=https%3A%2F%2Fwww.facebook.com%2Fshare_channel%2F%3Ftype%3Dreshare%26link%3Dhttps%253A%252F%252Fwww.oligopolypeptides.com%252Fquality-testing-hub%252Fverify-third-party-laboratory-report%252F%26app_id%3D966242223397117%26source_surface%3Dexternal_reshare%26display%26hashtag,https://www.facebook.com/login,False,,,text/html,Facebook,,0,False,1
https://www.oligopolypeptides.com/quality-testing-hub/verify-third-party-laboratory-report/?share=x,Redirects off-site,302,200,1,https://x.com/intent/tweet?text=How%20to%20Verify%20a%20Third-Party%20Laboratory%20Report&url=https%3A%2F%2Fwww.oligopolypeptides.com%2Fquality-testing-hub%2Fverify-third-party-laboratory-report%2F,https://x.com/intent/tweet?text=How%20to%20Verify%20a%20Third-Party%20Laboratory%20Report&url=https%3A%2F%2Fwww.oligopolypeptides.com%2Fquality-testing-hub%2Fverify-third-party-laboratory-report%2F,,False,,,text/html,,JavaScript is not available.,1,False,1
https://www.oligopolypeptides.com/quality-testing-hub/what-research-use-only-means/,Indexable,200,200,0,https://www.oligopolypeptides.com/quality-testing-hub/what-research-use-only-means/,,https://www.oligopolypeptides.com/quality-testing-hub/what-research-use-only-means/,True,"follow, index, max-snippet:-1, max-video-preview:-1, max-image-preview:large",,text/html,What Research Use Only Means in Laboratory Procurement | Research Peptides & Laboratory Compounds | OligoPoly Laboratories,Unlock 20% Off Your First OligoPoly Order,2,True,1
https://www.oligopolypeptides.com/quality-testing-hub/what-research-use-only-means/?share=facebook,Redirects off-site,302,200,3,https://www.facebook.com/login/?next=https%3A%2F%2Fwww.facebook.com%2Fshare_channel%2F%3Ftype%3Dreshare%26link%3Dhttps%253A%252F%252Fwww.oligopolypeptides.com%252Fquality-testing-hub%252Fwhat-research-use-only-means%252F%26app_id%3D966242223397117%26source_surface%3Dexternal_reshare%26display%26hashtag,https://www.facebook.com/sharer/sharer.php?u=https%3A%2F%2Fwww.oligopolypeptides.com%2Fquality-testing-hub%2Fwhat-research-use-only-means%2F&t=What%20Research%20Use%20Only%20Means%20in%20Laboratory%20Procurement -> https://www.facebook.com/share_channel/?type=reshare&link=https%3A%2F%2Fwww.oligopolypeptides.com%2Fquality-testing-hub%2Fwhat-research-use-only-means%2F&app_id=966242223397117&source_surface=external_reshare&display&hashtag -> https://www.facebook.com/login/?next=https%3A%2F%2Fwww.facebook.com%2Fshare_channel%2F%3Ftype%3Dreshare%26link%3Dhttps%253A%252F%252Fwww.oligopolypeptides.com%252Fquality-testing-hub%252Fwhat-research-use-only-means%252F%26app_id%3D966242223397117%26source_surface%3Dexternal_reshare%26display%26hashtag,https://www.facebook.com/login,False,,,text/html,Facebook,,0,False,1
https://www.oligopolypeptides.com/quality-testing-hub/what-research-use-only-means/?share=x,Redirects off-site,302,200,1,https://x.com/intent/tweet?text=What%20Research%20Use%20Only%20Means%20in%20Laboratory%20Procurement&url=https%3A%2F%2Fwww.oligopolypeptides.com%2Fquality-testing-hub%2Fwhat-research-use-only-means%2F,https://x.com/intent/tweet?text=What%20Research%20Use%20Only%20Means%20in%20Laboratory%20Procurement&url=https%3A%2F%2Fwww.oligopolypeptides.com%2Fquality-testing-hub%2Fwhat-research-use-only-means%2F,,False,,,text/html,,JavaScript is not available.,1,False,1
https://www.oligopolypeptides.com/quality-testing/,Page with redirect,301,200,1,https://www.oligopolypeptides.com/quality-testing-hub/,https://www.oligopolypeptides.com/quality-testing-hub/,https://www.oligopolypeptides.com/quality-testing-hub/,True,"follow, index, max-snippet:-1, max-video-preview:-1, max-image-preview:large",,text/html,"Quality Testing Hub | HPLC, COA Verification & Peptide Purity | OligoPoly",Unlock 20% Off Your First OligoPoly Order,3,False,1
https://www.oligopolypeptides.com/receptor-pharmacology-hub/,Indexable,200,200,0,https://www.oligopolypeptides.com/receptor-pharmacology-hub/,,https://www.oligopolypeptides.com/receptor-pharmacology-hub/,True,"follow, index, max-snippet:-1, max-video-preview:-1, max-image-preview:large",,text/html,"Receptor Pharmacology Hub | Peptide Binding, Selectivity & Mechanisms | OligoPoly",Unlock 20% Off Your First OligoPoly Order,3,True,233
https://www.oligopolypeptides.com/receptor-pharmacology-hub/?share=facebook,Redirects off-site,302,200,3,https://www.facebook.com/login/?next=https%3A%2F%2Fwww.facebook.com%2Fshare_channel%2F%3Ftype%3Dreshare%26link%3Dhttps%253A%252F%252Fwww.oligopolypeptides.com%252Freceptor-pharmacology-hub%252F%26app_id%3D966242223397117%26source_surface%3Dexternal_reshare%26display%26hashtag,https://www.facebook.com/sharer/sharer.php?u=https%3A%2F%2Fwww.oligopolypeptides.com%2Freceptor-pharmacology-hub%2F&t=Receptor%20Pharmacology%20Hub -> https://www.facebook.com/share_channel/?type=reshare&link=https%3A%2F%2Fwww.oligopolypeptides.com%2Freceptor-pharmacology-hub%2F&app_id=966242223397117&source_surface=external_reshare&display&hashtag -> https://www.facebook.com/login/?next=https%3A%2F%2Fwww.facebook.com%2Fshare_channel%2F%3Ftype%3Dreshare%26link%3Dhttps%253A%252F%252Fwww.oligopolypeptides.com%252Freceptor-pharmacology-hub%252F%26app_id%3D966242223397117%26source_surface%3Dexternal_reshare%26display%26hashtag,https://www.facebook.com/login,False,,,text/html,Facebook,,0,False,1
https://www.oligopolypeptides.com/receptor-pharmacology-hub/?share=x,Redirects off-site,302,200,1,https://x.com/intent/tweet?text=Receptor%20Pharmacology%20Hub&url=https%3A%2F%2Fwww.oligopolypeptides.com%2Freceptor-pharmacology-hub%2F,https://x.com/intent/tweet?text=Receptor%20Pharmacology%20Hub&url=https%3A%2F%2Fwww.oligopolypeptides.com%2Freceptor-pharmacology-hub%2F,,False,,,text/html,,JavaScript is not available.,1,False,1
https://www.oligopolypeptides.com/recovery-research-blends/,Indexable,200,200,0,https://www.oligopolypeptides.com/recovery-research-blends/,,https://www.oligopolypeptides.com/recovery-research-blends/,True,"follow, index, max-snippet:-1, max-video-preview:-1, max-image-preview:large",,text/html,"Recovery Research Blends | BPC-157, TB-500 & KPV Formulations | OligoPoly Laboratories",Unlock 20% Off Your First OligoPoly Order,3,True,2
https://www.oligopolypeptides.com/recovery-research-blends/?share=facebook,Redirects off-site,302,200,3,https://www.facebook.com/login/?next=https%3A%2F%2Fwww.facebook.com%2Fshare_channel%2F%3Ftype%3Dreshare%26link%3Dhttps%253A%252F%252Fwww.oligopolypeptides.com%252Frecovery-research-blends%252F%26app_id%3D966242223397117%26source_surface%3Dexternal_reshare%26display%26hashtag,https://www.facebook.com/sharer/sharer.php?u=https%3A%2F%2Fwww.oligopolypeptides.com%2Frecovery-research-blends%2F&t=Extracellular%20Matrix%20Signaling%20Blends -> https://www.facebook.com/share_channel/?type=reshare&link=https%3A%2F%2Fwww.oligopolypeptides.com%2Frecovery-research-blends%2F&app_id=966242223397117&source_surface=external_reshare&display&hashtag -> https://www.facebook.com/login/?next=https%3A%2F%2Fwww.facebook.com%2Fshare_channel%2F%3Ftype%3Dreshare%26link%3Dhttps%253A%252F%252Fwww.oligopolypeptides.com%252Frecovery-research-blends%252F%26app_id%3D966242223397117%26source_surface%3Dexternal_reshare%26display%26hashtag,https://www.facebook.com/login,False,,,text/html,Facebook,,0,False,1
https://www.oligopolypeptides.com/recovery-research-blends/?share=x,Redirects off-site,302,200,1,https://x.com/intent/tweet?text=Extracellular%20Matrix%20Signaling%20Blends&url=https%3A%2F%2Fwww.oligopolypeptides.com%2Frecovery-research-blends%2F,https://x.com/intent/tweet?text=Extracellular%20Matrix%20Signaling%20Blends&url=https%3A%2F%2Fwww.oligopolypeptides.com%2Frecovery-research-blends%2F,,False,,,text/html,,JavaScript is not available.,1,False,1
https://www.oligopolypeptides.com/recovery-research-hub/,Page with redirect,301,200,1,https://www.oligopolypeptides.com/ecm-signaling-hub/,https://www.oligopolypeptides.com/ecm-signaling-hub/,https://www.oligopolypeptides.com/ecm-signaling-hub/,True,"follow, index, max-snippet:-1, max-video-preview:-1, max-image-preview:large",,text/html,ECM Signaling Hub | OligoPoly Laboratories,Unlock 20% Off Your First OligoPoly Order,3,False,5
https://www.oligopolypeptides.com/recovery-research-peptides/,Indexable,200,200,0,https://www.oligopolypeptides.com/recovery-research-peptides/,,https://www.oligopolypeptides.com/recovery-research-peptides/,True,"follow, index, max-snippet:-1, max-video-preview:-1, max-image-preview:large",,text/html,Recovery Research Peptides | OligoPoly,Unlock 20% Off Your First OligoPoly Order,3,True,0
https://www.oligopolypeptides.com/recovery-research-peptides/?share=facebook,Redirects off-site,302,200,3,https://www.facebook.com/login/?next=https%3A%2F%2Fwww.facebook.com%2Fshare_channel%2F%3Ftype%3Dreshare%26link%3Dhttps%253A%252F%252Fwww.oligopolypeptides.com%252Frecovery-research-peptides%252F%26app_id%3D966242223397117%26source_surface%3Dexternal_reshare%26display%26hashtag,https://www.facebook.com/sharer/sharer.php?u=https%3A%2F%2Fwww.oligopolypeptides.com%2Frecovery-research-peptides%2F&t=Extracellular%20Matrix%20Signaling%20Peptides%20%E2%80%94%20Tissue%20Repair%20%26%20Healing%20Pathway%20Compounds -> https://www.facebook.com/share_channel/?type=reshare&link=https%3A%2F%2Fwww.oligopolypeptides.com%2Frecovery-research-peptides%2F&app_id=966242223397117&source_surface=external_reshare&display&hashtag -> https://www.facebook.com/login/?next=https%3A%2F%2Fwww.facebook.com%2Fshare_channel%2F%3Ftype%3Dreshare%26link%3Dhttps%253A%252F%252Fwww.oligopolypeptides.com%252Frecovery-research-peptides%252F%26app_id%3D966242223397117%26source_surface%3Dexternal_reshare%26display%26hashtag,https://www.facebook.com/login,False,,,text/html,Facebook,,0,False,1
https://www.oligopolypeptides.com/recovery-research-peptides/?share=x,Redirects off-site,302,200,1,https://x.com/intent/tweet?text=Extracellular%20Matrix%20Signaling%20Peptides%20%E2%80%94%20Tissue%20Repair%20%26%20Healing%20Pathway%20Compounds&url=https%3A%2F%2Fwww.oligopolypeptides.com%2Frecovery-research-peptides%2F,https://x.com/intent/tweet?text=Extracellular%20Matrix%20Signaling%20Peptides%20%E2%80%94%20Tissue%20Repair%20%26%20Healing%20Pathway%20Compounds&url=https%3A%2F%2Fwww.oligopolypeptides.com%2Frecovery-research-peptides%2F,,False,,,text/html,,JavaScript is not available.,1,False,1
https://www.oligopolypeptides.com/refund-policy/,Indexable,200,200,0,https://www.oligopolypeptides.com/refund-policy/,,https://www.oligopolypeptides.com/refund-policy/,True,"follow, index, max-snippet:-1, max-video-preview:-1, max-image-preview:large",,text/html,Refund Policy | OligoPoly Laboratories,Refund Policy,2,True,233
https://www.oligopolypeptides.com/refund-policy/?share=facebook,Redirects off-site,302,200,3,https://www.facebook.com/login/?next=https%3A%2F%2Fwww.facebook.com%2Fshare_channel%2F%3Ftype%3Dreshare%26link%3Dhttps%253A%252F%252Fwww.oligopolypeptides.com%252Frefund-policy%252F%26app_id%3D966242223397117%26source_surface%3Dexternal_reshare%26display%26hashtag,https://www.facebook.com/sharer/sharer.php?u=https%3A%2F%2Fwww.oligopolypeptides.com%2Frefund-policy%2F&t=Refund%20Policy -> https://www.facebook.com/share_channel/?type=reshare&link=https%3A%2F%2Fwww.oligopolypeptides.com%2Frefund-policy%2F&app_id=966242223397117&source_surface=external_reshare&display&hashtag -> https://www.facebook.com/login/?next=https%3A%2F%2Fwww.facebook.com%2Fshare_channel%2F%3Ftype%3Dreshare%26link%3Dhttps%253A%252F%252Fwww.oligopolypeptides.com%252Frefund-policy%252F%26app_id%3D966242223397117%26source_surface%3Dexternal_reshare%26display%26hashtag,https://www.facebook.com/login,False,,,text/html,Facebook,,0,False,1
https://www.oligopolypeptides.com/refund-policy/?share=x,Redirects off-site,302,200,1,https://x.com/intent/tweet?text=Refund%20Policy&url=https%3A%2F%2Fwww.oligopolypeptides.com%2Frefund-policy%2F,https://x.com/intent/tweet?text=Refund%20Policy&url=https%3A%2F%2Fwww.oligopolypeptides.com%2Frefund-policy%2F,,False,,,text/html,,JavaScript is not available.,1,False,1
https://www.oligopolypeptides.com/request-account/,Page with redirect,301,200,1,https://www.oligopolypeptides.com/my-account/,https://www.oligopolypeptides.com/my-account/,,False,"noindex, follow",,text/html,My account | Research Peptides & Laboratory Compounds | OligoPoly Laboratories,My account,1,True,0
https://www.oligopolypeptides.com/request-quote/,Page with redirect,301,200,1,https://www.oligopolypeptides.com/contact/,https://www.oligopolypeptides.com/contact/,https://www.oligopolypeptides.com/contact/,True,"follow, index, max-snippet:-1, max-video-preview:-1, max-image-preview:large",,text/html,Get in Touch | OligoPoly Laboratories,Get in Touch,1,True,0
https://www.oligopolypeptides.com/research-blends-vs-single-compounds-study-design/,Indexable,200,200,0,https://www.oligopolypeptides.com/research-blends-vs-single-compounds-study-design/,,https://www.oligopolypeptides.com/research-blends-vs-single-compounds-study-design/,True,"follow, index, max-snippet:-1, max-video-preview:-1, max-image-preview:large",,text/html,Multi-Compound Research Formulations vs Single Single-Compound Research Materials: How Researchers Compare Study Design Options | Research Peptides Guide | OligoPoly Laboratories,Unlock 20% Off Your First OligoPoly Order,2,True,3
https://www.oligopolypeptides.com/research-blends-vs-single-compounds-study-design/?share=facebook,Redirects off-site,302,200,3,https://www.facebook.com/login/?next=https%3A%2F%2Fwww.facebook.com%2Fshare_channel%2F%3Ftype%3Dreshare%26link%3Dhttps%253A%252F%252Fwww.oligopolypeptides.com%252Fresearch-blends-vs-single-compounds-study-design%252F%26app_id%3D966242223397117%26source_surface%3Dexternal_reshare%26display%26hashtag,https://www.facebook.com/sharer/sharer.php?u=https%3A%2F%2Fwww.oligopolypeptides.com%2Fresearch-blends-vs-single-compounds-study-design%2F&t=Multi-Compound%20Research%20Formulations%20vs%20Single%20Single-Compound%20Research%20Materials%3A%20How%20Researchers%20Compare%20Study%20Design%20Options -> https://www.facebook.com/share_channel/?type=reshare&link=https%3A%2F%2Fwww.oligopolypeptides.com%2Fresearch-blends-vs-single-compounds-study-design%2F&app_id=966242223397117&source_surface=external_reshare&display&hashtag -> https://www.facebook.com/login/?next=https%3A%2F%2Fwww.facebook.com%2Fshare_channel%2F%3Ftype%3Dreshare%26link%3Dhttps%253A%252F%252Fwww.oligopolypeptides.com%252Fresearch-blends-vs-single-compounds-study-design%252F%26app_id%3D966242223397117%26source_surface%3Dexternal_reshare%26display%26hashtag,https://www.facebook.com/login,False,,,text/html,Facebook,,0,False,1
https://www.oligopolypeptides.com/research-blends-vs-single-compounds-study-design/?share=x,Redirects off-site,302,200,1,https://x.com/intent/tweet?text=Multi-Compound%20Research%20Formulations%20vs%20Single%20Single-Compound%20Research%20Materials%3A%20How%20Researchers%20Compare%20Study%20Design%20Options&url=https%3A%2F%2Fwww.oligopolypeptides.com%2Fresearch-blends-vs-single-compounds-study-design%2F,https://x.com/intent/tweet?text=Multi-Compound%20Research%20Formulations%20vs%20Single%20Single-Compound%20Research%20Materials%3A%20How%20Researchers%20Compare%20Study%20Design%20Options&url=https%3A%2F%2Fwww.oligopolypeptides.com%2Fresearch-blends-vs-single-compounds-study-design%2F,,False,,,text/html,,JavaScript is not available.,1,False,1
https://www.oligopolypeptides.com/research-blends/,Indexable,200,200,0,https://www.oligopolypeptides.com/research-blends/,,https://www.oligopolypeptides.com/research-blends/,True,"follow, index, max-snippet:-1, max-video-preview:-1, max-image-preview:large",,text/html,"Research Peptide Blends | COA, HPLC & LC-MS Documentation",Unlock 20% Off Your First OligoPoly Order,2,True,233
https://www.oligopolypeptides.com/research-blends/?share=facebook,Redirects off-site,302,200,3,https://www.facebook.com/login/?next=https%3A%2F%2Fwww.facebook.com%2Fshare_channel%2F%3Ftype%3Dreshare%26link%3Dhttps%253A%252F%252Fwww.oligopolypeptides.com%252Fresearch-blends%252F%26app_id%3D966242223397117%26source_surface%3Dexternal_reshare%26display%26hashtag,https://www.facebook.com/sharer/sharer.php?u=https%3A%2F%2Fwww.oligopolypeptides.com%2Fresearch-blends%2F&t=Research%20Blend%20Library -> https://www.facebook.com/share_channel/?type=reshare&link=https%3A%2F%2Fwww.oligopolypeptides.com%2Fresearch-blends%2F&app_id=966242223397117&source_surface=external_reshare&display&hashtag -> https://www.facebook.com/login/?next=https%3A%2F%2Fwww.facebook.com%2Fshare_channel%2F%3Ftype%3Dreshare%26link%3Dhttps%253A%252F%252Fwww.oligopolypeptides.com%252Fresearch-blends%252F%26app_id%3D966242223397117%26source_surface%3Dexternal_reshare%26display%26hashtag,https://www.facebook.com/login,False,,,text/html,Facebook,,0,False,1
https://www.oligopolypeptides.com/research-blends/?share=x,Redirects off-site,302,200,1,https://x.com/intent/tweet?text=Research%20Blend%20Library&url=https%3A%2F%2Fwww.oligopolypeptides.com%2Fresearch-blends%2F,https://x.com/intent/tweet?text=Research%20Blend%20Library&url=https%3A%2F%2Fwww.oligopolypeptides.com%2Fresearch-blends%2F,,False,,,text/html,,JavaScript is not available.,1,False,1
https://www.oligopolypeptides.com/research-catalog/,Indexable,200,200,0,https://www.oligopolypeptides.com/research-catalog/,,https://www.oligopolypeptides.com/research-catalog/,True,"follow, index, max-snippet:-1, max-video-preview:-1, max-image-preview:large",,text/html,Research Products Catalog | OligoPoly Laboratories,Unlock 20% Off Your First OligoPoly Order,2,True,233
https://www.oligopolypeptides.com/research-catalog/?opl_offer=1,Alternate page with proper canonical tag,200,200,0,https://www.oligopolypeptides.com/research-catalog/?opl_offer=1,,https://www.oligopolypeptides.com/research-catalog/,False,"follow, index, max-snippet:-1, max-video-preview:-1, max-image-preview:large",,text/html,Research Products Catalog | OligoPoly Laboratories,Unlock 20% Off Your First OligoPoly Order,2,False,1
https://www.oligopolypeptides.com/research-catalog/?share=facebook,Redirects off-site,302,200,3,https://www.facebook.com/login/?next=https%3A%2F%2Fwww.facebook.com%2Fshare_channel%2F%3Ftype%3Dreshare%26link%3Dhttps%253A%252F%252Fwww.oligopolypeptides.com%252Fresearch-catalog%252F%26app_id%3D966242223397117%26source_surface%3Dexternal_reshare%26display%26hashtag,https://www.facebook.com/sharer/sharer.php?u=https%3A%2F%2Fwww.oligopolypeptides.com%2Fresearch-catalog%2F&t=Research%20Catalog%20%7C%20Research-Use%20Materials%20%7C%20OligoPoly%20Laboratories -> https://www.facebook.com/share_channel/?type=reshare&link=https%3A%2F%2Fwww.oligopolypeptides.com%2Fresearch-catalog%2F&app_id=966242223397117&source_surface=external_reshare&display&hashtag -> https://www.facebook.com/login/?next=https%3A%2F%2Fwww.facebook.com%2Fshare_channel%2F%3Ftype%3Dreshare%26link%3Dhttps%253A%252F%252Fwww.oligopolypeptides.com%252Fresearch-catalog%252F%26app_id%3D966242223397117%26source_surface%3Dexternal_reshare%26display%26hashtag,https://www.facebook.com/login,False,,,text/html,Facebook,,0,False,2
https://www.oligopolypeptides.com/research-catalog/?share=x,Redirects off-site,302,200,1,https://x.com/intent/tweet?text=Research%20Catalog%20%7C%20Research-Use%20Materials%20%7C%20OligoPoly%20Laboratories&url=https%3A%2F%2Fwww.oligopolypeptides.com%2Fresearch-catalog%2F,https://x.com/intent/tweet?text=Research%20Catalog%20%7C%20Research-Use%20Materials%20%7C%20OligoPoly%20Laboratories&url=https%3A%2F%2Fwww.oligopolypeptides.com%2Fresearch-catalog%2F,,False,,,text/html,,JavaScript is not available.,1,False,2
https://www.oligopolypeptides.com/research-collections/,Indexable,200,200,0,https://www.oligopolypeptides.com/research-collections/,,https://www.oligopolypeptides.com/research-collections/,True,"follow, index, max-snippet:-1, max-video-preview:-1, max-image-preview:large",,text/html,Research Collections | Research Peptides & Laboratory Compounds | OligoPoly Laboratories,Unlock 20% Off Your First OligoPoly Order,1,True,233
https://www.oligopolypeptides.com/research-collections/?share=facebook,Redirects off-site,302,200,3,https://www.facebook.com/login/?next=https%3A%2F%2Fwww.facebook.com%2Fshare_channel%2F%3Ftype%3Dreshare%26link%3Dhttps%253A%252F%252Fwww.oligopolypeptides.com%252Fresearch-collections%252F%26app_id%3D966242223397117%26source_surface%3Dexternal_reshare%26display%26hashtag,https://www.facebook.com/sharer/sharer.php?u=https%3A%2F%2Fwww.oligopolypeptides.com%2Fresearch-collections%2F&t=Research%20Collections -> https://www.facebook.com/share_channel/?type=reshare&link=https%3A%2F%2Fwww.oligopolypeptides.com%2Fresearch-collections%2F&app_id=966242223397117&source_surface=external_reshare&display&hashtag -> https://www.facebook.com/login/?next=https%3A%2F%2Fwww.facebook.com%2Fshare_channel%2F%3Ftype%3Dreshare%26link%3Dhttps%253A%252F%252Fwww.oligopolypeptides.com%252Fresearch-collections%252F%26app_id%3D966242223397117%26source_surface%3Dexternal_reshare%26display%26hashtag,https://www.facebook.com/login,False,,,text/html,Facebook,,0,False,3
https://www.oligopolypeptides.com/research-collections/?share=x,Redirects off-site,302,200,1,https://x.com/intent/tweet?text=Research%20Collections&url=https%3A%2F%2Fwww.oligopolypeptides.com%2Fresearch-collections%2F,https://x.com/intent/tweet?text=Research%20Collections&url=https%3A%2F%2Fwww.oligopolypeptides.com%2Fresearch-collections%2F,,False,,,text/html,,JavaScript is not available.,1,False,3
https://www.oligopolypeptides.com/research-library/,Indexable,200,200,0,https://www.oligopolypeptides.com/research-library/,,https://www.oligopolypeptides.com/research-library/,True,"follow, index, max-snippet:-1, max-video-preview:-1, max-image-preview:large",,text/html,"Research Library | Peptide Science, COA Verification & Research Guides",Unlock 20% Off Your First OligoPoly Order,2,True,233
https://www.oligopolypeptides.com/research-library/?record=1945,Alternate page with proper canonical tag,200,200,0,https://www.oligopolypeptides.com/research-library/?record=1945,,https://www.oligopolypeptides.com/research-library/,False,"follow, index, max-snippet:-1, max-video-preview:-1, max-image-preview:large",,text/html,"Research Library | Peptide Science, COA Verification & Research Guides",Unlock 20% Off Your First OligoPoly Order,2,False,1
https://www.oligopolypeptides.com/research-library/?record=441,Alternate page with proper canonical tag,200,200,0,https://www.oligopolypeptides.com/research-library/?record=441,,https://www.oligopolypeptides.com/research-library/,False,"follow, index, max-snippet:-1, max-video-preview:-1, max-image-preview:large",,text/html,"Research Library | Peptide Science, COA Verification & Research Guides",Unlock 20% Off Your First OligoPoly Order,2,False,1
https://www.oligopolypeptides.com/research-library/?record=443,Alternate page with proper canonical tag,200,200,0,https://www.oligopolypeptides.com/research-library/?record=443,,https://www.oligopolypeptides.com/research-library/,False,"follow, index, max-snippet:-1, max-video-preview:-1, max-image-preview:large",,text/html,"Research Library | Peptide Science, COA Verification & Research Guides",Unlock 20% Off Your First OligoPoly Order,2,False,1
https://www.oligopolypeptides.com/research-library/?record=446,Alternate page with proper canonical tag,200,200,0,https://www.oligopolypeptides.com/research-library/?record=446,,https://www.oligopolypeptides.com/research-library/,False,"follow, index, max-snippet:-1, max-video-preview:-1, max-image-preview:large",,text/html,"Research Library | Peptide Science, COA Verification & Research Guides",Unlock 20% Off Your First OligoPoly Order,2,False,1
https://www.oligopolypeptides.com/research-library/?record=447,Alternate page with proper canonical tag,200,200,0,https://www.oligopolypeptides.com/research-library/?record=447,,https://www.oligopolypeptides.com/research-library/,False,"follow, index, max-snippet:-1, max-video-preview:-1, max-image-preview:large",,text/html,"Research Library | Peptide Science, COA Verification & Research Guides",Unlock 20% Off Your First OligoPoly Order,2,False,1
https://www.oligopolypeptides.com/research-library/?record=49,Alternate page with proper canonical tag,200,200,0,https://www.oligopolypeptides.com/research-library/?record=49,,https://www.oligopolypeptides.com/research-library/,False,"follow, index, max-snippet:-1, max-video-preview:-1, max-image-preview:large",,text/html,"Research Library | Peptide Science, COA Verification & Research Guides",Unlock 20% Off Your First OligoPoly Order,2,False,1
https://www.oligopolypeptides.com/research-library/?record=52,Alternate page with proper canonical tag,200,200,0,https://www.oligopolypeptides.com/research-library/?record=52,,https://www.oligopolypeptides.com/research-library/,False,"follow, index, max-snippet:-1, max-video-preview:-1, max-image-preview:large",,text/html,"Research Library | Peptide Science, COA Verification & Research Guides",Unlock 20% Off Your First OligoPoly Order,2,False,1
https://www.oligopolypeptides.com/research-library/?record=63,Alternate page with proper canonical tag,200,200,0,https://www.oligopolypeptides.com/research-library/?record=63,,https://www.oligopolypeptides.com/research-library/,False,"follow, index, max-snippet:-1, max-video-preview:-1, max-image-preview:large",,text/html,"Research Library | Peptide Science, COA Verification & Research Guides",Unlock 20% Off Your First OligoPoly Order,2,False,1
https://www.oligopolypeptides.com/research-library/?share=facebook,Redirects off-site,302,200,3,https://www.facebook.com/login/?next=https%3A%2F%2Fwww.facebook.com%2Fshare_channel%2F%3Ftype%3Dreshare%26link%3Dhttps%253A%252F%252Fwww.oligopolypeptides.com%252Fresearch-library%252F%26app_id%3D966242223397117%26source_surface%3Dexternal_reshare%26display%26hashtag,https://www.facebook.com/sharer/sharer.php?u=https%3A%2F%2Fwww.oligopolypeptides.com%2Fresearch-library%2F&t=Research%20Library -> https://www.facebook.com/share_channel/?type=reshare&link=https%3A%2F%2Fwww.oligopolypeptides.com%2Fresearch-library%2F&app_id=966242223397117&source_surface=external_reshare&display&hashtag -> https://www.facebook.com/login/?next=https%3A%2F%2Fwww.facebook.com%2Fshare_channel%2F%3Ftype%3Dreshare%26link%3Dhttps%253A%252F%252Fwww.oligopolypeptides.com%252Fresearch-library%252F%26app_id%3D966242223397117%26source_surface%3Dexternal_reshare%26display%26hashtag,https://www.facebook.com/login,False,,,text/html,Facebook,,0,False,1
https://www.oligopolypeptides.com/research-library/?share=x,Redirects off-site,302,200,1,https://x.com/intent/tweet?text=Research%20Library&url=https%3A%2F%2Fwww.oligopolypeptides.com%2Fresearch-library%2F,https://x.com/intent/tweet?text=Research%20Library&url=https%3A%2F%2Fwww.oligopolypeptides.com%2Fresearch-library%2F,,False,,,text/html,,JavaScript is not available.,1,False,1
https://www.oligopolypeptides.com/research-panels/,Page with redirect,301,200,2,https://www.oligopolypeptides.com/research-collections/,https://www.oligopolypeptides.com/research-stacks/ -> https://www.oligopolypeptides.com/research-collections/,https://www.oligopolypeptides.com/research-collections/,True,"follow, index, max-snippet:-1, max-video-preview:-1, max-image-preview:large",,text/html,Research Collections | Research Peptides & Laboratory Compounds | OligoPoly Laboratories,Unlock 20% Off Your First OligoPoly Order,1,True,233
https://www.oligopolypeptides.com/research-partner-compliance-rules/,Indexable,200,200,0,https://www.oligopolypeptides.com/research-partner-compliance-rules/,,https://www.oligopolypeptides.com/research-partner-compliance-rules/,True,"follow, index, max-snippet:-1, max-video-preview:-1, max-image-preview:large",,text/html,Partner Compliance Rules | Research Peptides & Laboratory Compounds | OligoPoly Laboratories,Unlock 20% Off Your First OligoPoly Order,2,True,2
https://www.oligopolypeptides.com/research-partner-compliance-rules/?share=facebook,Redirects off-site,302,200,3,https://www.facebook.com/login/?next=https%3A%2F%2Fwww.facebook.com%2Fshare_channel%2F%3Ftype%3Dreshare%26link%3Dhttps%253A%252F%252Fwww.oligopolypeptides.com%252Fresearch-partner-compliance-rules%252F%26app_id%3D966242223397117%26source_surface%3Dexternal_reshare%26display%26hashtag,https://www.facebook.com/sharer/sharer.php?u=https%3A%2F%2Fwww.oligopolypeptides.com%2Fresearch-partner-compliance-rules%2F&t=Partner%20Compliance%20Rules -> https://www.facebook.com/share_channel/?type=reshare&link=https%3A%2F%2Fwww.oligopolypeptides.com%2Fresearch-partner-compliance-rules%2F&app_id=966242223397117&source_surface=external_reshare&display&hashtag -> https://www.facebook.com/login/?next=https%3A%2F%2Fwww.facebook.com%2Fshare_channel%2F%3Ftype%3Dreshare%26link%3Dhttps%253A%252F%252Fwww.oligopolypeptides.com%252Fresearch-partner-compliance-rules%252F%26app_id%3D966242223397117%26source_surface%3Dexternal_reshare%26display%26hashtag,https://www.facebook.com/login,False,,,text/html,Facebook,,0,False,1
https://www.oligopolypeptides.com/research-partner-compliance-rules/?share=x,Redirects off-site,302,200,1,https://x.com/intent/tweet?text=Partner%20Compliance%20Rules&url=https%3A%2F%2Fwww.oligopolypeptides.com%2Fresearch-partner-compliance-rules%2F,https://x.com/intent/tweet?text=Partner%20Compliance%20Rules&url=https%3A%2F%2Fwww.oligopolypeptides.com%2Fresearch-partner-compliance-rules%2F,,False,,,text/html,,JavaScript is not available.,1,False,1
https://www.oligopolypeptides.com/research-partner-program-terms/,Indexable,200,200,0,https://www.oligopolypeptides.com/research-partner-program-terms/,,https://www.oligopolypeptides.com/research-partner-program-terms/,True,"follow, index, max-snippet:-1, max-video-preview:-1, max-image-preview:large",,text/html,Research Partner Program Terms | Research Peptides & Laboratory Compounds | OligoPoly Laboratories,Unlock 20% Off Your First OligoPoly Order,2,True,2
https://www.oligopolypeptides.com/research-partner-program-terms/?share=facebook,Redirects off-site,302,200,3,https://www.facebook.com/login/?next=https%3A%2F%2Fwww.facebook.com%2Fshare_channel%2F%3Ftype%3Dreshare%26link%3Dhttps%253A%252F%252Fwww.oligopolypeptides.com%252Fresearch-partner-program-terms%252F%26app_id%3D966242223397117%26source_surface%3Dexternal_reshare%26display%26hashtag,https://www.facebook.com/sharer/sharer.php?u=https%3A%2F%2Fwww.oligopolypeptides.com%2Fresearch-partner-program-terms%2F&t=Research%20Partner%20Program%20Terms -> https://www.facebook.com/share_channel/?type=reshare&link=https%3A%2F%2Fwww.oligopolypeptides.com%2Fresearch-partner-program-terms%2F&app_id=966242223397117&source_surface=external_reshare&display&hashtag -> https://www.facebook.com/login/?next=https%3A%2F%2Fwww.facebook.com%2Fshare_channel%2F%3Ftype%3Dreshare%26link%3Dhttps%253A%252F%252Fwww.oligopolypeptides.com%252Fresearch-partner-program-terms%252F%26app_id%3D966242223397117%26source_surface%3Dexternal_reshare%26display%26hashtag,https://www.facebook.com/login,False,,,text/html,Facebook,,0,False,1
https://www.oligopolypeptides.com/research-partner-program-terms/?share=x,Redirects off-site,302,200,1,https://x.com/intent/tweet?text=Research%20Partner%20Program%20Terms&url=https%3A%2F%2Fwww.oligopolypeptides.com%2Fresearch-partner-program-terms%2F,https://x.com/intent/tweet?text=Research%20Partner%20Program%20Terms&url=https%3A%2F%2Fwww.oligopolypeptides.com%2Fresearch-partner-program-terms%2F,,False,,,text/html,,JavaScript is not available.,1,False,1
https://www.oligopolypeptides.com/research-partner-program/,Indexable,200,200,0,https://www.oligopolypeptides.com/research-partner-program/,,https://www.oligopolypeptides.com/research-partner-program/,True,"follow, index, max-snippet:-1, max-video-preview:-1, max-image-preview:large",,text/html,Research Partner Program | OligoPoly Laboratories,Unlock 20% Off Your First OligoPoly Order,3,True,3
https://www.oligopolypeptides.com/research-partner-program/?share=facebook,Redirects off-site,302,200,3,https://www.facebook.com/login/?next=https%3A%2F%2Fwww.facebook.com%2Fshare_channel%2F%3Ftype%3Dreshare%26link%3Dhttps%253A%252F%252Fwww.oligopolypeptides.com%252Fresearch-partner-program%252F%26app_id%3D966242223397117%26source_surface%3Dexternal_reshare%26display%26hashtag,https://www.facebook.com/sharer/sharer.php?u=https%3A%2F%2Fwww.oligopolypeptides.com%2Fresearch-partner-program%2F&t=OligoPoly%20Research%20Partner%20Program -> https://www.facebook.com/share_channel/?type=reshare&link=https%3A%2F%2Fwww.oligopolypeptides.com%2Fresearch-partner-program%2F&app_id=966242223397117&source_surface=external_reshare&display&hashtag -> https://www.facebook.com/login/?next=https%3A%2F%2Fwww.facebook.com%2Fshare_channel%2F%3Ftype%3Dreshare%26link%3Dhttps%253A%252F%252Fwww.oligopolypeptides.com%252Fresearch-partner-program%252F%26app_id%3D966242223397117%26source_surface%3Dexternal_reshare%26display%26hashtag,https://www.facebook.com/login,False,,,text/html,Facebook,,0,False,1
https://www.oligopolypeptides.com/research-partner-program/?share=x,Redirects off-site,302,200,1,https://x.com/intent/tweet?text=OligoPoly%20Research%20Partner%20Program&url=https%3A%2F%2Fwww.oligopolypeptides.com%2Fresearch-partner-program%2F,https://x.com/intent/tweet?text=OligoPoly%20Research%20Partner%20Program&url=https%3A%2F%2Fwww.oligopolypeptides.com%2Fresearch-partner-program%2F,,False,,,text/html,,JavaScript is not available.,1,False,1
https://www.oligopolypeptides.com/research-partner-program/context.item.anchor,Not found (404),404,404,0,https://www.oligopolypeptides.com/research-partner-program/context.item.anchor,,,False,"follow, noindex",,text/html,Page Not Found | OligoPoly Laboratories,Unlock 20% Off Your First OligoPoly Order,2,False,1
https://www.oligopolypeptides.com/research-peptide-research-panels-guide/,Indexable,200,200,0,https://www.oligopolypeptides.com/research-peptide-research-panels-guide/,,https://www.oligopolypeptides.com/research-peptide-research-panels-guide/,True,"follow, index, max-snippet:-1, max-video-preview:-1, max-image-preview:large",,text/html,Research Peptide Research Panels Guide | OligoPoly Laboratories,Unlock 20% Off Your First OligoPoly Order,2,True,13
https://www.oligopolypeptides.com/research-peptide-research-panels-guide/?share=facebook,Redirects off-site,302,200,3,https://www.facebook.com/login/?next=https%3A%2F%2Fwww.facebook.com%2Fshare_channel%2F%3Ftype%3Dreshare%26link%3Dhttps%253A%252F%252Fwww.oligopolypeptides.com%252Fresearch-peptide-research-panels-guide%252F%26app_id%3D966242223397117%26source_surface%3Dexternal_reshare%26display%26hashtag,https://www.facebook.com/sharer/sharer.php?u=https%3A%2F%2Fwww.oligopolypeptides.com%2Fresearch-peptide-research-panels-guide%2F&t=Research%20Peptide%20Research%20Panels%20Guide -> https://www.facebook.com/share_channel/?type=reshare&link=https%3A%2F%2Fwww.oligopolypeptides.com%2Fresearch-peptide-research-panels-guide%2F&app_id=966242223397117&source_surface=external_reshare&display&hashtag -> https://www.facebook.com/login/?next=https%3A%2F%2Fwww.facebook.com%2Fshare_channel%2F%3Ftype%3Dreshare%26link%3Dhttps%253A%252F%252Fwww.oligopolypeptides.com%252Fresearch-peptide-research-panels-guide%252F%26app_id%3D966242223397117%26source_surface%3Dexternal_reshare%26display%26hashtag,https://www.facebook.com/login,False,,,text/html,Facebook,,0,False,1
https://www.oligopolypeptides.com/research-peptide-research-panels-guide/?share=x,Redirects off-site,302,200,1,https://x.com/intent/tweet?text=Research%20Peptide%20Research%20Panels%20Guide&url=https%3A%2F%2Fwww.oligopolypeptides.com%2Fresearch-peptide-research-panels-guide%2F,https://x.com/intent/tweet?text=Research%20Peptide%20Research%20Panels%20Guide&url=https%3A%2F%2Fwww.oligopolypeptides.com%2Fresearch-peptide-research-panels-guide%2F,,False,,,text/html,,JavaScript is not available.,1,False,1
https://www.oligopolypeptides.com/research-peptide-research-panels-how-to-choose/,Indexable,200,200,0,https://www.oligopolypeptides.com/research-peptide-research-panels-how-to-choose/,,https://www.oligopolypeptides.com/research-peptide-research-panels-how-to-choose/,True,"follow, index, max-snippet:-1, max-video-preview:-1, max-image-preview:large",,text/html,Research Peptide Research Panels: How to Choose the Right Bundle for Your Laboratory | Research Peptides Guide | OligoPoly Laboratories,Unlock 20% Off Your First OligoPoly Order,2,True,3
https://www.oligopolypeptides.com/research-peptide-research-panels-how-to-choose/?share=facebook,Redirects off-site,302,200,3,https://www.facebook.com/login/?next=https%3A%2F%2Fwww.facebook.com%2Fshare_channel%2F%3Ftype%3Dreshare%26link%3Dhttps%253A%252F%252Fwww.oligopolypeptides.com%252Fresearch-peptide-research-panels-how-to-choose%252F%26app_id%3D966242223397117%26source_surface%3Dexternal_reshare%26display%26hashtag,https://www.facebook.com/sharer/sharer.php?u=https%3A%2F%2Fwww.oligopolypeptides.com%2Fresearch-peptide-research-panels-how-to-choose%2F&t=Research%20Peptide%20Research%20Panels%3A%20How%20to%20Choose%20the%20Right%20Bundle%20for%20Your%20Laboratory -> https://www.facebook.com/share_channel/?type=reshare&link=https%3A%2F%2Fwww.oligopolypeptides.com%2Fresearch-peptide-research-panels-how-to-choose%2F&app_id=966242223397117&source_surface=external_reshare&display&hashtag -> https://www.facebook.com/login/?next=https%3A%2F%2Fwww.facebook.com%2Fshare_channel%2F%3Ftype%3Dreshare%26link%3Dhttps%253A%252F%252Fwww.oligopolypeptides.com%252Fresearch-peptide-research-panels-how-to-choose%252F%26app_id%3D966242223397117%26source_surface%3Dexternal_reshare%26display%26hashtag,https://www.facebook.com/login,False,,,text/html,Facebook,,0,False,1
https://www.oligopolypeptides.com/research-peptide-research-panels-how-to-choose/?share=x,Redirects off-site,302,200,1,https://x.com/intent/tweet?text=Research%20Peptide%20Research%20Panels%3A%20How%20to%20Choose%20the%20Right%20Bundle%20for%20Your%20Laboratory&url=https%3A%2F%2Fwww.oligopolypeptides.com%2Fresearch-peptide-research-panels-how-to-choose%2F,https://x.com/intent/tweet?text=Research%20Peptide%20Research%20Panels%3A%20How%20to%20Choose%20the%20Right%20Bundle%20for%20Your%20Laboratory&url=https%3A%2F%2Fwww.oligopolypeptides.com%2Fresearch-peptide-research-panels-how-to-choose%2F,,False,,,text/html,,JavaScript is not available.,1,False,1
https://www.oligopolypeptides.com/research-peptide-storage-handling-documentation/,Indexable,200,200,0,https://www.oligopolypeptides.com/research-peptide-storage-handling-documentation/,,https://www.oligopolypeptides.com/research-peptide-storage-handling-documentation/,True,"follow, index, max-snippet:-1, max-video-preview:-1, max-image-preview:large",,text/html,Research Peptide Storage and Handling: Why Documentation Matters | Research Peptides Guide | OligoPoly Laboratories,Unlock 20% Off Your First OligoPoly Order,2,True,3
https://www.oligopolypeptides.com/research-peptide-storage-handling-documentation/?share=facebook,Redirects off-site,302,200,3,https://www.facebook.com/login/?next=https%3A%2F%2Fwww.facebook.com%2Fshare_channel%2F%3Ftype%3Dreshare%26link%3Dhttps%253A%252F%252Fwww.oligopolypeptides.com%252Fresearch-peptide-storage-handling-documentation%252F%26app_id%3D966242223397117%26source_surface%3Dexternal_reshare%26display%26hashtag,https://www.facebook.com/sharer/sharer.php?u=https%3A%2F%2Fwww.oligopolypeptides.com%2Fresearch-peptide-storage-handling-documentation%2F&t=Research%20Peptide%20Storage%20and%20Handling%3A%20Why%20Documentation%20Matters -> https://www.facebook.com/share_channel/?type=reshare&link=https%3A%2F%2Fwww.oligopolypeptides.com%2Fresearch-peptide-storage-handling-documentation%2F&app_id=966242223397117&source_surface=external_reshare&display&hashtag -> https://www.facebook.com/login/?next=https%3A%2F%2Fwww.facebook.com%2Fshare_channel%2F%3Ftype%3Dreshare%26link%3Dhttps%253A%252F%252Fwww.oligopolypeptides.com%252Fresearch-peptide-storage-handling-documentation%252F%26app_id%3D966242223397117%26source_surface%3Dexternal_reshare%26display%26hashtag,https://www.facebook.com/login,False,,,text/html,Facebook,,0,False,1
https://www.oligopolypeptides.com/research-peptide-storage-handling-documentation/?share=x,Redirects off-site,302,200,1,https://x.com/intent/tweet?text=Research%20Peptide%20Storage%20and%20Handling%3A%20Why%20Documentation%20Matters&url=https%3A%2F%2Fwww.oligopolypeptides.com%2Fresearch-peptide-storage-handling-documentation%2F,https://x.com/intent/tweet?text=Research%20Peptide%20Storage%20and%20Handling%3A%20Why%20Documentation%20Matters&url=https%3A%2F%2Fwww.oligopolypeptides.com%2Fresearch-peptide-storage-handling-documentation%2F,,False,,,text/html,,JavaScript is not available.,1,False,1
https://www.oligopolypeptides.com/research-peptides-guide/,Indexable,200,200,0,https://www.oligopolypeptides.com/research-peptides-guide/,,https://www.oligopolypeptides.com/research-peptides-guide/,True,"follow, index, max-snippet:-1, max-video-preview:-1, max-image-preview:large",,text/html,Research Peptides Guide | OligoPoly,Unlock 20% Off Your First OligoPoly Order,3,True,9
https://www.oligopolypeptides.com/research-peptides-guide/?share=facebook,Redirects off-site,302,200,3,https://www.facebook.com/login/?next=https%3A%2F%2Fwww.facebook.com%2Fshare_channel%2F%3Ftype%3Dreshare%26link%3Dhttps%253A%252F%252Fwww.oligopolypeptides.com%252Fresearch-peptides-guide%252F%26app_id%3D966242223397117%26source_surface%3Dexternal_reshare%26display%26hashtag,https://www.facebook.com/sharer/sharer.php?u=https%3A%2F%2Fwww.oligopolypeptides.com%2Fresearch-peptides-guide%2F&t=Research%20Peptides%20Guide%20%E2%80%94%20Laboratory%20Compounds%20for%20Scientific%20Research -> https://www.facebook.com/share_channel/?type=reshare&link=https%3A%2F%2Fwww.oligopolypeptides.com%2Fresearch-peptides-guide%2F&app_id=966242223397117&source_surface=external_reshare&display&hashtag -> https://www.facebook.com/login/?next=https%3A%2F%2Fwww.facebook.com%2Fshare_channel%2F%3Ftype%3Dreshare%26link%3Dhttps%253A%252F%252Fwww.oligopolypeptides.com%252Fresearch-peptides-guide%252F%26app_id%3D966242223397117%26source_surface%3Dexternal_reshare%26display%26hashtag,https://www.facebook.com/login,False,,,text/html,Facebook,,0,False,1
https://www.oligopolypeptides.com/research-peptides-guide/?share=x,Redirects off-site,302,200,1,https://x.com/intent/tweet?text=Research%20Peptides%20Guide%20%E2%80%94%20Laboratory%20Compounds%20for%20Scientific%20Research&url=https%3A%2F%2Fwww.oligopolypeptides.com%2Fresearch-peptides-guide%2F,https://x.com/intent/tweet?text=Research%20Peptides%20Guide%20%E2%80%94%20Laboratory%20Compounds%20for%20Scientific%20Research&url=https%3A%2F%2Fwww.oligopolypeptides.com%2Fresearch-peptides-guide%2F,,False,,,text/html,,JavaScript is not available.,1,False,1
https://www.oligopolypeptides.com/research-peptides-houston/,Indexable,200,200,0,https://www.oligopolypeptides.com/research-peptides-houston/,,https://www.oligopolypeptides.com/research-peptides-houston/,True,"follow, index, max-snippet:-1, max-video-preview:-1, max-image-preview:large",,text/html,Buy Research Peptides Houston TX | OligoPoly Laboratories,Unlock 20% Off Your First OligoPoly Order,3,True,0
https://www.oligopolypeptides.com/research-peptides-houston/?share=facebook,Redirects off-site,302,200,3,https://www.facebook.com/login/?next=https%3A%2F%2Fwww.facebook.com%2Fshare_channel%2F%3Ftype%3Dreshare%26link%3Dhttps%253A%252F%252Fwww.oligopolypeptides.com%252Fresearch-peptides-houston%252F%26app_id%3D966242223397117%26source_surface%3Dexternal_reshare%26display%26hashtag,https://www.facebook.com/sharer/sharer.php?u=https%3A%2F%2Fwww.oligopolypeptides.com%2Fresearch-peptides-houston%2F&t=Research%20Peptides%20Houston%20TX%20%7C%20OligoPoly%20Laboratories -> https://www.facebook.com/share_channel/?type=reshare&link=https%3A%2F%2Fwww.oligopolypeptides.com%2Fresearch-peptides-houston%2F&app_id=966242223397117&source_surface=external_reshare&display&hashtag -> https://www.facebook.com/login/?next=https%3A%2F%2Fwww.facebook.com%2Fshare_channel%2F%3Ftype%3Dreshare%26link%3Dhttps%253A%252F%252Fwww.oligopolypeptides.com%252Fresearch-peptides-houston%252F%26app_id%3D966242223397117%26source_surface%3Dexternal_reshare%26display%26hashtag,https://www.facebook.com/login,False,,,text/html,Facebook,,0,False,1
https://www.oligopolypeptides.com/research-peptides-houston/?share=x,Redirects off-site,302,200,1,https://x.com/intent/tweet?text=Research%20Peptides%20Houston%20TX%20%7C%20OligoPoly%20Laboratories&url=https%3A%2F%2Fwww.oligopolypeptides.com%2Fresearch-peptides-houston%2F,https://x.com/intent/tweet?text=Research%20Peptides%20Houston%20TX%20%7C%20OligoPoly%20Laboratories&url=https%3A%2F%2Fwww.oligopolypeptides.com%2Fresearch-peptides-houston%2F,,False,,,text/html,,JavaScript is not available.,1,False,1
https://www.oligopolypeptides.com/research-peptides-with-coa/,Indexable,200,200,0,https://www.oligopolypeptides.com/research-peptides-with-coa/,,https://www.oligopolypeptides.com/research-peptides-with-coa/,True,"follow, index, max-snippet:-1, max-video-preview:-1, max-image-preview:large",,text/html,Certificate of Analysis Library | Verify Research Peptide Batches | OligoPoly Laboratories,Find Your Batch Certificate,1,True,233
https://www.oligopolypeptides.com/research-peptides-with-coa/?share=facebook,Redirects off-site,302,200,3,https://www.facebook.com/login/?next=https%3A%2F%2Fwww.facebook.com%2Fshare_channel%2F%3Ftype%3Dreshare%26link%3Dhttps%253A%252F%252Fwww.oligopolypeptides.com%252Fresearch-peptides-with-coa%252F%26app_id%3D966242223397117%26source_surface%3Dexternal_reshare%26display%26hashtag,https://www.facebook.com/sharer/sharer.php?u=https%3A%2F%2Fwww.oligopolypeptides.com%2Fresearch-peptides-with-coa%2F&t=Quality%20Documentation%20%26%20Certificate%20Library -> https://www.facebook.com/share_channel/?type=reshare&link=https%3A%2F%2Fwww.oligopolypeptides.com%2Fresearch-peptides-with-coa%2F&app_id=966242223397117&source_surface=external_reshare&display&hashtag -> https://www.facebook.com/login/?next=https%3A%2F%2Fwww.facebook.com%2Fshare_channel%2F%3Ftype%3Dreshare%26link%3Dhttps%253A%252F%252Fwww.oligopolypeptides.com%252Fresearch-peptides-with-coa%252F%26app_id%3D966242223397117%26source_surface%3Dexternal_reshare%26display%26hashtag,https://www.facebook.com/login,False,,,text/html,Facebook,,0,False,1
https://www.oligopolypeptides.com/research-peptides-with-coa/?share=x,Redirects off-site,302,200,1,https://x.com/intent/tweet?text=Quality%20Documentation%20%26%20Certificate%20Library&url=https%3A%2F%2Fwww.oligopolypeptides.com%2Fresearch-peptides-with-coa%2F,https://x.com/intent/tweet?text=Quality%20Documentation%20%26%20Certificate%20Library&url=https%3A%2F%2Fwww.oligopolypeptides.com%2Fresearch-peptides-with-coa%2F,,False,,,text/html,,JavaScript is not available.,1,False,1
https://www.oligopolypeptides.com/research-products/,Page with redirect,301,200,1,https://www.oligopolypeptides.com/research-catalog/,https://www.oligopolypeptides.com/research-catalog/,https://www.oligopolypeptides.com/research-catalog/,True,"follow, index, max-snippet:-1, max-video-preview:-1, max-image-preview:large",,text/html,Research Products Catalog | OligoPoly Laboratories,Unlock 20% Off Your First OligoPoly Order,2,True,0
https://www.oligopolypeptides.com/research-use-only/,Indexable,200,200,0,https://www.oligopolypeptides.com/research-use-only/,,https://www.oligopolypeptides.com/research-use-only/,True,"follow, index, max-snippet:-1, max-video-preview:-1, max-image-preview:large",,text/html,Research Use Only | OligoPoly Laboratories,Research Use Only,1,True,233
https://www.oligopolypeptides.com/research-use-only/?share=facebook,Redirects off-site,302,200,3,https://www.facebook.com/login/?next=https%3A%2F%2Fwww.facebook.com%2Fshare_channel%2F%3Ftype%3Dreshare%26link%3Dhttps%253A%252F%252Fwww.oligopolypeptides.com%252Fresearch-use-only%252F%26app_id%3D966242223397117%26source_surface%3Dexternal_reshare%26display%26hashtag,https://www.facebook.com/sharer/sharer.php?u=https%3A%2F%2Fwww.oligopolypeptides.com%2Fresearch-use-only%2F&t=Research%20Use%20Only -> https://www.facebook.com/share_channel/?type=reshare&link=https%3A%2F%2Fwww.oligopolypeptides.com%2Fresearch-use-only%2F&app_id=966242223397117&source_surface=external_reshare&display&hashtag -> https://www.facebook.com/login/?next=https%3A%2F%2Fwww.facebook.com%2Fshare_channel%2F%3Ftype%3Dreshare%26link%3Dhttps%253A%252F%252Fwww.oligopolypeptides.com%252Fresearch-use-only%252F%26app_id%3D966242223397117%26source_surface%3Dexternal_reshare%26display%26hashtag,https://www.facebook.com/login,False,,,text/html,Facebook,,0,False,1
https://www.oligopolypeptides.com/research-use-only/?share=x,Redirects off-site,302,200,1,https://x.com/intent/tweet?text=Research%20Use%20Only&url=https%3A%2F%2Fwww.oligopolypeptides.com%2Fresearch-use-only%2F,https://x.com/intent/tweet?text=Research%20Use%20Only&url=https%3A%2F%2Fwww.oligopolypeptides.com%2Fresearch-use-only%2F,,False,,,text/html,,JavaScript is not available.,1,False,1
https://www.oligopolypeptides.com/research/,Indexable,200,200,0,https://www.oligopolypeptides.com/research/,,https://www.oligopolypeptides.com/research/,True,"follow, index, max-snippet:-1, max-video-preview:-1, max-image-preview:large",,text/html,Research Resources & Laboratory Catalog | OligoPoly Laboratories,Unlock 20% Off Your First OligoPoly Order,2,True,233
https://www.oligopolypeptides.com/retatrutide-cagrilintide-research-comparison/,Indexable,200,200,0,https://www.oligopolypeptides.com/retatrutide-cagrilintide-research-comparison/,,https://www.oligopolypeptides.com/retatrutide-cagrilintide-research-comparison/,True,"follow, index, max-snippet:-1, max-video-preview:-1, max-image-preview:large",,text/html,Retatrutide + Cagrilintide Research Comparison | OligoPoly Laboratories,Unlock 20% Off Your First OligoPoly Order,2,True,6
https://www.oligopolypeptides.com/retatrutide-cagrilintide-research-comparison/?share=facebook,Redirects off-site,302,200,3,https://www.facebook.com/login/?next=https%3A%2F%2Fwww.facebook.com%2Fshare_channel%2F%3Ftype%3Dreshare%26link%3Dhttps%253A%252F%252Fwww.oligopolypeptides.com%252Fretatrutide-cagrilintide-research-comparison%252F%26app_id%3D966242223397117%26source_surface%3Dexternal_reshare%26display%26hashtag,https://www.facebook.com/sharer/sharer.php?u=https%3A%2F%2Fwww.oligopolypeptides.com%2Fretatrutide-cagrilintide-research-comparison%2F&t=Retatrutide%20%2B%20Cagrilintide%20Research%20Comparison -> https://www.facebook.com/share_channel/?type=reshare&link=https%3A%2F%2Fwww.oligopolypeptides.com%2Fretatrutide-cagrilintide-research-comparison%2F&app_id=966242223397117&source_surface=external_reshare&display&hashtag -> https://www.facebook.com/login/?next=https%3A%2F%2Fwww.facebook.com%2Fshare_channel%2F%3Ftype%3Dreshare%26link%3Dhttps%253A%252F%252Fwww.oligopolypeptides.com%252Fretatrutide-cagrilintide-research-comparison%252F%26app_id%3D966242223397117%26source_surface%3Dexternal_reshare%26display%26hashtag,https://www.facebook.com/login,False,,,text/html,Facebook,,0,False,1
https://www.oligopolypeptides.com/retatrutide-cagrilintide-research-comparison/?share=x,Redirects off-site,302,200,1,https://x.com/intent/tweet?text=Retatrutide%20%2B%20Cagrilintide%20Research%20Comparison&url=https%3A%2F%2Fwww.oligopolypeptides.com%2Fretatrutide-cagrilintide-research-comparison%2F,https://x.com/intent/tweet?text=Retatrutide%20%2B%20Cagrilintide%20Research%20Comparison&url=https%3A%2F%2Fwww.oligopolypeptides.com%2Fretatrutide-cagrilintide-research-comparison%2F,,False,,,text/html,,JavaScript is not available.,1,False,1
https://www.oligopolypeptides.com/retatrutide-research-guide-triple-agonist/,Indexable,200,200,0,https://www.oligopolypeptides.com/retatrutide-research-guide-triple-agonist/,,https://www.oligopolypeptides.com/retatrutide-research-guide-triple-agonist/,True,"follow, index, max-snippet:-1, max-video-preview:-1, max-image-preview:large",,text/html,Retatrutide Research Guide | OligoPoly,Unlock 20% Off Your First OligoPoly Order,3,True,1
https://www.oligopolypeptides.com/retatrutide-research-guide-triple-agonist/?share=facebook,Redirects off-site,302,200,3,https://www.facebook.com/login/?next=https%3A%2F%2Fwww.facebook.com%2Fshare_channel%2F%3Ftype%3Dreshare%26link%3Dhttps%253A%252F%252Fwww.oligopolypeptides.com%252Fretatrutide-research-guide-triple-agonist%252F%26app_id%3D966242223397117%26source_surface%3Dexternal_reshare%26display%26hashtag,https://www.facebook.com/sharer/sharer.php?u=https%3A%2F%2Fwww.oligopolypeptides.com%2Fretatrutide-research-guide-triple-agonist%2F&t=Retatrutide%20Research%20Guide%3A%20Triple%20Agonist%20Mechanisms%20%26%20Scientific%20Studies -> https://www.facebook.com/share_channel/?type=reshare&link=https%3A%2F%2Fwww.oligopolypeptides.com%2Fretatrutide-research-guide-triple-agonist%2F&app_id=966242223397117&source_surface=external_reshare&display&hashtag -> https://www.facebook.com/login/?next=https%3A%2F%2Fwww.facebook.com%2Fshare_channel%2F%3Ftype%3Dreshare%26link%3Dhttps%253A%252F%252Fwww.oligopolypeptides.com%252Fretatrutide-research-guide-triple-agonist%252F%26app_id%3D966242223397117%26source_surface%3Dexternal_reshare%26display%26hashtag,https://www.facebook.com/login,False,,,text/html,Facebook,,0,False,1
https://www.oligopolypeptides.com/retatrutide-research-guide-triple-agonist/?share=x,Redirects off-site,302,200,1,https://x.com/intent/tweet?text=Retatrutide%20Research%20Guide%3A%20Triple%20Agonist%20Mechanisms%20%26%20Scientific%20Studies&url=https%3A%2F%2Fwww.oligopolypeptides.com%2Fretatrutide-research-guide-triple-agonist%2F,https://x.com/intent/tweet?text=Retatrutide%20Research%20Guide%3A%20Triple%20Agonist%20Mechanisms%20%26%20Scientific%20Studies&url=https%3A%2F%2Fwww.oligopolypeptides.com%2Fretatrutide-research-guide-triple-agonist%2F,,False,,,text/html,,JavaScript is not available.,1,False,1
https://www.oligopolypeptides.com/retatrutide-source/,Indexable,200,200,0,https://www.oligopolypeptides.com/retatrutide-source/,,https://www.oligopolypeptides.com/retatrutide-source/,True,"follow, index, max-snippet:-1, max-video-preview:-1, max-image-preview:large",,text/html,Retatrutide Research Peptide Source | OligoPoly,Unlock 20% Off Your First OligoPoly Order,3,True,0
https://www.oligopolypeptides.com/retatrutide-source/?share=facebook,Redirects off-site,302,200,3,https://www.facebook.com/login/?next=https%3A%2F%2Fwww.facebook.com%2Fshare_channel%2F%3Ftype%3Dreshare%26link%3Dhttps%253A%252F%252Fwww.oligopolypeptides.com%252Fretatrutide-source%252F%26app_id%3D966242223397117%26source_surface%3Dexternal_reshare%26display%26hashtag,https://www.facebook.com/sharer/sharer.php?u=https%3A%2F%2Fwww.oligopolypeptides.com%2Fretatrutide-source%2F&t=Retatrutide%20Research%20Peptide%20%E2%80%94%20Source%2C%20Purity%20%26%20COA%20Documentation -> https://www.facebook.com/share_channel/?type=reshare&link=https%3A%2F%2Fwww.oligopolypeptides.com%2Fretatrutide-source%2F&app_id=966242223397117&source_surface=external_reshare&display&hashtag -> https://www.facebook.com/login/?next=https%3A%2F%2Fwww.facebook.com%2Fshare_channel%2F%3Ftype%3Dreshare%26link%3Dhttps%253A%252F%252Fwww.oligopolypeptides.com%252Fretatrutide-source%252F%26app_id%3D966242223397117%26source_surface%3Dexternal_reshare%26display%26hashtag,https://www.facebook.com/login,False,,,text/html,Facebook,,0,False,1
https://www.oligopolypeptides.com/retatrutide-source/?share=x,Redirects off-site,302,200,1,https://x.com/intent/tweet?text=Retatrutide%20Research%20Peptide%20%E2%80%94%20Source%2C%20Purity%20%26%20COA%20Documentation&url=https%3A%2F%2Fwww.oligopolypeptides.com%2Fretatrutide-source%2F,https://x.com/intent/tweet?text=Retatrutide%20Research%20Peptide%20%E2%80%94%20Source%2C%20Purity%20%26%20COA%20Documentation&url=https%3A%2F%2Fwww.oligopolypeptides.com%2Fretatrutide-source%2F,,False,,,text/html,,JavaScript is not available.,1,False,1
https://www.oligopolypeptides.com/retatrutide-vs-cagrilintide/,Indexable,200,200,0,https://www.oligopolypeptides.com/retatrutide-vs-cagrilintide/,,https://www.oligopolypeptides.com/retatrutide-vs-cagrilintide/,True,"follow, index, max-snippet:-1, max-video-preview:-1, max-image-preview:large",,text/html,Retatrutide vs Cagrilintide Research | OligoPoly,Unlock 20% Off Your First OligoPoly Order,3,True,1
https://www.oligopolypeptides.com/retatrutide-vs-cagrilintide/?share=facebook,Redirects off-site,302,200,3,https://www.facebook.com/login/?next=https%3A%2F%2Fwww.facebook.com%2Fshare_channel%2F%3Ftype%3Dreshare%26link%3Dhttps%253A%252F%252Fwww.oligopolypeptides.com%252Fretatrutide-vs-cagrilintide%252F%26app_id%3D966242223397117%26source_surface%3Dexternal_reshare%26display%26hashtag,https://www.facebook.com/sharer/sharer.php?u=https%3A%2F%2Fwww.oligopolypeptides.com%2Fretatrutide-vs-cagrilintide%2F&t=Retatrutide%20vs%20Cagrilintide%20%E2%80%94%20Triple%20Agonist%20vs%20Amylin%20Receptor%20Research -> https://www.facebook.com/share_channel/?type=reshare&link=https%3A%2F%2Fwww.oligopolypeptides.com%2Fretatrutide-vs-cagrilintide%2F&app_id=966242223397117&source_surface=external_reshare&display&hashtag -> https://www.facebook.com/login/?next=https%3A%2F%2Fwww.facebook.com%2Fshare_channel%2F%3Ftype%3Dreshare%26link%3Dhttps%253A%252F%252Fwww.oligopolypeptides.com%252Fretatrutide-vs-cagrilintide%252F%26app_id%3D966242223397117%26source_surface%3Dexternal_reshare%26display%26hashtag,https://www.facebook.com/login,False,,,text/html,Facebook,,0,False,1
https://www.oligopolypeptides.com/retatrutide-vs-cagrilintide/?share=x,Redirects off-site,302,200,1,https://x.com/intent/tweet?text=Retatrutide%20vs%20Cagrilintide%20%E2%80%94%20Triple%20Agonist%20vs%20Amylin%20Receptor%20Research&url=https%3A%2F%2Fwww.oligopolypeptides.com%2Fretatrutide-vs-cagrilintide%2F,https://x.com/intent/tweet?text=Retatrutide%20vs%20Cagrilintide%20%E2%80%94%20Triple%20Agonist%20vs%20Amylin%20Receptor%20Research&url=https%3A%2F%2Fwww.oligopolypeptides.com%2Fretatrutide-vs-cagrilintide%2F,,False,,,text/html,,JavaScript is not available.,1,False,1
https://www.oligopolypeptides.com/retatrutide-vs-semaglutide/,Indexable,200,200,0,https://www.oligopolypeptides.com/retatrutide-vs-semaglutide/,,https://www.oligopolypeptides.com/retatrutide-vs-semaglutide/,True,"follow, index, max-snippet:-1, max-video-preview:-1, max-image-preview:large",,text/html,Retatrutide vs Semaglutide Research | OligoPoly,Unlock 20% Off Your First OligoPoly Order,3,True,17
https://www.oligopolypeptides.com/retatrutide-vs-semaglutide/?share=facebook,Redirects off-site,302,200,3,https://www.facebook.com/login/?next=https%3A%2F%2Fwww.facebook.com%2Fshare_channel%2F%3Ftype%3Dreshare%26link%3Dhttps%253A%252F%252Fwww.oligopolypeptides.com%252Fretatrutide-vs-semaglutide%252F%26app_id%3D966242223397117%26source_surface%3Dexternal_reshare%26display%26hashtag,https://www.facebook.com/sharer/sharer.php?u=https%3A%2F%2Fwww.oligopolypeptides.com%2Fretatrutide-vs-semaglutide%2F&t=Retatrutide%20vs%20Semaglutide%20%E2%80%94%20Triple%20Agonist%20vs%20selective%20GLP-1%20comparator%20Research%20Comparison -> https://www.facebook.com/share_channel/?type=reshare&link=https%3A%2F%2Fwww.oligopolypeptides.com%2Fretatrutide-vs-semaglutide%2F&app_id=966242223397117&source_surface=external_reshare&display&hashtag -> https://www.facebook.com/login/?next=https%3A%2F%2Fwww.facebook.com%2Fshare_channel%2F%3Ftype%3Dreshare%26link%3Dhttps%253A%252F%252Fwww.oligopolypeptides.com%252Fretatrutide-vs-semaglutide%252F%26app_id%3D966242223397117%26source_surface%3Dexternal_reshare%26display%26hashtag,https://www.facebook.com/login,False,,,text/html,Facebook,,0,False,1
https://www.oligopolypeptides.com/retatrutide-vs-semaglutide/?share=x,Redirects off-site,302,200,1,https://x.com/intent/tweet?text=Retatrutide%20vs%20Semaglutide%20%E2%80%94%20Triple%20Agonist%20vs%20selective%20GLP-1%20comparator%20Research%20Comparison&url=https%3A%2F%2Fwww.oligopolypeptides.com%2Fretatrutide-vs-semaglutide%2F,https://x.com/intent/tweet?text=Retatrutide%20vs%20Semaglutide%20%E2%80%94%20Triple%20Agonist%20vs%20selective%20GLP-1%20comparator%20Research%20Comparison&url=https%3A%2F%2Fwww.oligopolypeptides.com%2Fretatrutide-vs-semaglutide%2F,,False,,,text/html,,JavaScript is not available.,1,False,1
https://www.oligopolypeptides.com/retatrutide-vs-tirzepatide-research/,Indexable,200,200,0,https://www.oligopolypeptides.com/retatrutide-vs-tirzepatide-research/,,https://www.oligopolypeptides.com/retatrutide-vs-tirzepatide-research/,True,"follow, index, max-snippet:-1, max-video-preview:-1, max-image-preview:large",,text/html,Retatrutide vs Tirzepatide Research | OligoPoly,Unlock 20% Off Your First OligoPoly Order,3,True,9
https://www.oligopolypeptides.com/retatrutide-vs-tirzepatide-research/?share=facebook,Redirects off-site,302,200,3,https://www.facebook.com/login/?next=https%3A%2F%2Fwww.facebook.com%2Fshare_channel%2F%3Ftype%3Dreshare%26link%3Dhttps%253A%252F%252Fwww.oligopolypeptides.com%252Fretatrutide-vs-tirzepatide-research%252F%26app_id%3D966242223397117%26source_surface%3Dexternal_reshare%26display%26hashtag,https://www.facebook.com/sharer/sharer.php?u=https%3A%2F%2Fwww.oligopolypeptides.com%2Fretatrutide-vs-tirzepatide-research%2F&t=Retatrutide%20vs%20Tirzepatide%20Research%20%E2%80%94%20Phase%202%2F3%20Clinical%20Data%20%26%20Lab%20Research%20Guide -> https://www.facebook.com/share_channel/?type=reshare&link=https%3A%2F%2Fwww.oligopolypeptides.com%2Fretatrutide-vs-tirzepatide-research%2F&app_id=966242223397117&source_surface=external_reshare&display&hashtag -> https://www.facebook.com/login/?next=https%3A%2F%2Fwww.facebook.com%2Fshare_channel%2F%3Ftype%3Dreshare%26link%3Dhttps%253A%252F%252Fwww.oligopolypeptides.com%252Fretatrutide-vs-tirzepatide-research%252F%26app_id%3D966242223397117%26source_surface%3Dexternal_reshare%26display%26hashtag,https://www.facebook.com/login,False,,,text/html,Facebook,,0,False,1
https://www.oligopolypeptides.com/retatrutide-vs-tirzepatide-research/?share=x,Redirects off-site,302,200,1,https://x.com/intent/tweet?text=Retatrutide%20vs%20Tirzepatide%20Research%20%E2%80%94%20Phase%202%2F3%20Clinical%20Data%20%26%20Lab%20Research%20Guide&url=https%3A%2F%2Fwww.oligopolypeptides.com%2Fretatrutide-vs-tirzepatide-research%2F,https://x.com/intent/tweet?text=Retatrutide%20vs%20Tirzepatide%20Research%20%E2%80%94%20Phase%202%2F3%20Clinical%20Data%20%26%20Lab%20Research%20Guide&url=https%3A%2F%2Fwww.oligopolypeptides.com%2Fretatrutide-vs-tirzepatide-research%2F,,False,,,text/html,,JavaScript is not available.,1,False,1
https://www.oligopolypeptides.com/retatrutide-vs-tirzepatide/,Indexable,200,200,0,https://www.oligopolypeptides.com/retatrutide-vs-tirzepatide/,,https://www.oligopolypeptides.com/retatrutide-vs-tirzepatide/,True,"follow, index, max-snippet:-1, max-video-preview:-1, max-image-preview:large",,text/html,Retatrutide vs Tirzepatide Comparison | OligoPoly,Unlock 20% Off Your First OligoPoly Order,3,True,31
https://www.oligopolypeptides.com/retatrutide-vs-tirzepatide/?share=facebook,Redirects off-site,302,200,3,https://www.facebook.com/login/?next=https%3A%2F%2Fwww.facebook.com%2Fshare_channel%2F%3Ftype%3Dreshare%26link%3Dhttps%253A%252F%252Fwww.oligopolypeptides.com%252Fretatrutide-vs-tirzepatide%252F%26app_id%3D966242223397117%26source_surface%3Dexternal_reshare%26display%26hashtag,https://www.facebook.com/sharer/sharer.php?u=https%3A%2F%2Fwww.oligopolypeptides.com%2Fretatrutide-vs-tirzepatide%2F&t=Retatrutide%20vs%20Tirzepatide%20%E2%80%94%20Triple%20vs%20Dual%20Agonist%20Research%20Comparison -> https://www.facebook.com/share_channel/?type=reshare&link=https%3A%2F%2Fwww.oligopolypeptides.com%2Fretatrutide-vs-tirzepatide%2F&app_id=966242223397117&source_surface=external_reshare&display&hashtag -> https://www.facebook.com/login/?next=https%3A%2F%2Fwww.facebook.com%2Fshare_channel%2F%3Ftype%3Dreshare%26link%3Dhttps%253A%252F%252Fwww.oligopolypeptides.com%252Fretatrutide-vs-tirzepatide%252F%26app_id%3D966242223397117%26source_surface%3Dexternal_reshare%26display%26hashtag,https://www.facebook.com/login,False,,,text/html,Facebook,,0,False,1
https://www.oligopolypeptides.com/retatrutide-vs-tirzepatide/?share=x,Redirects off-site,302,200,1,https://x.com/intent/tweet?text=Retatrutide%20vs%20Tirzepatide%20%E2%80%94%20Triple%20vs%20Dual%20Agonist%20Research%20Comparison&url=https%3A%2F%2Fwww.oligopolypeptides.com%2Fretatrutide-vs-tirzepatide%2F,https://x.com/intent/tweet?text=Retatrutide%20vs%20Tirzepatide%20%E2%80%94%20Triple%20vs%20Dual%20Agonist%20Research%20Comparison&url=https%3A%2F%2Fwww.oligopolypeptides.com%2Fretatrutide-vs-tirzepatide%2F,,False,,,text/html,,JavaScript is not available.,1,False,1
https://www.oligopolypeptides.com/selank-vs-dihexa-research-comparison/,Indexable,200,200,0,https://www.oligopolypeptides.com/selank-vs-dihexa-research-comparison/,,https://www.oligopolypeptides.com/selank-vs-dihexa-research-comparison/,True,"follow, index, max-snippet:-1, max-video-preview:-1, max-image-preview:large",,text/html,Selank vs Dihexa Research Comparison | OligoPoly Laboratories,Unlock 20% Off Your First OligoPoly Order,2,True,4
https://www.oligopolypeptides.com/selank-vs-dihexa-research-comparison/?share=facebook,Redirects off-site,302,200,3,https://www.facebook.com/login/?next=https%3A%2F%2Fwww.facebook.com%2Fshare_channel%2F%3Ftype%3Dreshare%26link%3Dhttps%253A%252F%252Fwww.oligopolypeptides.com%252Fselank-vs-dihexa-research-comparison%252F%26app_id%3D966242223397117%26source_surface%3Dexternal_reshare%26display%26hashtag,https://www.facebook.com/sharer/sharer.php?u=https%3A%2F%2Fwww.oligopolypeptides.com%2Fselank-vs-dihexa-research-comparison%2F&t=Selank%20vs%20Dihexa%20Research%20Comparison -> https://www.facebook.com/share_channel/?type=reshare&link=https%3A%2F%2Fwww.oligopolypeptides.com%2Fselank-vs-dihexa-research-comparison%2F&app_id=966242223397117&source_surface=external_reshare&display&hashtag -> https://www.facebook.com/login/?next=https%3A%2F%2Fwww.facebook.com%2Fshare_channel%2F%3Ftype%3Dreshare%26link%3Dhttps%253A%252F%252Fwww.oligopolypeptides.com%252Fselank-vs-dihexa-research-comparison%252F%26app_id%3D966242223397117%26source_surface%3Dexternal_reshare%26display%26hashtag,https://www.facebook.com/login,False,,,text/html,Facebook,,0,False,1
https://www.oligopolypeptides.com/selank-vs-dihexa-research-comparison/?share=x,Redirects off-site,302,200,1,https://x.com/intent/tweet?text=Selank%20vs%20Dihexa%20Research%20Comparison&url=https%3A%2F%2Fwww.oligopolypeptides.com%2Fselank-vs-dihexa-research-comparison%2F,https://x.com/intent/tweet?text=Selank%20vs%20Dihexa%20Research%20Comparison&url=https%3A%2F%2Fwww.oligopolypeptides.com%2Fselank-vs-dihexa-research-comparison%2F,,False,,,text/html,,JavaScript is not available.,1,False,1
https://www.oligopolypeptides.com/semaglutide-cagrilintide-blend-research/,Indexable,200,200,0,https://www.oligopolypeptides.com/semaglutide-cagrilintide-blend-research/,,https://www.oligopolypeptides.com/semaglutide-cagrilintide-blend-research/,True,"follow, index, max-snippet:-1, max-video-preview:-1, max-image-preview:large",,text/html,Semaglutide/Cagrilintide Research Blend: GLP-1 and Amylin Dual-Pathway Study | OligoPoly,Unlock 20% Off Your First OligoPoly Order,3,True,17
https://www.oligopolypeptides.com/semaglutide-cagrilintide-blend-research/?share=facebook,Redirects off-site,302,200,3,https://www.facebook.com/login/?next=https%3A%2F%2Fwww.facebook.com%2Fshare_channel%2F%3Ftype%3Dreshare%26link%3Dhttps%253A%252F%252Fwww.oligopolypeptides.com%252Fsemaglutide-cagrilintide-blend-research%252F%26app_id%3D966242223397117%26source_surface%3Dexternal_reshare%26display%26hashtag,https://www.facebook.com/sharer/sharer.php?u=https%3A%2F%2Fwww.oligopolypeptides.com%2Fsemaglutide-cagrilintide-blend-research%2F&t=Semaglutide%2FCagrilintide%20Research%20Blend%3A%20GLP-1%20and%20Amylin%20Dual-Pathway%20Study%20Design -> https://www.facebook.com/share_channel/?type=reshare&link=https%3A%2F%2Fwww.oligopolypeptides.com%2Fsemaglutide-cagrilintide-blend-research%2F&app_id=966242223397117&source_surface=external_reshare&display&hashtag -> https://www.facebook.com/login/?next=https%3A%2F%2Fwww.facebook.com%2Fshare_channel%2F%3Ftype%3Dreshare%26link%3Dhttps%253A%252F%252Fwww.oligopolypeptides.com%252Fsemaglutide-cagrilintide-blend-research%252F%26app_id%3D966242223397117%26source_surface%3Dexternal_reshare%26display%26hashtag,https://www.facebook.com/login,False,,,text/html,Facebook,,0,False,1
https://www.oligopolypeptides.com/semaglutide-cagrilintide-blend-research/?share=x,Redirects off-site,302,200,1,https://x.com/intent/tweet?text=Semaglutide%2FCagrilintide%20Research%20Blend%3A%20GLP-1%20and%20Amylin%20Dual-Pathway%20Study%20Design&url=https%3A%2F%2Fwww.oligopolypeptides.com%2Fsemaglutide-cagrilintide-blend-research%2F,https://x.com/intent/tweet?text=Semaglutide%2FCagrilintide%20Research%20Blend%3A%20GLP-1%20and%20Amylin%20Dual-Pathway%20Study%20Design&url=https%3A%2F%2Fwww.oligopolypeptides.com%2Fsemaglutide-cagrilintide-blend-research%2F,,False,,,text/html,,JavaScript is not available.,1,False,1
https://www.oligopolypeptides.com/semaglutide-cagrilintide-research-comparison/,Indexable,200,200,0,https://www.oligopolypeptides.com/semaglutide-cagrilintide-research-comparison/,,https://www.oligopolypeptides.com/semaglutide-cagrilintide-research-comparison/,True,"follow, index, max-snippet:-1, max-video-preview:-1, max-image-preview:large",,text/html,Semaglutide + Cagrilintide Research Comparison | OligoPoly Laboratories,Unlock 20% Off Your First OligoPoly Order,2,True,4
https://www.oligopolypeptides.com/semaglutide-cagrilintide-research-comparison/?share=facebook,Redirects off-site,302,200,3,https://www.facebook.com/login/?next=https%3A%2F%2Fwww.facebook.com%2Fshare_channel%2F%3Ftype%3Dreshare%26link%3Dhttps%253A%252F%252Fwww.oligopolypeptides.com%252Fsemaglutide-cagrilintide-research-comparison%252F%26app_id%3D966242223397117%26source_surface%3Dexternal_reshare%26display%26hashtag,https://www.facebook.com/sharer/sharer.php?u=https%3A%2F%2Fwww.oligopolypeptides.com%2Fsemaglutide-cagrilintide-research-comparison%2F&t=Semaglutide%20%2B%20Cagrilintide%20Research%20Comparison -> https://www.facebook.com/share_channel/?type=reshare&link=https%3A%2F%2Fwww.oligopolypeptides.com%2Fsemaglutide-cagrilintide-research-comparison%2F&app_id=966242223397117&source_surface=external_reshare&display&hashtag -> https://www.facebook.com/login/?next=https%3A%2F%2Fwww.facebook.com%2Fshare_channel%2F%3Ftype%3Dreshare%26link%3Dhttps%253A%252F%252Fwww.oligopolypeptides.com%252Fsemaglutide-cagrilintide-research-comparison%252F%26app_id%3D966242223397117%26source_surface%3Dexternal_reshare%26display%26hashtag,https://www.facebook.com/login,False,,,text/html,Facebook,,0,False,1
https://www.oligopolypeptides.com/semaglutide-cagrilintide-research-comparison/?share=x,Redirects off-site,302,200,1,https://x.com/intent/tweet?text=Semaglutide%20%2B%20Cagrilintide%20Research%20Comparison&url=https%3A%2F%2Fwww.oligopolypeptides.com%2Fsemaglutide-cagrilintide-research-comparison%2F,https://x.com/intent/tweet?text=Semaglutide%20%2B%20Cagrilintide%20Research%20Comparison&url=https%3A%2F%2Fwww.oligopolypeptides.com%2Fsemaglutide-cagrilintide-research-comparison%2F,,False,,,text/html,,JavaScript is not available.,1,False,1
https://www.oligopolypeptides.com/semaglutide-vs-tirzepatide-research-comparison/,Indexable,200,200,0,https://www.oligopolypeptides.com/semaglutide-vs-tirzepatide-research-comparison/,,https://www.oligopolypeptides.com/semaglutide-vs-tirzepatide-research-comparison/,True,"follow, index, max-snippet:-1, max-video-preview:-1, max-image-preview:large",,text/html,Semaglutide vs Tirzepatide Research | OligoPoly,Unlock 20% Off Your First OligoPoly Order,3,True,1
https://www.oligopolypeptides.com/semaglutide-vs-tirzepatide-research-comparison/?share=facebook,Redirects off-site,302,200,3,https://www.facebook.com/login/?next=https%3A%2F%2Fwww.facebook.com%2Fshare_channel%2F%3Ftype%3Dreshare%26link%3Dhttps%253A%252F%252Fwww.oligopolypeptides.com%252Fsemaglutide-vs-tirzepatide-research-comparison%252F%26app_id%3D966242223397117%26source_surface%3Dexternal_reshare%26display%26hashtag,https://www.facebook.com/sharer/sharer.php?u=https%3A%2F%2Fwww.oligopolypeptides.com%2Fsemaglutide-vs-tirzepatide-research-comparison%2F&t=Semaglutide%20vs%20Tirzepatide%3A%20Research%20Compound%20Comparison -> https://www.facebook.com/share_channel/?type=reshare&link=https%3A%2F%2Fwww.oligopolypeptides.com%2Fsemaglutide-vs-tirzepatide-research-comparison%2F&app_id=966242223397117&source_surface=external_reshare&display&hashtag -> https://www.facebook.com/login/?next=https%3A%2F%2Fwww.facebook.com%2Fshare_channel%2F%3Ftype%3Dreshare%26link%3Dhttps%253A%252F%252Fwww.oligopolypeptides.com%252Fsemaglutide-vs-tirzepatide-research-comparison%252F%26app_id%3D966242223397117%26source_surface%3Dexternal_reshare%26display%26hashtag,https://www.facebook.com/login,False,,,text/html,Facebook,,0,False,1
https://www.oligopolypeptides.com/semaglutide-vs-tirzepatide-research-comparison/?share=x,Redirects off-site,302,200,1,https://x.com/intent/tweet?text=Semaglutide%20vs%20Tirzepatide%3A%20Research%20Compound%20Comparison&url=https%3A%2F%2Fwww.oligopolypeptides.com%2Fsemaglutide-vs-tirzepatide-research-comparison%2F,https://x.com/intent/tweet?text=Semaglutide%20vs%20Tirzepatide%3A%20Research%20Compound%20Comparison&url=https%3A%2F%2Fwww.oligopolypeptides.com%2Fsemaglutide-vs-tirzepatide-research-comparison%2F,,False,,,text/html,,JavaScript is not available.,1,False,1
https://www.oligopolypeptides.com/semaglutide-vs-tirzepatide/,Indexable,200,200,0,https://www.oligopolypeptides.com/semaglutide-vs-tirzepatide/,,https://www.oligopolypeptides.com/semaglutide-vs-tirzepatide/,True,"follow, index, max-snippet:-1, max-video-preview:-1, max-image-preview:large",,text/html,Semaglutide vs Tirzepatide | GLP-1 vs Dual Agonist Research | OligoPoly Laboratories,Unlock 20% Off Your First OligoPoly Order,3,True,2
https://www.oligopolypeptides.com/semaglutide-vs-tirzepatide/?share=facebook,Redirects off-site,302,200,3,https://www.facebook.com/login/?next=https%3A%2F%2Fwww.facebook.com%2Fshare_channel%2F%3Ftype%3Dreshare%26link%3Dhttps%253A%252F%252Fwww.oligopolypeptides.com%252Fsemaglutide-vs-tirzepatide%252F%26app_id%3D966242223397117%26source_surface%3Dexternal_reshare%26display%26hashtag,https://www.facebook.com/sharer/sharer.php?u=https%3A%2F%2Fwww.oligopolypeptides.com%2Fsemaglutide-vs-tirzepatide%2F&t=Semaglutide%20vs%20Tirzepatide%20%E2%80%94%20GLP-1%20vs%20Dual%20Agonist%20Research -> https://www.facebook.com/share_channel/?type=reshare&link=https%3A%2F%2Fwww.oligopolypeptides.com%2Fsemaglutide-vs-tirzepatide%2F&app_id=966242223397117&source_surface=external_reshare&display&hashtag -> https://www.facebook.com/login/?next=https%3A%2F%2Fwww.facebook.com%2Fshare_channel%2F%3Ftype%3Dreshare%26link%3Dhttps%253A%252F%252Fwww.oligopolypeptides.com%252Fsemaglutide-vs-tirzepatide%252F%26app_id%3D966242223397117%26source_surface%3Dexternal_reshare%26display%26hashtag,https://www.facebook.com/login,False,,,text/html,Facebook,,0,False,1
https://www.oligopolypeptides.com/semaglutide-vs-tirzepatide/?share=x,Redirects off-site,302,200,1,https://x.com/intent/tweet?text=Semaglutide%20vs%20Tirzepatide%20%E2%80%94%20GLP-1%20vs%20Dual%20Agonist%20Research&url=https%3A%2F%2Fwww.oligopolypeptides.com%2Fsemaglutide-vs-tirzepatide%2F,https://x.com/intent/tweet?text=Semaglutide%20vs%20Tirzepatide%20%E2%80%94%20GLP-1%20vs%20Dual%20Agonist%20Research&url=https%3A%2F%2Fwww.oligopolypeptides.com%2Fsemaglutide-vs-tirzepatide%2F,,False,,,text/html,,JavaScript is not available.,1,False,1
https://www.oligopolypeptides.com/semax-vs-dihexa-research-comparison/,Indexable,200,200,0,https://www.oligopolypeptides.com/semax-vs-dihexa-research-comparison/,,https://www.oligopolypeptides.com/semax-vs-dihexa-research-comparison/,True,"follow, index, max-snippet:-1, max-video-preview:-1, max-image-preview:large",,text/html,Semax vs Dihexa Research Comparison | OligoPoly Laboratories,Unlock 20% Off Your First OligoPoly Order,2,True,4
https://www.oligopolypeptides.com/semax-vs-dihexa-research-comparison/?share=facebook,Redirects off-site,302,200,3,https://www.facebook.com/login/?next=https%3A%2F%2Fwww.facebook.com%2Fshare_channel%2F%3Ftype%3Dreshare%26link%3Dhttps%253A%252F%252Fwww.oligopolypeptides.com%252Fsemax-vs-dihexa-research-comparison%252F%26app_id%3D966242223397117%26source_surface%3Dexternal_reshare%26display%26hashtag,https://www.facebook.com/sharer/sharer.php?u=https%3A%2F%2Fwww.oligopolypeptides.com%2Fsemax-vs-dihexa-research-comparison%2F&t=Semax%20vs%20Dihexa%20Research%20Comparison -> https://www.facebook.com/share_channel/?type=reshare&link=https%3A%2F%2Fwww.oligopolypeptides.com%2Fsemax-vs-dihexa-research-comparison%2F&app_id=966242223397117&source_surface=external_reshare&display&hashtag -> https://www.facebook.com/login/?next=https%3A%2F%2Fwww.facebook.com%2Fshare_channel%2F%3Ftype%3Dreshare%26link%3Dhttps%253A%252F%252Fwww.oligopolypeptides.com%252Fsemax-vs-dihexa-research-comparison%252F%26app_id%3D966242223397117%26source_surface%3Dexternal_reshare%26display%26hashtag,https://www.facebook.com/login,False,,,text/html,Facebook,,0,False,1
https://www.oligopolypeptides.com/semax-vs-dihexa-research-comparison/?share=x,Redirects off-site,302,200,1,https://x.com/intent/tweet?text=Semax%20vs%20Dihexa%20Research%20Comparison&url=https%3A%2F%2Fwww.oligopolypeptides.com%2Fsemax-vs-dihexa-research-comparison%2F,https://x.com/intent/tweet?text=Semax%20vs%20Dihexa%20Research%20Comparison&url=https%3A%2F%2Fwww.oligopolypeptides.com%2Fsemax-vs-dihexa-research-comparison%2F,,False,,,text/html,,JavaScript is not available.,1,False,1
https://www.oligopolypeptides.com/semax-vs-selank/,Indexable,200,200,0,https://www.oligopolypeptides.com/semax-vs-selank/,,https://www.oligopolypeptides.com/semax-vs-selank/,True,"follow, index, max-snippet:-1, max-video-preview:-1, max-image-preview:large",,text/html,Semax vs Selank Research | OligoPoly,Unlock 20% Off Your First OligoPoly Order,3,True,3
https://www.oligopolypeptides.com/semax-vs-selank/?share=facebook,Redirects off-site,302,200,3,https://www.facebook.com/login/?next=https%3A%2F%2Fwww.facebook.com%2Fshare_channel%2F%3Ftype%3Dreshare%26link%3Dhttps%253A%252F%252Fwww.oligopolypeptides.com%252Fsemax-vs-selank%252F%26app_id%3D966242223397117%26source_surface%3Dexternal_reshare%26display%26hashtag,https://www.facebook.com/sharer/sharer.php?u=https%3A%2F%2Fwww.oligopolypeptides.com%2Fsemax-vs-selank%2F&t=Semax%20vs%20Selank%20%E2%80%94%20BDNF%2FNGF%20vs%20GABAergic%20Pathway%20Research -> https://www.facebook.com/share_channel/?type=reshare&link=https%3A%2F%2Fwww.oligopolypeptides.com%2Fsemax-vs-selank%2F&app_id=966242223397117&source_surface=external_reshare&display&hashtag -> https://www.facebook.com/login/?next=https%3A%2F%2Fwww.facebook.com%2Fshare_channel%2F%3Ftype%3Dreshare%26link%3Dhttps%253A%252F%252Fwww.oligopolypeptides.com%252Fsemax-vs-selank%252F%26app_id%3D966242223397117%26source_surface%3Dexternal_reshare%26display%26hashtag,https://www.facebook.com/login,False,,,text/html,Facebook,,0,False,1
https://www.oligopolypeptides.com/semax-vs-selank/?share=x,Redirects off-site,302,200,1,https://x.com/intent/tweet?text=Semax%20vs%20Selank%20%E2%80%94%20BDNF%2FNGF%20vs%20GABAergic%20Pathway%20Research&url=https%3A%2F%2Fwww.oligopolypeptides.com%2Fsemax-vs-selank%2F,https://x.com/intent/tweet?text=Semax%20vs%20Selank%20%E2%80%94%20BDNF%2FNGF%20vs%20GABAergic%20Pathway%20Research&url=https%3A%2F%2Fwww.oligopolypeptides.com%2Fsemax-vs-selank%2F,,False,,,text/html,,JavaScript is not available.,1,False,1
https://www.oligopolypeptides.com/senescence-biology-hub/,Indexable,200,200,0,https://www.oligopolypeptides.com/senescence-biology-hub/,,https://www.oligopolypeptides.com/senescence-biology-hub/,True,"follow, index, max-snippet:-1, max-video-preview:-1, max-image-preview:large",,text/html,Senescence Biology Hub | OligoPoly Laboratories,Unlock 20% Off Your First OligoPoly Order,3,True,233
https://www.oligopolypeptides.com/senescence-biology-hub/?share=facebook,Redirects off-site,302,200,3,https://www.facebook.com/login/?next=https%3A%2F%2Fwww.facebook.com%2Fshare_channel%2F%3Ftype%3Dreshare%26link%3Dhttps%253A%252F%252Fwww.oligopolypeptides.com%252Fsenescence-biology-hub%252F%26app_id%3D966242223397117%26source_surface%3Dexternal_reshare%26display%26hashtag,https://www.facebook.com/sharer/sharer.php?u=https%3A%2F%2Fwww.oligopolypeptides.com%2Fsenescence-biology-hub%2F&t=Senescence%20Biology%20Hub -> https://www.facebook.com/share_channel/?type=reshare&link=https%3A%2F%2Fwww.oligopolypeptides.com%2Fsenescence-biology-hub%2F&app_id=966242223397117&source_surface=external_reshare&display&hashtag -> https://www.facebook.com/login/?next=https%3A%2F%2Fwww.facebook.com%2Fshare_channel%2F%3Ftype%3Dreshare%26link%3Dhttps%253A%252F%252Fwww.oligopolypeptides.com%252Fsenescence-biology-hub%252F%26app_id%3D966242223397117%26source_surface%3Dexternal_reshare%26display%26hashtag,https://www.facebook.com/login,False,,,text/html,Facebook,,0,False,2
https://www.oligopolypeptides.com/senescence-biology-hub/?share=x,Redirects off-site,302,200,1,https://x.com/intent/tweet?text=Senescence%20Biology%20Hub&url=https%3A%2F%2Fwww.oligopolypeptides.com%2Fsenescence-biology-hub%2F,https://x.com/intent/tweet?text=Senescence%20Biology%20Hub&url=https%3A%2F%2Fwww.oligopolypeptides.com%2Fsenescence-biology-hub%2F,,False,,,text/html,,JavaScript is not available.,1,False,2
https://www.oligopolypeptides.com/senescence-telomere-signaling-blends/,Not found (404),404,404,0,https://www.oligopolypeptides.com/senescence-telomere-signaling-blends/,,,False,"follow, noindex",,text/html,Page Not Found | OligoPoly Laboratories,Unlock 20% Off Your First OligoPoly Order,2,False,7
https://www.oligopolypeptides.com/shipping/,Indexable,200,200,0,https://www.oligopolypeptides.com/shipping/,,https://www.oligopolypeptides.com/shipping/,True,"follow, index, max-snippet:-1, max-video-preview:-1, max-image-preview:large",,text/html,Shipping Policy | OligoPoly Laboratories,Shipping,2,True,233
https://www.oligopolypeptides.com/shipping/?share=facebook,Redirects off-site,302,200,3,https://www.facebook.com/login/?next=https%3A%2F%2Fwww.facebook.com%2Fshare_channel%2F%3Ftype%3Dreshare%26link%3Dhttps%253A%252F%252Fwww.oligopolypeptides.com%252Fshipping%252F%26app_id%3D966242223397117%26source_surface%3Dexternal_reshare%26display%26hashtag,https://www.facebook.com/sharer/sharer.php?u=https%3A%2F%2Fwww.oligopolypeptides.com%2Fshipping%2F&t=Shipping -> https://www.facebook.com/share_channel/?type=reshare&link=https%3A%2F%2Fwww.oligopolypeptides.com%2Fshipping%2F&app_id=966242223397117&source_surface=external_reshare&display&hashtag -> https://www.facebook.com/login/?next=https%3A%2F%2Fwww.facebook.com%2Fshare_channel%2F%3Ftype%3Dreshare%26link%3Dhttps%253A%252F%252Fwww.oligopolypeptides.com%252Fshipping%252F%26app_id%3D966242223397117%26source_surface%3Dexternal_reshare%26display%26hashtag,https://www.facebook.com/login,False,,,text/html,Facebook,,0,False,1
https://www.oligopolypeptides.com/shipping/?share=x,Redirects off-site,302,200,1,https://x.com/intent/tweet?text=Shipping&url=https%3A%2F%2Fwww.oligopolypeptides.com%2Fshipping%2F,https://x.com/intent/tweet?text=Shipping&url=https%3A%2F%2Fwww.oligopolypeptides.com%2Fshipping%2F,,False,,,text/html,,JavaScript is not available.,1,False,1
https://www.oligopolypeptides.com/sign-in/,Page with redirect,301,200,1,https://www.oligopolypeptides.com/my-account/,https://www.oligopolypeptides.com/my-account/,,False,"noindex, follow",,text/html,My account | Research Peptides & Laboratory Compounds | OligoPoly Laboratories,My account,1,True,0
https://www.oligopolypeptides.com/single-vs-dual-agonist-peptides/,Indexable,200,200,0,https://www.oligopolypeptides.com/single-vs-dual-agonist-peptides/,,https://www.oligopolypeptides.com/single-vs-dual-agonist-peptides/,True,"follow, index, max-snippet:-1, max-video-preview:-1, max-image-preview:large",,text/html,Single vs Dual Agonist Peptides Research | OligoPoly,Unlock 20% Off Your First OligoPoly Order,3,True,32
https://www.oligopolypeptides.com/single-vs-dual-agonist-peptides/?share=facebook,Redirects off-site,302,200,3,https://www.facebook.com/login/?next=https%3A%2F%2Fwww.facebook.com%2Fshare_channel%2F%3Ftype%3Dreshare%26link%3Dhttps%253A%252F%252Fwww.oligopolypeptides.com%252Fsingle-vs-dual-agonist-peptides%252F%26app_id%3D966242223397117%26source_surface%3Dexternal_reshare%26display%26hashtag,https://www.facebook.com/sharer/sharer.php?u=https%3A%2F%2Fwww.oligopolypeptides.com%2Fsingle-vs-dual-agonist-peptides%2F&t=Single%20vs%20Dual%20Agonist%20Peptides%20%E2%80%94%20selective%20GLP-1%20comparator%20vs%20Dual%20Incretin%20Research -> https://www.facebook.com/share_channel/?type=reshare&link=https%3A%2F%2Fwww.oligopolypeptides.com%2Fsingle-vs-dual-agonist-peptides%2F&app_id=966242223397117&source_surface=external_reshare&display&hashtag -> https://www.facebook.com/login/?next=https%3A%2F%2Fwww.facebook.com%2Fshare_channel%2F%3Ftype%3Dreshare%26link%3Dhttps%253A%252F%252Fwww.oligopolypeptides.com%252Fsingle-vs-dual-agonist-peptides%252F%26app_id%3D966242223397117%26source_surface%3Dexternal_reshare%26display%26hashtag,https://www.facebook.com/login,False,,,text/html,Facebook,,0,False,1
https://www.oligopolypeptides.com/single-vs-dual-agonist-peptides/?share=x,Redirects off-site,302,200,1,https://x.com/intent/tweet?text=Single%20vs%20Dual%20Agonist%20Peptides%20%E2%80%94%20selective%20GLP-1%20comparator%20vs%20Dual%20Incretin%20Research&url=https%3A%2F%2Fwww.oligopolypeptides.com%2Fsingle-vs-dual-agonist-peptides%2F,https://x.com/intent/tweet?text=Single%20vs%20Dual%20Agonist%20Peptides%20%E2%80%94%20selective%20GLP-1%20comparator%20vs%20Dual%20Incretin%20Research&url=https%3A%2F%2Fwww.oligopolypeptides.com%2Fsingle-vs-dual-agonist-peptides%2F,,False,,,text/html,,JavaScript is not available.,1,False,1
https://www.oligopolypeptides.com/ss-31-vs-mots-c/,Indexable,200,200,0,https://www.oligopolypeptides.com/ss-31-vs-mots-c/,,https://www.oligopolypeptides.com/ss-31-vs-mots-c/,True,"follow, index, max-snippet:-1, max-video-preview:-1, max-image-preview:large",,text/html,SS-31 vs MOTS-c Research | OligoPoly,Unlock 20% Off Your First OligoPoly Order,3,True,0
https://www.oligopolypeptides.com/ss-31-vs-mots-c/?share=facebook,Redirects off-site,302,200,3,https://www.facebook.com/login/?next=https%3A%2F%2Fwww.facebook.com%2Fshare_channel%2F%3Ftype%3Dreshare%26link%3Dhttps%253A%252F%252Fwww.oligopolypeptides.com%252Fss-31-vs-mots-c%252F%26app_id%3D966242223397117%26source_surface%3Dexternal_reshare%26display%26hashtag,https://www.facebook.com/sharer/sharer.php?u=https%3A%2F%2Fwww.oligopolypeptides.com%2Fss-31-vs-mots-c%2F&t=SS-31%20vs%20MOTS-c%20%E2%80%94%20Mitochondrial%20Membrane%20vs%20AMPK%20Signaling%20Research -> https://www.facebook.com/share_channel/?type=reshare&link=https%3A%2F%2Fwww.oligopolypeptides.com%2Fss-31-vs-mots-c%2F&app_id=966242223397117&source_surface=external_reshare&display&hashtag -> https://www.facebook.com/login/?next=https%3A%2F%2Fwww.facebook.com%2Fshare_channel%2F%3Ftype%3Dreshare%26link%3Dhttps%253A%252F%252Fwww.oligopolypeptides.com%252Fss-31-vs-mots-c%252F%26app_id%3D966242223397117%26source_surface%3Dexternal_reshare%26display%26hashtag,https://www.facebook.com/login,False,,,text/html,Facebook,,0,False,1
https://www.oligopolypeptides.com/ss-31-vs-mots-c/?share=x,Redirects off-site,302,200,1,https://x.com/intent/tweet?text=SS-31%20vs%20MOTS-c%20%E2%80%94%20Mitochondrial%20Membrane%20vs%20AMPK%20Signaling%20Research&url=https%3A%2F%2Fwww.oligopolypeptides.com%2Fss-31-vs-mots-c%2F,https://x.com/intent/tweet?text=SS-31%20vs%20MOTS-c%20%E2%80%94%20Mitochondrial%20Membrane%20vs%20AMPK%20Signaling%20Research&url=https%3A%2F%2Fwww.oligopolypeptides.com%2Fss-31-vs-mots-c%2F,,False,,,text/html,,JavaScript is not available.,1,False,1
https://www.oligopolypeptides.com/tag/aod-9604/,Excluded by 'noindex' tag,200,200,0,https://www.oligopolypeptides.com/tag/aod-9604/,,,False,"follow, noindex",,text/html,AOD-9604 - OligoPoly Laboratories,Unlock 20% Off Your First OligoPoly Order,2,False,3
https://www.oligopolypeptides.com/tag/batch-documentation/,Excluded by 'noindex' tag,200,200,0,https://www.oligopolypeptides.com/tag/batch-documentation/,,,False,"follow, noindex",,text/html,batch documentation - OligoPoly Laboratories,Unlock 20% Off Your First OligoPoly Order,2,False,2
https://www.oligopolypeptides.com/tag/cagrilintide/,Excluded by 'noindex' tag,200,200,0,https://www.oligopolypeptides.com/tag/cagrilintide/,,,False,"follow, noindex",,text/html,Cagrilintide - OligoPoly Laboratories,Unlock 20% Off Your First OligoPoly Order,2,False,1
https://www.oligopolypeptides.com/tag/cellular-longevity-research/,Excluded by 'noindex' tag,200,200,0,https://www.oligopolypeptides.com/tag/cellular-longevity-research/,,,False,"follow, noindex",,text/html,cellular longevity research - OligoPoly Laboratories,Unlock 20% Off Your First OligoPoly Order,2,False,1
https://www.oligopolypeptides.com/tag/certificate-of-analysis/,Excluded by 'noindex' tag,200,200,0,https://www.oligopolypeptides.com/tag/certificate-of-analysis/,,,False,"follow, noindex",,text/html,Certificate of Analysis - OligoPoly Laboratories,Unlock 20% Off Your First OligoPoly Order,2,False,1
https://www.oligopolypeptides.com/tag/coa-verification/,Excluded by 'noindex' tag,200,200,0,https://www.oligopolypeptides.com/tag/coa-verification/,,,False,"follow, noindex",,text/html,COA verification - OligoPoly Laboratories,Unlock 20% Off Your First OligoPoly Order,2,False,14
https://www.oligopolypeptides.com/tag/coa/,Excluded by 'noindex' tag,200,200,0,https://www.oligopolypeptides.com/tag/coa/,,,False,"follow, noindex",,text/html,COA - OligoPoly Laboratories,Unlock 20% Off Your First OligoPoly Order,2,False,1
https://www.oligopolypeptides.com/tag/cognitive-research-peptides/,Excluded by 'noindex' tag,200,200,0,https://www.oligopolypeptides.com/tag/cognitive-research-peptides/,,,False,"follow, noindex",,text/html,cognitive research peptides - OligoPoly Laboratories,Unlock 20% Off Your First OligoPoly Order,2,False,1
https://www.oligopolypeptides.com/tag/cognitive-research/,Excluded by 'noindex' tag,200,200,0,https://www.oligopolypeptides.com/tag/cognitive-research/,,,False,"follow, noindex",,text/html,cognitive research - OligoPoly Laboratories,Unlock 20% Off Your First OligoPoly Order,2,False,2
https://www.oligopolypeptides.com/tag/dihexa/,Excluded by 'noindex' tag,200,200,0,https://www.oligopolypeptides.com/tag/dihexa/,,,False,"follow, noindex",,text/html,Dihexa - OligoPoly Laboratories,Unlock 20% Off Your First OligoPoly Order,2,False,3
https://www.oligopolypeptides.com/tag/follistatin-344/,Excluded by 'noindex' tag,200,200,0,https://www.oligopolypeptides.com/tag/follistatin-344/,,,False,"follow, noindex",,text/html,Follistatin-344 - OligoPoly Laboratories,Unlock 20% Off Your First OligoPoly Order,2,False,1
https://www.oligopolypeptides.com/tag/gh-axis-research/,Excluded by 'noindex' tag,200,200,0,https://www.oligopolypeptides.com/tag/gh-axis-research/,,,False,"follow, noindex",,text/html,GH axis research - OligoPoly Laboratories,Unlock 20% Off Your First OligoPoly Order,2,False,1
https://www.oligopolypeptides.com/tag/glp-1-research-peptides/,Excluded by 'noindex' tag,200,200,0,https://www.oligopolypeptides.com/tag/glp-1-research-peptides/,,,False,"follow, noindex",,text/html,GLP-1 research peptides - OligoPoly Laboratories,Unlock 20% Off Your First OligoPoly Order,2,False,1
https://www.oligopolypeptides.com/tag/glp-1-research/,Excluded by 'noindex' tag,200,200,0,https://www.oligopolypeptides.com/tag/glp-1-research/,,,False,"follow, noindex",,text/html,GLP-1 research - OligoPoly Laboratories,Unlock 20% Off Your First OligoPoly Order,2,False,1
https://www.oligopolypeptides.com/tag/growth-factor-research/,Excluded by 'noindex' tag,200,200,0,https://www.oligopolypeptides.com/tag/growth-factor-research/,,,False,"follow, noindex",,text/html,growth factor research - OligoPoly Laboratories,Unlock 20% Off Your First OligoPoly Order,2,False,2
https://www.oligopolypeptides.com/tag/hplc-testing/,Excluded by 'noindex' tag,200,200,0,https://www.oligopolypeptides.com/tag/hplc-testing/,,,False,"follow, noindex",,text/html,HPLC testing - OligoPoly Laboratories,Unlock 20% Off Your First OligoPoly Order,2,False,2
https://www.oligopolypeptides.com/tag/igf-1-lr3/,Excluded by 'noindex' tag,200,200,0,https://www.oligopolypeptides.com/tag/igf-1-lr3/,,,False,"follow, noindex",,text/html,IGF-1 LR3 - OligoPoly Laboratories,Unlock 20% Off Your First OligoPoly Order,2,False,2
https://www.oligopolypeptides.com/tag/immune-research/,Excluded by 'noindex' tag,200,200,0,https://www.oligopolypeptides.com/tag/immune-research/,,,False,"follow, noindex",,text/html,immune research - OligoPoly Laboratories,Unlock 20% Off Your First OligoPoly Order,2,False,2
https://www.oligopolypeptides.com/tag/incretin-research/,Excluded by 'noindex' tag,200,200,0,https://www.oligopolypeptides.com/tag/incretin-research/,,,False,"follow, noindex",,text/html,incretin research - OligoPoly Laboratories,Unlock 20% Off Your First OligoPoly Order,2,False,1
https://www.oligopolypeptides.com/tag/ipamorelin/,Excluded by 'noindex' tag,200,200,0,https://www.oligopolypeptides.com/tag/ipamorelin/,,,False,"follow, noindex",,text/html,Ipamorelin - OligoPoly Laboratories,Unlock 20% Off Your First OligoPoly Order,2,False,1
https://www.oligopolypeptides.com/tag/kpv/,Excluded by 'noindex' tag,200,200,0,https://www.oligopolypeptides.com/tag/kpv/,,,False,"follow, noindex",,text/html,KPV - OligoPoly Laboratories,Unlock 20% Off Your First OligoPoly Order,2,False,2
https://www.oligopolypeptides.com/tag/laboratory-research/,Excluded by 'noindex' tag,200,200,0,https://www.oligopolypeptides.com/tag/laboratory-research/,,,False,"follow, noindex",,text/html,laboratory research - OligoPoly Laboratories,Unlock 20% Off Your First OligoPoly Order,2,False,3
https://www.oligopolypeptides.com/tag/lc-ms/,Excluded by 'noindex' tag,200,200,0,https://www.oligopolypeptides.com/tag/lc-ms/,,,False,"follow, noindex",,text/html,LC-MS - OligoPoly Laboratories,Unlock 20% Off Your First OligoPoly Order,2,False,1
https://www.oligopolypeptides.com/tag/longevity-research-stack/,Excluded by 'noindex' tag,200,200,0,https://www.oligopolypeptides.com/tag/longevity-research-stack/,,,False,"follow, noindex",,text/html,longevity research collection - OligoPoly Laboratories,Unlock 20% Off Your First OligoPoly Order,2,False,1
https://www.oligopolypeptides.com/tag/metabolic-research/,Excluded by 'noindex' tag,200,200,0,https://www.oligopolypeptides.com/tag/metabolic-research/,,,False,"follow, noindex",,text/html,metabolic research - OligoPoly Laboratories,Unlock 20% Off Your First OligoPoly Order,2,False,2
https://www.oligopolypeptides.com/tag/mitochondrial-research-peptides/,Excluded by 'noindex' tag,200,200,0,https://www.oligopolypeptides.com/tag/mitochondrial-research-peptides/,,,False,"follow, noindex",,text/html,mitochondrial research peptides - OligoPoly Laboratories,Unlock 20% Off Your First OligoPoly Order,2,False,1
https://www.oligopolypeptides.com/tag/mots-c-research-peptide/,Excluded by 'noindex' tag,200,200,0,https://www.oligopolypeptides.com/tag/mots-c-research-peptide/,,,False,"follow, noindex",,text/html,MOTS-c research peptide - OligoPoly Laboratories,Unlock 20% Off Your First OligoPoly Order,2,False,1
https://www.oligopolypeptides.com/tag/multi-compound-research/,Excluded by 'noindex' tag,200,200,0,https://www.oligopolypeptides.com/tag/multi-compound-research/,,,False,"follow, noindex",,text/html,multi-compound research - OligoPoly Laboratories,Unlock 20% Off Your First OligoPoly Order,2,False,1
https://www.oligopolypeptides.com/tag/neuropeptide-research/,Excluded by 'noindex' tag,200,200,0,https://www.oligopolypeptides.com/tag/neuropeptide-research/,,,False,"follow, noindex",,text/html,neuropeptide research - OligoPoly Laboratories,Unlock 20% Off Your First OligoPoly Order,2,False,1
https://www.oligopolypeptides.com/tag/peg-mgf/,Excluded by 'noindex' tag,200,200,0,https://www.oligopolypeptides.com/tag/peg-mgf/,,,False,"follow, noindex",,text/html,PEG-MGF - OligoPoly Laboratories,Unlock 20% Off Your First OligoPoly Order,2,False,1
https://www.oligopolypeptides.com/tag/peptide-blends/,Excluded by 'noindex' tag,200,200,0,https://www.oligopolypeptides.com/tag/peptide-blends/,,,False,"follow, noindex",,text/html,peptide blends - OligoPoly Laboratories,Unlock 20% Off Your First OligoPoly Order,2,False,1
https://www.oligopolypeptides.com/tag/peptide-documentation/,Excluded by 'noindex' tag,200,200,0,https://www.oligopolypeptides.com/tag/peptide-documentation/,,,False,"follow, noindex",,text/html,peptide documentation - OligoPoly Laboratories,Unlock 20% Off Your First OligoPoly Order,2,False,1
https://www.oligopolypeptides.com/tag/peptide-handling/,Excluded by 'noindex' tag,200,200,0,https://www.oligopolypeptides.com/tag/peptide-handling/,,,False,"follow, noindex",,text/html,peptide handling - OligoPoly Laboratories,Unlock 20% Off Your First OligoPoly Order,2,False,1
https://www.oligopolypeptides.com/tag/peptide-purity/,Excluded by 'noindex' tag,200,200,0,https://www.oligopolypeptides.com/tag/peptide-purity/,,,False,"follow, noindex",,text/html,peptide purity - OligoPoly Laboratories,Unlock 20% Off Your First OligoPoly Order,2,False,1
https://www.oligopolypeptides.com/tag/peptide-quality/,Excluded by 'noindex' tag,200,200,0,https://www.oligopolypeptides.com/tag/peptide-quality/,,,False,"follow, noindex",,text/html,peptide quality - OligoPoly Laboratories,Unlock 20% Off Your First OligoPoly Order,2,False,2
https://www.oligopolypeptides.com/tag/peptide-research-bundle/,Excluded by 'noindex' tag,200,200,0,https://www.oligopolypeptides.com/tag/peptide-research-bundle/,,,False,"follow, noindex",,text/html,peptide research bundle - OligoPoly Laboratories,Unlock 20% Off Your First OligoPoly Order,2,False,1
https://www.oligopolypeptides.com/tag/peptide-storage/,Excluded by 'noindex' tag,200,200,0,https://www.oligopolypeptides.com/tag/peptide-storage/,,,False,"follow, noindex",,text/html,peptide storage - OligoPoly Laboratories,Unlock 20% Off Your First OligoPoly Order,2,False,1
https://www.oligopolypeptides.com/tag/quality-standards/,Excluded by 'noindex' tag,200,200,0,https://www.oligopolypeptides.com/tag/quality-standards/,,,False,"follow, noindex",,text/html,quality standards - OligoPoly Laboratories,Unlock 20% Off Your First OligoPoly Order,2,False,1
https://www.oligopolypeptides.com/tag/reconstitution/,Excluded by 'noindex' tag,200,200,0,https://www.oligopolypeptides.com/tag/reconstitution/,,,False,"follow, noindex",,text/html,reconstitution - OligoPoly Laboratories,Unlock 20% Off Your First OligoPoly Order,2,False,1
https://www.oligopolypeptides.com/tag/recovery-research-stack/,Excluded by 'noindex' tag,200,200,0,https://www.oligopolypeptides.com/tag/recovery-research-stack/,,,False,"follow, noindex",,text/html,recovery research collection - OligoPoly Laboratories,Unlock 20% Off Your First OligoPoly Order,2,False,1
https://www.oligopolypeptides.com/tag/research-blends/,Excluded by 'noindex' tag,200,200,0,https://www.oligopolypeptides.com/tag/research-blends/,,,False,"follow, noindex",,text/html,research blends - OligoPoly Laboratories,Unlock 20% Off Your First OligoPoly Order,2,False,1
https://www.oligopolypeptides.com/tag/research-collections/,Not found (404),404,404,0,https://www.oligopolypeptides.com/tag/research-collections/,,,False,"follow, noindex",,text/html,Page Not Found | OligoPoly Laboratories,Unlock 20% Off Your First OligoPoly Order,2,False,1
https://www.oligopolypeptides.com/tag/research-comparison/,Excluded by 'noindex' tag,200,200,0,https://www.oligopolypeptides.com/tag/research-comparison/,,,False,"follow, noindex",,text/html,research comparison - OligoPoly Laboratories,Unlock 20% Off Your First OligoPoly Order,2,False,10
https://www.oligopolypeptides.com/tag/research-compounds/,Excluded by 'noindex' tag,200,200,0,https://www.oligopolypeptides.com/tag/research-compounds/,,,False,"follow, noindex",,text/html,research compounds - OligoPoly Laboratories,Unlock 20% Off Your First OligoPoly Order,2,False,1
https://www.oligopolypeptides.com/tag/research-documentation/,Excluded by 'noindex' tag,200,200,0,https://www.oligopolypeptides.com/tag/research-documentation/,,,False,"follow, noindex",,text/html,research documentation - OligoPoly Laboratories,Unlock 20% Off Your First OligoPoly Order,2,False,2
https://www.oligopolypeptides.com/tag/research-peptide-stacks/,Excluded by 'noindex' tag,200,200,0,https://www.oligopolypeptides.com/tag/research-peptide-stacks/,,,False,"follow, noindex",,text/html,research collections - OligoPoly Laboratories,Unlock 20% Off Your First OligoPoly Order,2,False,1
https://www.oligopolypeptides.com/tag/research-peptide-vendors/,Excluded by 'noindex' tag,200,200,0,https://www.oligopolypeptides.com/tag/research-peptide-vendors/,,,False,"follow, noindex",,text/html,research peptide vendors - OligoPoly Laboratories,Unlock 20% Off Your First OligoPoly Order,2,False,1
https://www.oligopolypeptides.com/tag/research-peptides/,Excluded by 'noindex' tag,200,200,0,https://www.oligopolypeptides.com/tag/research-peptides/,,,False,"follow, noindex",,text/html,research peptides - OligoPoly Laboratories,Unlock 20% Off Your First OligoPoly Order,2,False,1
https://www.oligopolypeptides.com/tag/research-use-only/,Excluded by 'noindex' tag,200,200,0,https://www.oligopolypeptides.com/tag/research-use-only/,,,False,"follow, noindex",,text/html,research use only - OligoPoly Laboratories,Unlock 20% Off Your First OligoPoly Order,2,False,10
https://www.oligopolypeptides.com/tag/retatrutide-research-peptide/,Excluded by 'noindex' tag,200,200,0,https://www.oligopolypeptides.com/tag/retatrutide-research-peptide/,,,False,"follow, noindex",,text/html,retatrutide research peptide - OligoPoly Laboratories,Unlock 20% Off Your First OligoPoly Order,2,False,1
https://www.oligopolypeptides.com/tag/retatrutide/,Excluded by 'noindex' tag,200,200,0,https://www.oligopolypeptides.com/tag/retatrutide/,,,False,"follow, noindex",,text/html,Retatrutide - OligoPoly Laboratories,Unlock 20% Off Your First OligoPoly Order,2,False,1
https://www.oligopolypeptides.com/tag/selank/,Excluded by 'noindex' tag,200,200,0,https://www.oligopolypeptides.com/tag/selank/,,,False,"follow, noindex",,text/html,Selank - OligoPoly Laboratories,Unlock 20% Off Your First OligoPoly Order,2,False,2
https://www.oligopolypeptides.com/tag/semaglutide-research-peptide/,Excluded by 'noindex' tag,200,200,0,https://www.oligopolypeptides.com/tag/semaglutide-research-peptide/,,,False,"follow, noindex",,text/html,semaglutide research peptide - OligoPoly Laboratories,Unlock 20% Off Your First OligoPoly Order,2,False,1
https://www.oligopolypeptides.com/tag/semaglutide/,Excluded by 'noindex' tag,200,200,0,https://www.oligopolypeptides.com/tag/semaglutide/,,,False,"follow, noindex",,text/html,Semaglutide - OligoPoly Laboratories,Unlock 20% Off Your First OligoPoly Order,2,False,1
https://www.oligopolypeptides.com/tag/semax/,Excluded by 'noindex' tag,200,200,0,https://www.oligopolypeptides.com/tag/semax/,,,False,"follow, noindex",,text/html,Semax - OligoPoly Laboratories,Unlock 20% Off Your First OligoPoly Order,2,False,2
https://www.oligopolypeptides.com/tag/ss-31-research-peptide/,Excluded by 'noindex' tag,200,200,0,https://www.oligopolypeptides.com/tag/ss-31-research-peptide/,,,False,"follow, noindex",,text/html,SS-31 research peptide - OligoPoly Laboratories,Unlock 20% Off Your First OligoPoly Order,2,False,1
https://www.oligopolypeptides.com/tag/study-design/,Excluded by 'noindex' tag,200,200,0,https://www.oligopolypeptides.com/tag/study-design/,,,False,"follow, noindex",,text/html,study design - OligoPoly Laboratories,Unlock 20% Off Your First OligoPoly Order,2,False,1
https://www.oligopolypeptides.com/tag/supplier-transparency/,Excluded by 'noindex' tag,200,200,0,https://www.oligopolypeptides.com/tag/supplier-transparency/,,,False,"follow, noindex",,text/html,supplier transparency - OligoPoly Laboratories,Unlock 20% Off Your First OligoPoly Order,2,False,1
https://www.oligopolypeptides.com/tag/tesamorelin/,Excluded by 'noindex' tag,200,200,0,https://www.oligopolypeptides.com/tag/tesamorelin/,,,False,"follow, noindex",,text/html,Tesamorelin - OligoPoly Laboratories,Unlock 20% Off Your First OligoPoly Order,2,False,1
https://www.oligopolypeptides.com/tag/thymosin-alpha-1/,Excluded by 'noindex' tag,200,200,0,https://www.oligopolypeptides.com/tag/thymosin-alpha-1/,,,False,"follow, noindex",,text/html,Thymosin Alpha-1 - OligoPoly Laboratories,Unlock 20% Off Your First OligoPoly Order,2,False,1
https://www.oligopolypeptides.com/tag/thymosin-beta-4/,Excluded by 'noindex' tag,200,200,0,https://www.oligopolypeptides.com/tag/thymosin-beta-4/,,,False,"follow, noindex",,text/html,Thymosin Beta-4 - OligoPoly Laboratories,Unlock 20% Off Your First OligoPoly Order,2,False,1
https://www.oligopolypeptides.com/tag/tirzepatide-research-peptide/,Excluded by 'noindex' tag,200,200,0,https://www.oligopolypeptides.com/tag/tirzepatide-research-peptide/,,,False,"follow, noindex",,text/html,tirzepatide research peptide - OligoPoly Laboratories,Unlock 20% Off Your First OligoPoly Order,2,False,1
https://www.oligopolypeptides.com/tag/vendor-comparison/,Excluded by 'noindex' tag,200,200,0,https://www.oligopolypeptides.com/tag/vendor-comparison/,,,False,"follow, noindex",,text/html,vendor comparison - OligoPoly Laboratories,Unlock 20% Off Your First OligoPoly Order,2,False,1
https://www.oligopolypeptides.com/tb-500-peptide-research-mechanisms-applications/,Indexable,200,200,0,https://www.oligopolypeptides.com/tb-500-peptide-research-mechanisms-applications/,,https://www.oligopolypeptides.com/tb-500-peptide-research-mechanisms-applications/,True,"follow, index, max-snippet:-1, max-video-preview:-1, max-image-preview:large",,text/html,TB-500 Peptide Research Guide | OligoPoly,Unlock 20% Off Your First OligoPoly Order,3,True,1
https://www.oligopolypeptides.com/tb-500-peptide-research-mechanisms-applications/?share=facebook,Redirects off-site,302,200,3,https://www.facebook.com/login/?next=https%3A%2F%2Fwww.facebook.com%2Fshare_channel%2F%3Ftype%3Dreshare%26link%3Dhttps%253A%252F%252Fwww.oligopolypeptides.com%252Ftb-500-peptide-research-mechanisms-applications%252F%26app_id%3D966242223397117%26source_surface%3Dexternal_reshare%26display%26hashtag,https://www.facebook.com/sharer/sharer.php?u=https%3A%2F%2Fwww.oligopolypeptides.com%2Ftb-500-peptide-research-mechanisms-applications%2F&t=TB-500%20Peptide%20Research%3A%20Mechanisms%2C%20Applications%20%26%20Scientific%20Studies -> https://www.facebook.com/share_channel/?type=reshare&link=https%3A%2F%2Fwww.oligopolypeptides.com%2Ftb-500-peptide-research-mechanisms-applications%2F&app_id=966242223397117&source_surface=external_reshare&display&hashtag -> https://www.facebook.com/login/?next=https%3A%2F%2Fwww.facebook.com%2Fshare_channel%2F%3Ftype%3Dreshare%26link%3Dhttps%253A%252F%252Fwww.oligopolypeptides.com%252Ftb-500-peptide-research-mechanisms-applications%252F%26app_id%3D966242223397117%26source_surface%3Dexternal_reshare%26display%26hashtag,https://www.facebook.com/login,False,,,text/html,Facebook,,0,False,1
https://www.oligopolypeptides.com/tb-500-peptide-research-mechanisms-applications/?share=x,Redirects off-site,302,200,1,https://x.com/intent/tweet?text=TB-500%20Peptide%20Research%3A%20Mechanisms%2C%20Applications%20%26%20Scientific%20Studies&url=https%3A%2F%2Fwww.oligopolypeptides.com%2Ftb-500-peptide-research-mechanisms-applications%2F,https://x.com/intent/tweet?text=TB-500%20Peptide%20Research%3A%20Mechanisms%2C%20Applications%20%26%20Scientific%20Studies&url=https%3A%2F%2Fwww.oligopolypeptides.com%2Ftb-500-peptide-research-mechanisms-applications%2F,,False,,,text/html,,JavaScript is not available.,1,False,1
https://www.oligopolypeptides.com/tb-500-vs-thymosin-beta-4/,Indexable,200,200,0,https://www.oligopolypeptides.com/tb-500-vs-thymosin-beta-4/,,https://www.oligopolypeptides.com/tb-500-vs-thymosin-beta-4/,True,"follow, index, max-snippet:-1, max-video-preview:-1, max-image-preview:large",,text/html,TB-500 vs Thymosin Beta-4 Research | OligoPoly,Unlock 20% Off Your First OligoPoly Order,3,True,0
https://www.oligopolypeptides.com/tb-500-vs-thymosin-beta-4/?share=facebook,Redirects off-site,302,200,3,https://www.facebook.com/login/?next=https%3A%2F%2Fwww.facebook.com%2Fshare_channel%2F%3Ftype%3Dreshare%26link%3Dhttps%253A%252F%252Fwww.oligopolypeptides.com%252Ftb-500-vs-thymosin-beta-4%252F%26app_id%3D966242223397117%26source_surface%3Dexternal_reshare%26display%26hashtag,https://www.facebook.com/sharer/sharer.php?u=https%3A%2F%2Fwww.oligopolypeptides.com%2Ftb-500-vs-thymosin-beta-4%2F&t=TB-500%20vs%20Thymosin%20Beta-4%20%E2%80%94%20LKKTET%20Fragment%20vs%20Full%20Sequence%20Research -> https://www.facebook.com/share_channel/?type=reshare&link=https%3A%2F%2Fwww.oligopolypeptides.com%2Ftb-500-vs-thymosin-beta-4%2F&app_id=966242223397117&source_surface=external_reshare&display&hashtag -> https://www.facebook.com/login/?next=https%3A%2F%2Fwww.facebook.com%2Fshare_channel%2F%3Ftype%3Dreshare%26link%3Dhttps%253A%252F%252Fwww.oligopolypeptides.com%252Ftb-500-vs-thymosin-beta-4%252F%26app_id%3D966242223397117%26source_surface%3Dexternal_reshare%26display%26hashtag,https://www.facebook.com/login,False,,,text/html,Facebook,,0,False,1
https://www.oligopolypeptides.com/tb-500-vs-thymosin-beta-4/?share=x,Redirects off-site,302,200,1,https://x.com/intent/tweet?text=TB-500%20vs%20Thymosin%20Beta-4%20%E2%80%94%20LKKTET%20Fragment%20vs%20Full%20Sequence%20Research&url=https%3A%2F%2Fwww.oligopolypeptides.com%2Ftb-500-vs-thymosin-beta-4%2F,https://x.com/intent/tweet?text=TB-500%20vs%20Thymosin%20Beta-4%20%E2%80%94%20LKKTET%20Fragment%20vs%20Full%20Sequence%20Research&url=https%3A%2F%2Fwww.oligopolypeptides.com%2Ftb-500-vs-thymosin-beta-4%2F,,False,,,text/html,,JavaScript is not available.,1,False,1
https://www.oligopolypeptides.com/terms-of-use/,Indexable,200,200,0,https://www.oligopolypeptides.com/terms-of-use/,,https://www.oligopolypeptides.com/terms-of-use/,True,"follow, index, max-snippet:-1, max-video-preview:-1, max-image-preview:large",,text/html,Terms & Conditions | OligoPoly Laboratories,Terms of Use,2,True,233
https://www.oligopolypeptides.com/terms-of-use/?share=facebook,Redirects off-site,302,200,3,https://www.facebook.com/login/?next=https%3A%2F%2Fwww.facebook.com%2Fshare_channel%2F%3Ftype%3Dreshare%26link%3Dhttps%253A%252F%252Fwww.oligopolypeptides.com%252Fterms-of-use%252F%26app_id%3D966242223397117%26source_surface%3Dexternal_reshare%26display%26hashtag,https://www.facebook.com/sharer/sharer.php?u=https%3A%2F%2Fwww.oligopolypeptides.com%2Fterms-of-use%2F&t=Terms%20of%20Use -> https://www.facebook.com/share_channel/?type=reshare&link=https%3A%2F%2Fwww.oligopolypeptides.com%2Fterms-of-use%2F&app_id=966242223397117&source_surface=external_reshare&display&hashtag -> https://www.facebook.com/login/?next=https%3A%2F%2Fwww.facebook.com%2Fshare_channel%2F%3Ftype%3Dreshare%26link%3Dhttps%253A%252F%252Fwww.oligopolypeptides.com%252Fterms-of-use%252F%26app_id%3D966242223397117%26source_surface%3Dexternal_reshare%26display%26hashtag,https://www.facebook.com/login,False,,,text/html,Facebook,,0,False,1
https://www.oligopolypeptides.com/terms-of-use/?share=x,Redirects off-site,302,200,1,https://x.com/intent/tweet?text=Terms%20of%20Use&url=https%3A%2F%2Fwww.oligopolypeptides.com%2Fterms-of-use%2F,https://x.com/intent/tweet?text=Terms%20of%20Use&url=https%3A%2F%2Fwww.oligopolypeptides.com%2Fterms-of-use%2F,,False,,,text/html,,JavaScript is not available.,1,False,1
https://www.oligopolypeptides.com/texas-research-peptides/,Indexable,200,200,0,https://www.oligopolypeptides.com/texas-research-peptides/,,https://www.oligopolypeptides.com/texas-research-peptides/,True,"follow, index, max-snippet:-1, max-video-preview:-1, max-image-preview:large",,text/html,Texas Research Peptides | COA Verified | OligoPoly Laboratories,Unlock 20% Off Your First OligoPoly Order,2,True,0
https://www.oligopolypeptides.com/texas-research-peptides/?share=facebook,Redirects off-site,302,200,3,https://www.facebook.com/login/?next=https%3A%2F%2Fwww.facebook.com%2Fshare_channel%2F%3Ftype%3Dreshare%26link%3Dhttps%253A%252F%252Fwww.oligopolypeptides.com%252Ftexas-research-peptides%252F%26app_id%3D966242223397117%26source_surface%3Dexternal_reshare%26display%26hashtag,https://www.facebook.com/sharer/sharer.php?u=https%3A%2F%2Fwww.oligopolypeptides.com%2Ftexas-research-peptides%2F&t=Texas%20Research%20Peptides -> https://www.facebook.com/share_channel/?type=reshare&link=https%3A%2F%2Fwww.oligopolypeptides.com%2Ftexas-research-peptides%2F&app_id=966242223397117&source_surface=external_reshare&display&hashtag -> https://www.facebook.com/login/?next=https%3A%2F%2Fwww.facebook.com%2Fshare_channel%2F%3Ftype%3Dreshare%26link%3Dhttps%253A%252F%252Fwww.oligopolypeptides.com%252Ftexas-research-peptides%252F%26app_id%3D966242223397117%26source_surface%3Dexternal_reshare%26display%26hashtag,https://www.facebook.com/login,False,,,text/html,Facebook,,0,False,1
https://www.oligopolypeptides.com/texas-research-peptides/?share=x,Redirects off-site,302,200,1,https://x.com/intent/tweet?text=Texas%20Research%20Peptides&url=https%3A%2F%2Fwww.oligopolypeptides.com%2Ftexas-research-peptides%2F,https://x.com/intent/tweet?text=Texas%20Research%20Peptides&url=https%3A%2F%2Fwww.oligopolypeptides.com%2Ftexas-research-peptides%2F,,False,,,text/html,,JavaScript is not available.,1,False,1
https://www.oligopolypeptides.com/thymosin-alpha-1-vs-kpv-research-comparison/,Indexable,200,200,0,https://www.oligopolypeptides.com/thymosin-alpha-1-vs-kpv-research-comparison/,,https://www.oligopolypeptides.com/thymosin-alpha-1-vs-kpv-research-comparison/,True,"follow, index, max-snippet:-1, max-video-preview:-1, max-image-preview:large",,text/html,Thymosin Alpha-1 vs KPV Research Comparison | OligoPoly Laboratories,Unlock 20% Off Your First OligoPoly Order,2,True,4
https://www.oligopolypeptides.com/thymosin-alpha-1-vs-kpv-research-comparison/?share=facebook,Redirects off-site,302,200,3,https://www.facebook.com/login/?next=https%3A%2F%2Fwww.facebook.com%2Fshare_channel%2F%3Ftype%3Dreshare%26link%3Dhttps%253A%252F%252Fwww.oligopolypeptides.com%252Fthymosin-alpha-1-vs-kpv-research-comparison%252F%26app_id%3D966242223397117%26source_surface%3Dexternal_reshare%26display%26hashtag,https://www.facebook.com/sharer/sharer.php?u=https%3A%2F%2Fwww.oligopolypeptides.com%2Fthymosin-alpha-1-vs-kpv-research-comparison%2F&t=Thymosin%20Alpha-1%20vs%20KPV%20Research%20Comparison -> https://www.facebook.com/share_channel/?type=reshare&link=https%3A%2F%2Fwww.oligopolypeptides.com%2Fthymosin-alpha-1-vs-kpv-research-comparison%2F&app_id=966242223397117&source_surface=external_reshare&display&hashtag -> https://www.facebook.com/login/?next=https%3A%2F%2Fwww.facebook.com%2Fshare_channel%2F%3Ftype%3Dreshare%26link%3Dhttps%253A%252F%252Fwww.oligopolypeptides.com%252Fthymosin-alpha-1-vs-kpv-research-comparison%252F%26app_id%3D966242223397117%26source_surface%3Dexternal_reshare%26display%26hashtag,https://www.facebook.com/login,False,,,text/html,Facebook,,0,False,1
https://www.oligopolypeptides.com/thymosin-alpha-1-vs-kpv-research-comparison/?share=x,Redirects off-site,302,200,1,https://x.com/intent/tweet?text=Thymosin%20Alpha-1%20vs%20KPV%20Research%20Comparison&url=https%3A%2F%2Fwww.oligopolypeptides.com%2Fthymosin-alpha-1-vs-kpv-research-comparison%2F,https://x.com/intent/tweet?text=Thymosin%20Alpha-1%20vs%20KPV%20Research%20Comparison&url=https%3A%2F%2Fwww.oligopolypeptides.com%2Fthymosin-alpha-1-vs-kpv-research-comparison%2F,,False,,,text/html,,JavaScript is not available.,1,False,1
https://www.oligopolypeptides.com/tirzepatide-vs-semaglutide-research/,Indexable,200,200,0,https://www.oligopolypeptides.com/tirzepatide-vs-semaglutide-research/,,https://www.oligopolypeptides.com/tirzepatide-vs-semaglutide-research/,True,"follow, index, max-snippet:-1, max-video-preview:-1, max-image-preview:large",,text/html,Tirzepatide vs Semaglutide Research | OligoPoly,Unlock 20% Off Your First OligoPoly Order,3,True,24
https://www.oligopolypeptides.com/tirzepatide-vs-semaglutide-research/?share=facebook,Redirects off-site,302,200,3,https://www.facebook.com/login/?next=https%3A%2F%2Fwww.facebook.com%2Fshare_channel%2F%3Ftype%3Dreshare%26link%3Dhttps%253A%252F%252Fwww.oligopolypeptides.com%252Ftirzepatide-vs-semaglutide-research%252F%26app_id%3D966242223397117%26source_surface%3Dexternal_reshare%26display%26hashtag,https://www.facebook.com/sharer/sharer.php?u=https%3A%2F%2Fwww.oligopolypeptides.com%2Ftirzepatide-vs-semaglutide-research%2F&t=Tirzepatide%20vs%20Semaglutide%20Research%20%E2%80%94%20Dual%20vs%20Single%20GLP-1%20Agonist%20Comparison -> https://www.facebook.com/share_channel/?type=reshare&link=https%3A%2F%2Fwww.oligopolypeptides.com%2Ftirzepatide-vs-semaglutide-research%2F&app_id=966242223397117&source_surface=external_reshare&display&hashtag -> https://www.facebook.com/login/?next=https%3A%2F%2Fwww.facebook.com%2Fshare_channel%2F%3Ftype%3Dreshare%26link%3Dhttps%253A%252F%252Fwww.oligopolypeptides.com%252Ftirzepatide-vs-semaglutide-research%252F%26app_id%3D966242223397117%26source_surface%3Dexternal_reshare%26display%26hashtag,https://www.facebook.com/login,False,,,text/html,Facebook,,0,False,1
https://www.oligopolypeptides.com/tirzepatide-vs-semaglutide-research/?share=x,Redirects off-site,302,200,1,https://x.com/intent/tweet?text=Tirzepatide%20vs%20Semaglutide%20Research%20%E2%80%94%20Dual%20vs%20Single%20GLP-1%20Agonist%20Comparison&url=https%3A%2F%2Fwww.oligopolypeptides.com%2Ftirzepatide-vs-semaglutide-research%2F,https://x.com/intent/tweet?text=Tirzepatide%20vs%20Semaglutide%20Research%20%E2%80%94%20Dual%20vs%20Single%20GLP-1%20Agonist%20Comparison&url=https%3A%2F%2Fwww.oligopolypeptides.com%2Ftirzepatide-vs-semaglutide-research%2F,,False,,,text/html,,JavaScript is not available.,1,False,1
https://www.oligopolypeptides.com/transparency/,Indexable,200,200,0,https://www.oligopolypeptides.com/transparency/,,https://www.oligopolypeptides.com/transparency/,True,"follow, index, max-snippet:-1, max-video-preview:-1, max-image-preview:large",,text/html,OligoPoly Laboratories Transparency Standards,Unlock 20% Off Your First OligoPoly Order,3,True,0
https://www.oligopolypeptides.com/transparency/?share=facebook,Redirects off-site,302,200,3,https://www.facebook.com/login/?next=https%3A%2F%2Fwww.facebook.com%2Fshare_channel%2F%3Ftype%3Dreshare%26link%3Dhttps%253A%252F%252Fwww.oligopolypeptides.com%252Ftransparency%252F%26app_id%3D966242223397117%26source_surface%3Dexternal_reshare%26display%26hashtag,https://www.facebook.com/sharer/sharer.php?u=https%3A%2F%2Fwww.oligopolypeptides.com%2Ftransparency%2F&t=Transparency%20%E2%80%94%20OligoPoly%20Laboratories%20Quality%2C%20Testing%20%26%20Business%20Standards -> https://www.facebook.com/share_channel/?type=reshare&link=https%3A%2F%2Fwww.oligopolypeptides.com%2Ftransparency%2F&app_id=966242223397117&source_surface=external_reshare&display&hashtag -> https://www.facebook.com/login/?next=https%3A%2F%2Fwww.facebook.com%2Fshare_channel%2F%3Ftype%3Dreshare%26link%3Dhttps%253A%252F%252Fwww.oligopolypeptides.com%252Ftransparency%252F%26app_id%3D966242223397117%26source_surface%3Dexternal_reshare%26display%26hashtag,https://www.facebook.com/login,False,,,text/html,Facebook,,0,False,1
https://www.oligopolypeptides.com/transparency/?share=x,Redirects off-site,302,200,1,https://x.com/intent/tweet?text=Transparency%20%E2%80%94%20OligoPoly%20Laboratories%20Quality%2C%20Testing%20%26%20Business%20Standards&url=https%3A%2F%2Fwww.oligopolypeptides.com%2Ftransparency%2F,https://x.com/intent/tweet?text=Transparency%20%E2%80%94%20OligoPoly%20Laboratories%20Quality%2C%20Testing%20%26%20Business%20Standards&url=https%3A%2F%2Fwww.oligopolypeptides.com%2Ftransparency%2F,,False,,,text/html,,JavaScript is not available.,1,False,1
https://www.oligopolypeptides.com/triple-agonist-peptides/,Indexable,200,200,0,https://www.oligopolypeptides.com/triple-agonist-peptides/,,https://www.oligopolypeptides.com/triple-agonist-peptides/,True,"follow, index, max-snippet:-1, max-video-preview:-1, max-image-preview:large",,text/html,Triple Agonist Peptide Research Guide | OligoPoly,Unlock 20% Off Your First OligoPoly Order,3,True,22
https://www.oligopolypeptides.com/triple-agonist-peptides/?share=facebook,Redirects off-site,302,200,3,https://www.facebook.com/login/?next=https%3A%2F%2Fwww.facebook.com%2Fshare_channel%2F%3Ftype%3Dreshare%26link%3Dhttps%253A%252F%252Fwww.oligopolypeptides.com%252Ftriple-agonist-peptides%252F%26app_id%3D966242223397117%26source_surface%3Dexternal_reshare%26display%26hashtag,https://www.facebook.com/sharer/sharer.php?u=https%3A%2F%2Fwww.oligopolypeptides.com%2Ftriple-agonist-peptides%2F&t=Triple%20Agonist%20Peptide%20Research%20Guide%20%E2%80%94%20GLP-1%2FGIP%2FGlucagon%20Receptor%20Co-Activation -> https://www.facebook.com/share_channel/?type=reshare&link=https%3A%2F%2Fwww.oligopolypeptides.com%2Ftriple-agonist-peptides%2F&app_id=966242223397117&source_surface=external_reshare&display&hashtag -> https://www.facebook.com/login/?next=https%3A%2F%2Fwww.facebook.com%2Fshare_channel%2F%3Ftype%3Dreshare%26link%3Dhttps%253A%252F%252Fwww.oligopolypeptides.com%252Ftriple-agonist-peptides%252F%26app_id%3D966242223397117%26source_surface%3Dexternal_reshare%26display%26hashtag,https://www.facebook.com/login,False,,,text/html,Facebook,,0,False,1
https://www.oligopolypeptides.com/triple-agonist-peptides/?share=x,Redirects off-site,302,200,1,https://x.com/intent/tweet?text=Triple%20Agonist%20Peptide%20Research%20Guide%20%E2%80%94%20GLP-1%2FGIP%2FGlucagon%20Receptor%20Co-Activation&url=https%3A%2F%2Fwww.oligopolypeptides.com%2Ftriple-agonist-peptides%2F,https://x.com/intent/tweet?text=Triple%20Agonist%20Peptide%20Research%20Guide%20%E2%80%94%20GLP-1%2FGIP%2FGlucagon%20Receptor%20Co-Activation&url=https%3A%2F%2Fwww.oligopolypeptides.com%2Ftriple-agonist-peptides%2F,,False,,,text/html,,JavaScript is not available.,1,False,1
https://www.oligopolypeptides.com/ultimate-research-peptides-guide/,Indexable,200,200,0,https://www.oligopolypeptides.com/ultimate-research-peptides-guide/,,https://www.oligopolypeptides.com/ultimate-research-peptides-guide/,True,"follow, index, max-snippet:-1, max-video-preview:-1, max-image-preview:large",,text/html,Ultimate Research Peptides Guide | OligoPoly,Unlock 20% Off Your First OligoPoly Order,3,True,1
https://www.oligopolypeptides.com/ultimate-research-peptides-guide/?share=facebook,Redirects off-site,302,200,3,https://www.facebook.com/login/?next=https%3A%2F%2Fwww.facebook.com%2Fshare_channel%2F%3Ftype%3Dreshare%26link%3Dhttps%253A%252F%252Fwww.oligopolypeptides.com%252Fultimate-research-peptides-guide%252F%26app_id%3D966242223397117%26source_surface%3Dexternal_reshare%26display%26hashtag,https://www.facebook.com/sharer/sharer.php?u=https%3A%2F%2Fwww.oligopolypeptides.com%2Fultimate-research-peptides-guide%2F&t=Ultimate%20Research%20Peptides%20Guide%20%E2%80%94%20Complete%202025%20Reference%20%7C%20OligoPoly%20Laboratories -> https://www.facebook.com/share_channel/?type=reshare&link=https%3A%2F%2Fwww.oligopolypeptides.com%2Fultimate-research-peptides-guide%2F&app_id=966242223397117&source_surface=external_reshare&display&hashtag -> https://www.facebook.com/login/?next=https%3A%2F%2Fwww.facebook.com%2Fshare_channel%2F%3Ftype%3Dreshare%26link%3Dhttps%253A%252F%252Fwww.oligopolypeptides.com%252Fultimate-research-peptides-guide%252F%26app_id%3D966242223397117%26source_surface%3Dexternal_reshare%26display%26hashtag,https://www.facebook.com/login,False,,,text/html,Facebook,,0,False,1
https://www.oligopolypeptides.com/ultimate-research-peptides-guide/?share=x,Redirects off-site,302,200,1,https://x.com/intent/tweet?text=Ultimate%20Research%20Peptides%20Guide%20%E2%80%94%20Complete%202025%20Reference%20%7C%20OligoPoly%20Laboratories&url=https%3A%2F%2Fwww.oligopolypeptides.com%2Fultimate-research-peptides-guide%2F,https://x.com/intent/tweet?text=Ultimate%20Research%20Peptides%20Guide%20%E2%80%94%20Complete%202025%20Reference%20%7C%20OligoPoly%20Laboratories&url=https%3A%2F%2Fwww.oligopolypeptides.com%2Fultimate-research-peptides-guide%2F,,False,,,text/html,,JavaScript is not available.,1,False,1
https://www.oligopolypeptides.com/understanding-glp-1-metabolic-pathways-peptide-research/,Indexable,200,200,0,https://www.oligopolypeptides.com/understanding-glp-1-metabolic-pathways-peptide-research/,,https://www.oligopolypeptides.com/understanding-glp-1-metabolic-pathways-peptide-research/,True,"follow, index, max-snippet:-1, max-video-preview:-1, max-image-preview:large",,text/html,GLP-1 and Metabolic Pathways in Peptide Research | OligoPoly,Unlock 20% Off Your First OligoPoly Order,3,True,1
https://www.oligopolypeptides.com/understanding-glp-1-metabolic-pathways-peptide-research/?share=facebook,Redirects off-site,302,200,3,https://www.facebook.com/login/?next=https%3A%2F%2Fwww.facebook.com%2Fshare_channel%2F%3Ftype%3Dreshare%26link%3Dhttps%253A%252F%252Fwww.oligopolypeptides.com%252Funderstanding-glp-1-metabolic-pathways-peptide-research%252F%26app_id%3D966242223397117%26source_surface%3Dexternal_reshare%26display%26hashtag,https://www.facebook.com/sharer/sharer.php?u=https%3A%2F%2Fwww.oligopolypeptides.com%2Funderstanding-glp-1-metabolic-pathways-peptide-research%2F&t=Understanding%20GLP-1%20and%20Metabolic%20Pathways%20in%20Peptide%20Research -> https://www.facebook.com/share_channel/?type=reshare&link=https%3A%2F%2Fwww.oligopolypeptides.com%2Funderstanding-glp-1-metabolic-pathways-peptide-research%2F&app_id=966242223397117&source_surface=external_reshare&display&hashtag -> https://www.facebook.com/login/?next=https%3A%2F%2Fwww.facebook.com%2Fshare_channel%2F%3Ftype%3Dreshare%26link%3Dhttps%253A%252F%252Fwww.oligopolypeptides.com%252Funderstanding-glp-1-metabolic-pathways-peptide-research%252F%26app_id%3D966242223397117%26source_surface%3Dexternal_reshare%26display%26hashtag,https://www.facebook.com/login,False,,,text/html,Facebook,,0,False,1
https://www.oligopolypeptides.com/understanding-glp-1-metabolic-pathways-peptide-research/?share=x,Redirects off-site,302,200,1,https://x.com/intent/tweet?text=Understanding%20GLP-1%20and%20Metabolic%20Pathways%20in%20Peptide%20Research&url=https%3A%2F%2Fwww.oligopolypeptides.com%2Funderstanding-glp-1-metabolic-pathways-peptide-research%2F,https://x.com/intent/tweet?text=Understanding%20GLP-1%20and%20Metabolic%20Pathways%20in%20Peptide%20Research&url=https%3A%2F%2Fwww.oligopolypeptides.com%2Funderstanding-glp-1-metabolic-pathways-peptide-research%2F,,False,,,text/html,,JavaScript is not available.,1,False,1
https://www.oligopolypeptides.com/verify/,Indexable,200,200,0,https://www.oligopolypeptides.com/verify/,,https://www.oligopolypeptides.com/verify/,True,"follow, index, max-snippet:-1, max-video-preview:-1, max-image-preview:large",,text/html,Lot Verification | Research Peptides & Laboratory Compounds | OligoPoly Laboratories,Lot Verification,2,True,233
https://www.oligopolypeptides.com/verify/?share=facebook,Redirects off-site,302,200,3,https://www.facebook.com/login/?next=https%3A%2F%2Fwww.facebook.com%2Fshare_channel%2F%3Ftype%3Dreshare%26link%3Dhttps%253A%252F%252Fwww.oligopolypeptides.com%252Fverify%252F%26app_id%3D966242223397117%26source_surface%3Dexternal_reshare%26display%26hashtag,https://www.facebook.com/sharer/sharer.php?u=https%3A%2F%2Fwww.oligopolypeptides.com%2Fverify%2F&t=Lot%20Verification -> https://www.facebook.com/share_channel/?type=reshare&link=https%3A%2F%2Fwww.oligopolypeptides.com%2Fverify%2F&app_id=966242223397117&source_surface=external_reshare&display&hashtag -> https://www.facebook.com/login/?next=https%3A%2F%2Fwww.facebook.com%2Fshare_channel%2F%3Ftype%3Dreshare%26link%3Dhttps%253A%252F%252Fwww.oligopolypeptides.com%252Fverify%252F%26app_id%3D966242223397117%26source_surface%3Dexternal_reshare%26display%26hashtag,https://www.facebook.com/login,False,,,text/html,Facebook,,0,False,1
https://www.oligopolypeptides.com/verify/?share=x,Redirects off-site,302,200,1,https://x.com/intent/tweet?text=Lot%20Verification&url=https%3A%2F%2Fwww.oligopolypeptides.com%2Fverify%2F,https://x.com/intent/tweet?text=Lot%20Verification&url=https%3A%2F%2Fwww.oligopolypeptides.com%2Fverify%2F,,False,,,text/html,,JavaScript is not available.,1,False,1
https://www.oligopolypeptides.com/what-are-oligopeptides-definition-structure-uses/,Indexable,200,200,0,https://www.oligopolypeptides.com/what-are-oligopeptides-definition-structure-uses/,,https://www.oligopolypeptides.com/what-are-oligopeptides-definition-structure-uses/,True,"follow, index, max-snippet:-1, max-video-preview:-1, max-image-preview:large",,text/html,What Are Oligopeptides? | OligoPoly,Unlock 20% Off Your First OligoPoly Order,3,True,1
https://www.oligopolypeptides.com/what-are-oligopeptides-definition-structure-uses/?share=facebook,Redirects off-site,302,200,3,https://www.facebook.com/login/?next=https%3A%2F%2Fwww.facebook.com%2Fshare_channel%2F%3Ftype%3Dreshare%26link%3Dhttps%253A%252F%252Fwww.oligopolypeptides.com%252Fwhat-are-oligopeptides-definition-structure-uses%252F%26app_id%3D966242223397117%26source_surface%3Dexternal_reshare%26display%26hashtag,https://www.facebook.com/sharer/sharer.php?u=https%3A%2F%2Fwww.oligopolypeptides.com%2Fwhat-are-oligopeptides-definition-structure-uses%2F&t=What%20Are%20Oligopeptides%3F%20Definition%2C%20Structure%20%26%20Uses%20Explained -> https://www.facebook.com/share_channel/?type=reshare&link=https%3A%2F%2Fwww.oligopolypeptides.com%2Fwhat-are-oligopeptides-definition-structure-uses%2F&app_id=966242223397117&source_surface=external_reshare&display&hashtag -> https://www.facebook.com/login/?next=https%3A%2F%2Fwww.facebook.com%2Fshare_channel%2F%3Ftype%3Dreshare%26link%3Dhttps%253A%252F%252Fwww.oligopolypeptides.com%252Fwhat-are-oligopeptides-definition-structure-uses%252F%26app_id%3D966242223397117%26source_surface%3Dexternal_reshare%26display%26hashtag,https://www.facebook.com/login,False,,,text/html,Facebook,,0,False,1
https://www.oligopolypeptides.com/what-are-oligopeptides-definition-structure-uses/?share=x,Redirects off-site,302,200,1,https://x.com/intent/tweet?text=What%20Are%20Oligopeptides%3F%20Definition%2C%20Structure%20%26%20Uses%20Explained&url=https%3A%2F%2Fwww.oligopolypeptides.com%2Fwhat-are-oligopeptides-definition-structure-uses%2F,https://x.com/intent/tweet?text=What%20Are%20Oligopeptides%3F%20Definition%2C%20Structure%20%26%20Uses%20Explained&url=https%3A%2F%2Fwww.oligopolypeptides.com%2Fwhat-are-oligopeptides-definition-structure-uses%2F,,False,,,text/html,,JavaScript is not available.,1,False,1
https://www.oligopolypeptides.com/what-are-research-peptides-supplier-quality-guide/,Indexable,200,200,0,https://www.oligopolypeptides.com/what-are-research-peptides-supplier-quality-guide/,,https://www.oligopolypeptides.com/what-are-research-peptides-supplier-quality-guide/,True,"follow, index, max-snippet:-1, max-video-preview:-1, max-image-preview:large",,text/html,What Are Research Peptides? | OligoPoly,Unlock 20% Off Your First OligoPoly Order,3,True,1
https://www.oligopolypeptides.com/what-are-research-peptides-supplier-quality-guide/?share=facebook,Redirects off-site,302,200,3,https://www.facebook.com/login/?next=https%3A%2F%2Fwww.facebook.com%2Fshare_channel%2F%3Ftype%3Dreshare%26link%3Dhttps%253A%252F%252Fwww.oligopolypeptides.com%252Fwhat-are-research-peptides-supplier-quality-guide%252F%26app_id%3D966242223397117%26source_surface%3Dexternal_reshare%26display%26hashtag,https://www.facebook.com/sharer/sharer.php?u=https%3A%2F%2Fwww.oligopolypeptides.com%2Fwhat-are-research-peptides-supplier-quality-guide%2F&t=What%20Are%20Research%20Peptides%3F%20A%20Supplier%20Quality%20Guide -> https://www.facebook.com/share_channel/?type=reshare&link=https%3A%2F%2Fwww.oligopolypeptides.com%2Fwhat-are-research-peptides-supplier-quality-guide%2F&app_id=966242223397117&source_surface=external_reshare&display&hashtag -> https://www.facebook.com/login/?next=https%3A%2F%2Fwww.facebook.com%2Fshare_channel%2F%3Ftype%3Dreshare%26link%3Dhttps%253A%252F%252Fwww.oligopolypeptides.com%252Fwhat-are-research-peptides-supplier-quality-guide%252F%26app_id%3D966242223397117%26source_surface%3Dexternal_reshare%26display%26hashtag,https://www.facebook.com/login,False,,,text/html,Facebook,,0,False,1
https://www.oligopolypeptides.com/what-are-research-peptides-supplier-quality-guide/?share=x,Redirects off-site,302,200,1,https://x.com/intent/tweet?text=What%20Are%20Research%20Peptides%3F%20A%20Supplier%20Quality%20Guide&url=https%3A%2F%2Fwww.oligopolypeptides.com%2Fwhat-are-research-peptides-supplier-quality-guide%2F,https://x.com/intent/tweet?text=What%20Are%20Research%20Peptides%3F%20A%20Supplier%20Quality%20Guide&url=https%3A%2F%2Fwww.oligopolypeptides.com%2Fwhat-are-research-peptides-supplier-quality-guide%2F,,False,,,text/html,,JavaScript is not available.,1,False,1
https://www.oligopolypeptides.com/what-are-research-peptides/,Indexable,200,200,0,https://www.oligopolypeptides.com/what-are-research-peptides/,,https://www.oligopolypeptides.com/what-are-research-peptides/,True,"follow, index, max-snippet:-1, max-video-preview:-1, max-image-preview:large",,text/html,What Are Research Peptides? Complete Guide | OligoPoly Laboratories,Unlock 20% Off Your First OligoPoly Order,3,True,3
https://www.oligopolypeptides.com/what-are-research-peptides/?share=facebook,Redirects off-site,302,200,3,https://www.facebook.com/login/?next=https%3A%2F%2Fwww.facebook.com%2Fshare_channel%2F%3Ftype%3Dreshare%26link%3Dhttps%253A%252F%252Fwww.oligopolypeptides.com%252Fwhat-are-research-peptides%252F%26app_id%3D966242223397117%26source_surface%3Dexternal_reshare%26display%26hashtag,https://www.facebook.com/sharer/sharer.php?u=https%3A%2F%2Fwww.oligopolypeptides.com%2Fwhat-are-research-peptides%2F&t=What%20Are%20Research%20Peptides%3F%20%E2%80%94%20Complete%20Guide%20for%20Researchers -> https://www.facebook.com/share_channel/?type=reshare&link=https%3A%2F%2Fwww.oligopolypeptides.com%2Fwhat-are-research-peptides%2F&app_id=966242223397117&source_surface=external_reshare&display&hashtag -> https://www.facebook.com/login/?next=https%3A%2F%2Fwww.facebook.com%2Fshare_channel%2F%3Ftype%3Dreshare%26link%3Dhttps%253A%252F%252Fwww.oligopolypeptides.com%252Fwhat-are-research-peptides%252F%26app_id%3D966242223397117%26source_surface%3Dexternal_reshare%26display%26hashtag,https://www.facebook.com/login,False,,,text/html,Facebook,,0,False,1
https://www.oligopolypeptides.com/what-are-research-peptides/?share=x,Redirects off-site,302,200,1,https://x.com/intent/tweet?text=What%20Are%20Research%20Peptides%3F%20%E2%80%94%20Complete%20Guide%20for%20Researchers&url=https%3A%2F%2Fwww.oligopolypeptides.com%2Fwhat-are-research-peptides%2F,https://x.com/intent/tweet?text=What%20Are%20Research%20Peptides%3F%20%E2%80%94%20Complete%20Guide%20for%20Researchers&url=https%3A%2F%2Fwww.oligopolypeptides.com%2Fwhat-are-research-peptides%2F,,False,,,text/html,,JavaScript is not available.,1,False,1
https://www.oligopolypeptides.com/what-is-cagrilintide-triple-receptor-peptide/,Indexable,200,200,0,https://www.oligopolypeptides.com/what-is-cagrilintide-triple-receptor-peptide/,,https://www.oligopolypeptides.com/what-is-cagrilintide-triple-receptor-peptide/,True,"follow, index, max-snippet:-1, max-video-preview:-1, max-image-preview:large",,text/html,What Is Cagrilintide? | OligoPoly,Unlock 20% Off Your First OligoPoly Order,3,True,1
https://www.oligopolypeptides.com/what-is-cagrilintide-triple-receptor-peptide/?share=facebook,Redirects off-site,302,200,3,https://www.facebook.com/login/?next=https%3A%2F%2Fwww.facebook.com%2Fshare_channel%2F%3Ftype%3Dreshare%26link%3Dhttps%253A%252F%252Fwww.oligopolypeptides.com%252Fwhat-is-cagrilintide-triple-receptor-peptide%252F%26app_id%3D966242223397117%26source_surface%3Dexternal_reshare%26display%26hashtag,https://www.facebook.com/sharer/sharer.php?u=https%3A%2F%2Fwww.oligopolypeptides.com%2Fwhat-is-cagrilintide-triple-receptor-peptide%2F&t=What%20Is%20Cagrilintide%3F%20Triple%20Receptor%20Peptide%20Explained -> https://www.facebook.com/share_channel/?type=reshare&link=https%3A%2F%2Fwww.oligopolypeptides.com%2Fwhat-is-cagrilintide-triple-receptor-peptide%2F&app_id=966242223397117&source_surface=external_reshare&display&hashtag -> https://www.facebook.com/login/?next=https%3A%2F%2Fwww.facebook.com%2Fshare_channel%2F%3Ftype%3Dreshare%26link%3Dhttps%253A%252F%252Fwww.oligopolypeptides.com%252Fwhat-is-cagrilintide-triple-receptor-peptide%252F%26app_id%3D966242223397117%26source_surface%3Dexternal_reshare%26display%26hashtag,https://www.facebook.com/login,False,,,text/html,Facebook,,0,False,1
https://www.oligopolypeptides.com/what-is-cagrilintide-triple-receptor-peptide/?share=x,Redirects off-site,302,200,1,https://x.com/intent/tweet?text=What%20Is%20Cagrilintide%3F%20Triple%20Receptor%20Peptide%20Explained&url=https%3A%2F%2Fwww.oligopolypeptides.com%2Fwhat-is-cagrilintide-triple-receptor-peptide%2F,https://x.com/intent/tweet?text=What%20Is%20Cagrilintide%3F%20Triple%20Receptor%20Peptide%20Explained&url=https%3A%2F%2Fwww.oligopolypeptides.com%2Fwhat-is-cagrilintide-triple-receptor-peptide%2F,,False,,,text/html,,JavaScript is not available.,1,False,1
https://www.oligopolypeptides.com/what-is-retatrutide-triple-agonist/,Indexable,200,200,0,https://www.oligopolypeptides.com/what-is-retatrutide-triple-agonist/,,https://www.oligopolypeptides.com/what-is-retatrutide-triple-agonist/,True,"follow, index, max-snippet:-1, max-video-preview:-1, max-image-preview:large",,text/html,Retatrutide Triple Agonist Research Overview | OligoPoly Laboratories,Unlock 20% Off Your First OligoPoly Order,3,True,1
https://www.oligopolypeptides.com/what-is-retatrutide-triple-agonist/?share=facebook,Redirects off-site,302,200,3,https://www.facebook.com/login/?next=https%3A%2F%2Fwww.facebook.com%2Fshare_channel%2F%3Ftype%3Dreshare%26link%3Dhttps%253A%252F%252Fwww.oligopolypeptides.com%252Fwhat-is-retatrutide-triple-agonist%252F%26app_id%3D966242223397117%26source_surface%3Dexternal_reshare%26display%26hashtag,https://www.facebook.com/sharer/sharer.php?u=https%3A%2F%2Fwww.oligopolypeptides.com%2Fwhat-is-retatrutide-triple-agonist%2F&t=Retatrutide%20Triple%20Agonist%20Research%20Overview -> https://www.facebook.com/share_channel/?type=reshare&link=https%3A%2F%2Fwww.oligopolypeptides.com%2Fwhat-is-retatrutide-triple-agonist%2F&app_id=966242223397117&source_surface=external_reshare&display&hashtag -> https://www.facebook.com/login/?next=https%3A%2F%2Fwww.facebook.com%2Fshare_channel%2F%3Ftype%3Dreshare%26link%3Dhttps%253A%252F%252Fwww.oligopolypeptides.com%252Fwhat-is-retatrutide-triple-agonist%252F%26app_id%3D966242223397117%26source_surface%3Dexternal_reshare%26display%26hashtag,https://www.facebook.com/login,False,,,text/html,Facebook,,0,False,1
https://www.oligopolypeptides.com/what-is-retatrutide-triple-agonist/?share=x,Redirects off-site,302,200,1,https://x.com/intent/tweet?text=Retatrutide%20Triple%20Agonist%20Research%20Overview&url=https%3A%2F%2Fwww.oligopolypeptides.com%2Fwhat-is-retatrutide-triple-agonist%2F,https://x.com/intent/tweet?text=Retatrutide%20Triple%20Agonist%20Research%20Overview&url=https%3A%2F%2Fwww.oligopolypeptides.com%2Fwhat-is-retatrutide-triple-agonist%2F,,False,,,text/html,,JavaScript is not available.,1,False,1
https://www.oligopolypeptides.com/what-is-retatrutide/,Indexable,200,200,0,https://www.oligopolypeptides.com/what-is-retatrutide/,,https://www.oligopolypeptides.com/what-is-retatrutide/,True,"follow, index, max-snippet:-1, max-video-preview:-1, max-image-preview:large",,text/html,What Is Retatrutide? Research Guide | OligoPoly Laboratories,Unlock 20% Off Your First OligoPoly Order,3,True,8
https://www.oligopolypeptides.com/what-is-retatrutide/?share=facebook,Redirects off-site,302,200,3,https://www.facebook.com/login/?next=https%3A%2F%2Fwww.facebook.com%2Fshare_channel%2F%3Ftype%3Dreshare%26link%3Dhttps%253A%252F%252Fwww.oligopolypeptides.com%252Fwhat-is-retatrutide%252F%26app_id%3D966242223397117%26source_surface%3Dexternal_reshare%26display%26hashtag,https://www.facebook.com/sharer/sharer.php?u=https%3A%2F%2Fwww.oligopolypeptides.com%2Fwhat-is-retatrutide%2F&t=What%20Is%20Retatrutide%3F%20Research%20Guide -> https://www.facebook.com/share_channel/?type=reshare&link=https%3A%2F%2Fwww.oligopolypeptides.com%2Fwhat-is-retatrutide%2F&app_id=966242223397117&source_surface=external_reshare&display&hashtag -> https://www.facebook.com/login/?next=https%3A%2F%2Fwww.facebook.com%2Fshare_channel%2F%3Ftype%3Dreshare%26link%3Dhttps%253A%252F%252Fwww.oligopolypeptides.com%252Fwhat-is-retatrutide%252F%26app_id%3D966242223397117%26source_surface%3Dexternal_reshare%26display%26hashtag,https://www.facebook.com/login,False,,,text/html,Facebook,,0,False,1
https://www.oligopolypeptides.com/what-is-retatrutide/?share=x,Crawl rate-limited (retry),429,429,0,https://www.oligopolypeptides.com/what-is-retatrutide/?share=x,,,False,,,text/html,WordPress.com 429 Error,Whoops!,1,False,1
https://www.oligopolypeptides.com/what-makes-a-research-peptide-supplier-trustworthy/,Indexable,200,200,0,https://www.oligopolypeptides.com/what-makes-a-research-peptide-supplier-trustworthy/,,https://www.oligopolypeptides.com/what-makes-a-research-peptide-supplier-trustworthy/,True,"follow, index, max-snippet:-1, max-video-preview:-1, max-image-preview:large",,text/html,What Makes a Research Peptide Supplier Trustworthy? | Research Peptides Guide | OligoPoly Laboratories,Unlock 20% Off Your First OligoPoly Order,2,True,4
https://www.oligopolypeptides.com/what-makes-a-research-peptide-supplier-trustworthy/?share=facebook,Redirects off-site,302,200,3,https://www.facebook.com/login/?next=https%3A%2F%2Fwww.facebook.com%2Fshare_channel%2F%3Ftype%3Dreshare%26link%3Dhttps%253A%252F%252Fwww.oligopolypeptides.com%252Fwhat-makes-a-research-peptide-supplier-trustworthy%252F%26app_id%3D966242223397117%26source_surface%3Dexternal_reshare%26display%26hashtag,https://www.facebook.com/sharer/sharer.php?u=https%3A%2F%2Fwww.oligopolypeptides.com%2Fwhat-makes-a-research-peptide-supplier-trustworthy%2F&t=What%20Makes%20a%20Research%20Peptide%20Supplier%20Trustworthy%3F -> https://www.facebook.com/share_channel/?type=reshare&link=https%3A%2F%2Fwww.oligopolypeptides.com%2Fwhat-makes-a-research-peptide-supplier-trustworthy%2F&app_id=966242223397117&source_surface=external_reshare&display&hashtag -> https://www.facebook.com/login/?next=https%3A%2F%2Fwww.facebook.com%2Fshare_channel%2F%3Ftype%3Dreshare%26link%3Dhttps%253A%252F%252Fwww.oligopolypeptides.com%252Fwhat-makes-a-research-peptide-supplier-trustworthy%252F%26app_id%3D966242223397117%26source_surface%3Dexternal_reshare%26display%26hashtag,https://www.facebook.com/login,False,,,text/html,Facebook,,0,False,1
https://www.oligopolypeptides.com/what-makes-a-research-peptide-supplier-trustworthy/?share=x,Redirects off-site,302,200,1,https://x.com/intent/tweet?text=What%20Makes%20a%20Research%20Peptide%20Supplier%20Trustworthy%3F&url=https%3A%2F%2Fwww.oligopolypeptides.com%2Fwhat-makes-a-research-peptide-supplier-trustworthy%2F,https://x.com/intent/tweet?text=What%20Makes%20a%20Research%20Peptide%20Supplier%20Trustworthy%3F&url=https%3A%2F%2Fwww.oligopolypeptides.com%2Fwhat-makes-a-research-peptide-supplier-trustworthy%2F,,False,,,text/html,,JavaScript is not available.,1,False,1
https://www.oligopolypeptides.com/where-to-buy-research-peptides/,Indexable,200,200,0,https://www.oligopolypeptides.com/where-to-buy-research-peptides/,,https://www.oligopolypeptides.com/where-to-buy-research-peptides/,True,"follow, index, max-snippet:-1, max-video-preview:-1, max-image-preview:large",,text/html,Where to Buy Research Peptides USA | Verified Supplier | OligoPoly Laboratories,Unlock 20% Off Your First OligoPoly Order,3,True,2
https://www.oligopolypeptides.com/where-to-buy-research-peptides/?share=facebook,Crawl rate-limited (retry),429,429,0,https://www.oligopolypeptides.com/where-to-buy-research-peptides/?share=facebook,,,False,,,text/html,WordPress.com 429 Error,Whoops!,1,False,1
https://www.oligopolypeptides.com/where-to-buy-research-peptides/?share=x,Crawl rate-limited (retry),429,429,0,https://www.oligopolypeptides.com/where-to-buy-research-peptides/?share=x,,,False,,,text/html,WordPress.com 429 Error,Whoops!,1,False,1
https://www.oligopolypeptides.com/wp-content/uploads/2026/08/5184.png,Duplicate without user-selected canonical,200,200,0,https://www.oligopolypeptides.com/wp-content/uploads/2026/08/5184.png,,,False,,,image/png,,,0,False,1
https://www.oligopolypeptides.com/wp-content/uploads/2026/08/5186-1.png,Duplicate without user-selected canonical,200,200,0,https://www.oligopolypeptides.com/wp-content/uploads/2026/08/5186-1.png,,,False,,,image/png,,,0,False,1
https://www.oligopolypeptides.com/wp-content/uploads/2026/08/5187.png,Duplicate without user-selected canonical,200,200,0,https://www.oligopolypeptides.com/wp-content/uploads/2026/08/5187.png,,,False,,,image/png,,,0,False,1
https://www.oligopolypeptides.com/wp-content/uploads/2026/08/5188.png,Duplicate without user-selected canonical,200,200,0,https://www.oligopolypeptides.com/wp-content/uploads/2026/08/5188.png,,,False,,,image/png,,,0,False,1
https://www.oligopolypeptides.com/wp-content/uploads/2026/08/5189.png,Duplicate without user-selected canonical,200,200,0,https://www.oligopolypeptides.com/wp-content/uploads/2026/08/5189.png,,,False,,,image/png,,,0,False,1
https://www.oligopolypeptides.com/wp-content/uploads/2026/08/5217.png,Duplicate without user-selected canonical,200,200,0,https://www.oligopolypeptides.com/wp-content/uploads/2026/08/5217.png,,,False,,,image/png,,,0,False,5
https://www.oligopolypeptides.com/wp-content/uploads/2026/08/ChatGPT-Image-Aug-25-2026-03_59_12-PM.png,Duplicate without user-selected canonical,200,200,0,https://www.oligopolypeptides.com/wp-content/uploads/2026/08/ChatGPT-Image-Aug-25-2026-03_59_12-PM.png,,,False,,,image/png,,,0,False,1
https://www.oligopolypeptides.com/wp-content/uploads/2026/08/ChatGPT-Image-Aug-25-2026-04_01_39-PM.png,Duplicate without user-selected canonical,200,200,0,https://www.oligopolypeptides.com/wp-content/uploads/2026/08/ChatGPT-Image-Aug-25-2026-04_01_39-PM.png,,,False,,,image/png,,,0,False,1
https://www.oligopolypeptides.com/wp-content/uploads/2026/08/ChatGPT-Image-Aug-26-2026-02_17_23-PM.png,Duplicate without user-selected canonical,200,200,0,https://www.oligopolypeptides.com/wp-content/uploads/2026/08/ChatGPT-Image-Aug-26-2026-02_17_23-PM.png,,,False,,,image/png,,,0,False,4
https://www.oligopolypeptides.com/wp-content/uploads/2026/08/ChatGPT-Image-Aug-26-2026-02_21_58-PM.png,Duplicate without user-selected canonical,200,200,0,https://www.oligopolypeptides.com/wp-content/uploads/2026/08/ChatGPT-Image-Aug-26-2026-02_21_58-PM.png,,,False,,,image/png,,,0,False,4
https://www.oligopolypeptides.com/wp-content/uploads/2026/08/ChatGPT-Image-Aug-26-2026-02_26_52-PM.png,Duplicate without user-selected canonical,200,200,0,https://www.oligopolypeptides.com/wp-content/uploads/2026/08/ChatGPT-Image-Aug-26-2026-02_26_52-PM.png,,,False,,,image/png,,,0,False,4
https://www.oligopolypeptides.com/wp-content/uploads/2026/08/ChatGPT-Image-Aug-29-2026-03_05_20-PM.png,Duplicate without user-selected canonical,200,200,0,https://www.oligopolypeptides.com/wp-content/uploads/2026/08/ChatGPT-Image-Aug-29-2026-03_05_20-PM.png,,,False,,,image/png,,,0,False,1
https://www.oligopolypeptides.com/wp-content/uploads/2026/08/ChatGPT-Image-Aug-29-2026-03_06_39-PM.png,Duplicate without user-selected canonical,200,200,0,https://www.oligopolypeptides.com/wp-content/uploads/2026/08/ChatGPT-Image-Aug-29-2026-03_06_39-PM.png,,,False,,,image/png,,,0,False,1
https://www.oligopolypeptides.com/wp-content/uploads/2026/08/OP-AUX-NAD-500MG.png,Duplicate without user-selected canonical,200,200,0,https://www.oligopolypeptides.com/wp-content/uploads/2026/08/OP-AUX-NAD-500MG.png,,,False,,,image/png,,,0,False,7
https://www.oligopolypeptides.com/wp-content/uploads/2026/08/OP-COG-SELANK-5MG.png,Duplicate without user-selected canonical,200,200,0,https://www.oligopolypeptides.com/wp-content/uploads/2026/08/OP-COG-SELANK-5MG.png,,,False,,,image/png,,,0,False,4
https://www.oligopolypeptides.com/wp-content/uploads/2026/08/OP-LON-GHKCU-50MG.png,Duplicate without user-selected canonical,200,200,0,https://www.oligopolypeptides.com/wp-content/uploads/2026/08/OP-LON-GHKCU-50MG.png,,,False,,,image/png,,,0,False,8
https://www.oligopolypeptides.com/wp-content/uploads/2026/08/OP-MET-CAGRI-5MG.png,Duplicate without user-selected canonical,200,200,0,https://www.oligopolypeptides.com/wp-content/uploads/2026/08/OP-MET-CAGRI-5MG.png,,,False,,,image/png,,,0,False,6
https://www.oligopolypeptides.com/wp-content/uploads/2026/08/OP-MET-RETA-20MG.png,Duplicate without user-selected canonical,200,200,0,https://www.oligopolypeptides.com/wp-content/uploads/2026/08/OP-MET-RETA-20MG.png,,,False,,,image/png,,,0,False,5
https://www.oligopolypeptides.com/wp-content/uploads/2026/08/OP-MET-RETA-5MG.png,Duplicate without user-selected canonical,200,200,0,https://www.oligopolypeptides.com/wp-content/uploads/2026/08/OP-MET-RETA-5MG.png,,,False,,,image/png,,,0,False,5
https://www.oligopolypeptides.com/wp-content/uploads/2026/08/OP-MET-SEMA-5MG.png,Duplicate without user-selected canonical,200,200,0,https://www.oligopolypeptides.com/wp-content/uploads/2026/08/OP-MET-SEMA-5MG.png,,,False,,,image/png,,,0,False,4
https://www.oligopolypeptides.com/wp-content/uploads/2026/08/OP-MET-TIRZ-10MG.png,Duplicate without user-selected canonical,200,200,0,https://www.oligopolypeptides.com/wp-content/uploads/2026/08/OP-MET-TIRZ-10MG.png,,,False,,,image/png,,,0,False,4
https://www.oligopolypeptides.com/wp-content/uploads/2026/08/OP-RESEARCH-COLLECTION-METABOLIC.png,Duplicate without user-selected canonical,200,200,0,https://www.oligopolypeptides.com/wp-content/uploads/2026/08/OP-RESEARCH-COLLECTION-METABOLIC.png,,,False,,,image/png,,,0,False,1
https://www.oligopolypeptides.com/wp-content/uploads/2026/08/OligoPoly_Laboratories_GHK-Cu_COA.pdf,Duplicate without user-selected canonical,200,200,0,https://www.oligopolypeptides.com/wp-content/uploads/2026/08/OligoPoly_Laboratories_GHK-Cu_COA.pdf,,,False,,,application/pdf,,,0,False,1
https://www.oligopolypeptides.com/wp-content/uploads/2026/08/OligoPoly_Laboratories_KLOW-80mg_COA-1.pdf,Duplicate without user-selected canonical,200,200,0,https://www.oligopolypeptides.com/wp-content/uploads/2026/08/OligoPoly_Laboratories_KLOW-80mg_COA-1.pdf,,,False,,,application/pdf,,,0,False,1
https://www.oligopolypeptides.com/wp-content/uploads/2026/08/OligoPoly_Laboratories_NAD-Plus_COA.pdf,Duplicate without user-selected canonical,200,200,0,https://www.oligopolypeptides.com/wp-content/uploads/2026/08/OligoPoly_Laboratories_NAD-Plus_COA.pdf,,,False,,,application/pdf,,,0,False,1
https://www.oligopolypeptides.com/wp-content/uploads/2026/08/OligoPoly_Laboratories_Retatrutide_COA.pdf,Duplicate without user-selected canonical,200,200,0,https://www.oligopolypeptides.com/wp-content/uploads/2026/08/OligoPoly_Laboratories_Retatrutide_COA.pdf,,,False,,,application/pdf,,,0,False,1
https://www.oligopolypeptides.com/wp-content/uploads/2026/08/OligoPoly_Laboratories_Selank_COA.pdf,Duplicate without user-selected canonical,200,200,0,https://www.oligopolypeptides.com/wp-content/uploads/2026/08/OligoPoly_Laboratories_Selank_COA.pdf,,,False,,,application/pdf,,,0,False,1
https://www.oligopolypeptides.com/wp-content/uploads/2026/08/OligoPoly_Laboratories_Semaglutide_COA.pdf,Duplicate without user-selected canonical,200,200,0,https://www.oligopolypeptides.com/wp-content/uploads/2026/08/OligoPoly_Laboratories_Semaglutide_COA.pdf,,,False,,,application/pdf,,,0,False,1
https://www.oligopolypeptides.com/wp-content/uploads/2026/08/OligoPoly_Laboratories_Tirzepatide_COA.pdf,Duplicate without user-selected canonical,200,200,0,https://www.oligopolypeptides.com/wp-content/uploads/2026/08/OligoPoly_Laboratories_Tirzepatide_COA.pdf,,,False,,,application/pdf,,,0,False,1
https://www.oligopolypeptides.com/wp-content/uploads/2026/08/advanced-multi-pathway-research-collection.png,Duplicate without user-selected canonical,200,200,0,https://www.oligopolypeptides.com/wp-content/uploads/2026/08/advanced-multi-pathway-research-collection.png,,,False,,,image/png,,,0,False,1
https://www.oligopolypeptides.com/wp-content/uploads/2026/08/aod-9604-10mg-research-peptide-10mg-oligopoly-vial-v2-20260802-1.webp,Duplicate without user-selected canonical,200,200,0,https://www.oligopolypeptides.com/wp-content/uploads/2026/08/aod-9604-10mg-research-peptide-10mg-oligopoly-vial-v2-20260802-1.webp,,,False,,,image/webp,,,0,False,4
https://www.oligopolypeptides.com/wp-content/uploads/2026/08/bpc-157-10mg-research-peptide-10mg-oligopoly-vial-v2-20260802-1.webp,Duplicate without user-selected canonical,200,200,0,https://www.oligopolypeptides.com/wp-content/uploads/2026/08/bpc-157-10mg-research-peptide-10mg-oligopoly-vial-v2-20260802-1.webp,,,False,,,image/webp,,,0,False,5
https://www.oligopolypeptides.com/wp-content/uploads/2026/08/bpc-157-kpv-blend-research-blend-oligopoly-vial-v2-20260802-1.webp,Duplicate without user-selected canonical,200,200,0,https://www.oligopolypeptides.com/wp-content/uploads/2026/08/bpc-157-kpv-blend-research-blend-oligopoly-vial-v2-20260802-1.webp,,,False,,,image/webp,,,0,False,1
https://www.oligopolypeptides.com/wp-content/uploads/2026/08/bpc-157-tb-500-blend-research-blend-oligopoly-vial-v2-20260802-1.webp,Duplicate without user-selected canonical,200,200,0,https://www.oligopolypeptides.com/wp-content/uploads/2026/08/bpc-157-tb-500-blend-research-blend-oligopoly-vial-v2-20260802-1.webp,,,False,,,image/webp,,,0,False,4
https://www.oligopolypeptides.com/wp-content/uploads/2026/08/dsip-5mg-research-peptide-5mg-oligopoly-vial-v2-20260802-1.webp,Duplicate without user-selected canonical,200,200,0,https://www.oligopolypeptides.com/wp-content/uploads/2026/08/dsip-5mg-research-peptide-5mg-oligopoly-vial-v2-20260802-1.webp,,,False,,,image/webp,,,0,False,4
https://www.oligopolypeptides.com/wp-content/uploads/2026/08/exec-f0ece829-0902-4fc2-8dc9-ee8c65e6f1bc.png,Duplicate without user-selected canonical,200,200,0,https://www.oligopolypeptides.com/wp-content/uploads/2026/08/exec-f0ece829-0902-4fc2-8dc9-ee8c65e6f1bc.png,,,False,,,image/png,,,0,False,1
https://www.oligopolypeptides.com/wp-content/uploads/2026/08/file_00000000b3a081fd8b4b5cf43a555103.png,Duplicate without user-selected canonical,200,200,0,https://www.oligopolypeptides.com/wp-content/uploads/2026/08/file_00000000b3a081fd8b4b5cf43a555103.png,,,False,,,image/png,,,0,False,1
https://www.oligopolypeptides.com/wp-content/uploads/2026/08/file_00000000fd6881fda0ad39ef6e03cd93.png,Duplicate without user-selected canonical,200,200,0,https://www.oligopolypeptides.com/wp-content/uploads/2026/08/file_00000000fd6881fda0ad39ef6e03cd93.png,,,False,,,image/png,,,0,False,1
https://www.oligopolypeptides.com/wp-content/uploads/2026/08/klow-blend-research-peptide-research-blend-oligopoly-vial-v2-20260802-1.webp,Duplicate without user-selected canonical,200,200,0,https://www.oligopolypeptides.com/wp-content/uploads/2026/08/klow-blend-research-peptide-research-blend-oligopoly-vial-v2-20260802-1.webp,,,False,,,image/webp,,,0,False,4
https://www.oligopolypeptides.com/wp-content/uploads/2026/08/kpv-10mg-research-peptide-10mg-oligopoly-vial-v2-20260802-1.webp,Duplicate without user-selected canonical,200,200,0,https://www.oligopolypeptides.com/wp-content/uploads/2026/08/kpv-10mg-research-peptide-10mg-oligopoly-vial-v2-20260802-1.webp,,,False,,,image/webp,,,0,False,4
https://www.oligopolypeptides.com/wp-content/uploads/2026/08/mots-c-10mg-research-peptide-10mg-oligopoly-vial-v2-20260802-1.webp,Duplicate without user-selected canonical,200,200,0,https://www.oligopolypeptides.com/wp-content/uploads/2026/08/mots-c-10mg-research-peptide-10mg-oligopoly-vial-v2-20260802-1.webp,,,False,,,image/webp,,,0,False,4
https://www.oligopolypeptides.com/wp-content/uploads/2026/08/oligopoly-regenerative-hero-v2.png,Duplicate without user-selected canonical,200,200,0,https://www.oligopolypeptides.com/wp-content/uploads/2026/08/oligopoly-regenerative-hero-v2.png,,,False,,,image/png,,,0,False,1
https://www.oligopolypeptides.com/wp-content/uploads/2026/08/pt-141-10mg-research-peptide-10mg-oligopoly-vial-v2-20260802-1.webp,Duplicate without user-selected canonical,200,200,0,https://www.oligopolypeptides.com/wp-content/uploads/2026/08/pt-141-10mg-research-peptide-10mg-oligopoly-vial-v2-20260802-1.webp,,,False,,,image/webp,,,0,False,4
https://www.oligopolypeptides.com/wp-content/uploads/2026/08/retatrutide-10mg-research-peptide-10mg-oligopoly-vial-v2-20260802.webp,Duplicate without user-selected canonical,200,200,0,https://www.oligopolypeptides.com/wp-content/uploads/2026/08/retatrutide-10mg-research-peptide-10mg-oligopoly-vial-v2-20260802.webp,,,False,,,image/webp,,,0,False,4
https://www.oligopolypeptides.com/wp-content/uploads/2026/08/semaglutide-10mg-research-peptide-10mg-oligopoly-vial-v2-20260802.webp,Duplicate without user-selected canonical,200,200,0,https://www.oligopolypeptides.com/wp-content/uploads/2026/08/semaglutide-10mg-research-peptide-10mg-oligopoly-vial-v2-20260802.webp,,,False,,,image/webp,,,0,False,3
https://www.oligopolypeptides.com/wp-content/uploads/2026/08/semaglutide-cagrilintide-blend-research-blend-oligopoly-vial-v2-20260802-1.webp,Duplicate without user-selected canonical,200,200,0,https://www.oligopolypeptides.com/wp-content/uploads/2026/08/semaglutide-cagrilintide-blend-research-blend-oligopoly-vial-v2-20260802-1.webp,,,False,,,image/webp,,,0,False,3
https://www.oligopolypeptides.com/wp-content/uploads/2026/08/semax-10mg-research-peptide-10mg-oligopoly-vial-v2-20260802-1.webp,Duplicate without user-selected canonical,200,200,0,https://www.oligopolypeptides.com/wp-content/uploads/2026/08/semax-10mg-research-peptide-10mg-oligopoly-vial-v2-20260802-1.webp,,,False,,,image/webp,,,0,False,5
https://www.oligopolypeptides.com/wp-content/uploads/2026/08/tb-500-10mg-research-peptide-10mg-oligopoly-vial-v2-20260802-1.webp,Duplicate without user-selected canonical,200,200,0,https://www.oligopolypeptides.com/wp-content/uploads/2026/08/tb-500-10mg-research-peptide-10mg-oligopoly-vial-v2-20260802-1.webp,,,False,,,image/webp,,,0,False,5
https://www.oligopolypeptides.com/wp-content/uploads/2026/09/cns-receptor-reference-collection.png,Crawl rate-limited (retry),429,429,0,https://www.oligopolypeptides.com/wp-content/uploads/2026/09/cns-receptor-reference-collection.png,,,False,,,text/html,429 Too Many Requests,429 Too Many Requests,1,False,1
https://www.oligopolypeptides.com/wp-content/uploads/2026/09/mitochondrial-signaling-collection.png,Duplicate without user-selected canonical,200,200,0,https://www.oligopolypeptides.com/wp-content/uploads/2026/09/mitochondrial-signaling-collection.png,,,False,,,image/png,,,0,False,1
https://www.oligopolypeptides.com/wp-json/opl5/v1/spec-sheet/12?download=1,Excluded by 'noindex' tag,200,200,0,https://www.oligopolypeptides.com/wp-json/opl5/v1/spec-sheet/12?download=1,,,False,,noindex,text/html,,,0,False,1
https://www.oligopolypeptides.com/wp-json/opl5/v1/spec-sheet/1945?download=1,Excluded by 'noindex' tag,200,200,0,https://www.oligopolypeptides.com/wp-json/opl5/v1/spec-sheet/1945?download=1,,,False,,noindex,text/html,,,0,False,1
https://www.oligopolypeptides.com/wp-json/opl5/v1/spec-sheet/1948?download=1,Excluded by 'noindex' tag,200,200,0,https://www.oligopolypeptides.com/wp-json/opl5/v1/spec-sheet/1948?download=1,,,False,,noindex,text/html,,,0,False,1
https://www.oligopolypeptides.com/wp-json/opl5/v1/spec-sheet/3395?download=1,Excluded by 'noindex' tag,200,200,0,https://www.oligopolypeptides.com/wp-json/opl5/v1/spec-sheet/3395?download=1,,,False,,noindex,text/html,,,0,False,1
https://www.oligopolypeptides.com/wp-json/opl5/v1/spec-sheet/3396?download=1,Excluded by 'noindex' tag,200,200,0,https://www.oligopolypeptides.com/wp-json/opl5/v1/spec-sheet/3396?download=1,,,False,,noindex,text/html,,,0,False,1
https://www.oligopolypeptides.com/wp-json/opl5/v1/spec-sheet/3397?download=1,Excluded by 'noindex' tag,200,200,0,https://www.oligopolypeptides.com/wp-json/opl5/v1/spec-sheet/3397?download=1,,,False,,noindex,text/html,,,0,False,1
https://www.oligopolypeptides.com/wp-json/opl5/v1/spec-sheet/3398?download=1,Crawl rate-limited (retry),429,429,0,https://www.oligopolypeptides.com/wp-json/opl5/v1/spec-sheet/3398?download=1,,,False,,,text/html,WordPress.com 429 Error,Whoops!,1,False,1
https://www.oligopolypeptides.com/wp-json/opl5/v1/spec-sheet/3447?download=1,Excluded by 'noindex' tag,200,200,0,https://www.oligopolypeptides.com/wp-json/opl5/v1/spec-sheet/3447?download=1,,,False,,noindex,text/html,,,0,False,1
https://www.oligopolypeptides.com/wp-json/opl5/v1/spec-sheet/3450?download=1,Excluded by 'noindex' tag,200,200,0,https://www.oligopolypeptides.com/wp-json/opl5/v1/spec-sheet/3450?download=1,,,False,,noindex,text/html,,,0,False,1
https://www.oligopolypeptides.com/wp-json/opl5/v1/spec-sheet/3452?download=1,Excluded by 'noindex' tag,200,200,0,https://www.oligopolypeptides.com/wp-json/opl5/v1/spec-sheet/3452?download=1,,,False,,noindex,text/html,,,0,False,1
https://www.oligopolypeptides.com/wp-json/opl5/v1/spec-sheet/3454?download=1,Excluded by 'noindex' tag,200,200,0,https://www.oligopolypeptides.com/wp-json/opl5/v1/spec-sheet/3454?download=1,,,False,,noindex,text/html,,,0,False,1
https://www.oligopolypeptides.com/wp-json/opl5/v1/spec-sheet/3457?download=1,Excluded by 'noindex' tag,200,200,0,https://www.oligopolypeptides.com/wp-json/opl5/v1/spec-sheet/3457?download=1,,,False,,noindex,text/html,,,0,False,1
https://www.oligopolypeptides.com/wp-json/opl5/v1/spec-sheet/3459?download=1,Excluded by 'noindex' tag,200,200,0,https://www.oligopolypeptides.com/wp-json/opl5/v1/spec-sheet/3459?download=1,,,False,,noindex,text/html,,,0,False,1
https://www.oligopolypeptides.com/wp-json/opl5/v1/spec-sheet/3463?download=1,Excluded by 'noindex' tag,200,200,0,https://www.oligopolypeptides.com/wp-json/opl5/v1/spec-sheet/3463?download=1,,,False,,noindex,text/html,,,0,False,1
https://www.oligopolypeptides.com/wp-json/opl5/v1/spec-sheet/3465?download=1,Excluded by 'noindex' tag,200,200,0,https://www.oligopolypeptides.com/wp-json/opl5/v1/spec-sheet/3465?download=1,,,False,,noindex,text/html,,,0,False,1
https://www.oligopolypeptides.com/wp-json/opl5/v1/spec-sheet/3468?download=1,Excluded by 'noindex' tag,200,200,0,https://www.oligopolypeptides.com/wp-json/opl5/v1/spec-sheet/3468?download=1,,,False,,noindex,text/html,,,0,False,1
https://www.oligopolypeptides.com/wp-json/opl5/v1/spec-sheet/3470?download=1,Excluded by 'noindex' tag,200,200,0,https://www.oligopolypeptides.com/wp-json/opl5/v1/spec-sheet/3470?download=1,,,False,,noindex,text/html,,,0,False,1
https://www.oligopolypeptides.com/wp-json/opl5/v1/spec-sheet/3472?download=1,Excluded by 'noindex' tag,200,200,0,https://www.oligopolypeptides.com/wp-json/opl5/v1/spec-sheet/3472?download=1,,,False,,noindex,text/html,,,0,False,1
https://www.oligopolypeptides.com/wp-json/opl5/v1/spec-sheet/3474?download=1,Excluded by 'noindex' tag,200,200,0,https://www.oligopolypeptides.com/wp-json/opl5/v1/spec-sheet/3474?download=1,,,False,,noindex,text/html,,,0,False,1
https://www.oligopolypeptides.com/wp-json/opl5/v1/spec-sheet/3477?download=1,Excluded by 'noindex' tag,200,200,0,https://www.oligopolypeptides.com/wp-json/opl5/v1/spec-sheet/3477?download=1,,,False,,noindex,text/html,,,0,False,1
https://www.oligopolypeptides.com/wp-json/opl5/v1/spec-sheet/3480?download=1,Excluded by 'noindex' tag,200,200,0,https://www.oligopolypeptides.com/wp-json/opl5/v1/spec-sheet/3480?download=1,,,False,,noindex,text/html,,,0,False,1
https://www.oligopolypeptides.com/wp-json/opl5/v1/spec-sheet/3483?download=1,Excluded by 'noindex' tag,200,200,0,https://www.oligopolypeptides.com/wp-json/opl5/v1/spec-sheet/3483?download=1,,,False,,noindex,text/html,,,0,False,1
https://www.oligopolypeptides.com/wp-json/opl5/v1/spec-sheet/3619?download=1,Excluded by 'noindex' tag,200,200,0,https://www.oligopolypeptides.com/wp-json/opl5/v1/spec-sheet/3619?download=1,,,False,,noindex,text/html,,,0,False,1
https://www.oligopolypeptides.com/wp-json/opl5/v1/spec-sheet/3620?download=1,Excluded by 'noindex' tag,200,200,0,https://www.oligopolypeptides.com/wp-json/opl5/v1/spec-sheet/3620?download=1,,,False,,noindex,text/html,,,0,False,1
https://www.oligopolypeptides.com/wp-json/opl5/v1/spec-sheet/3621?download=1,Excluded by 'noindex' tag,200,200,0,https://www.oligopolypeptides.com/wp-json/opl5/v1/spec-sheet/3621?download=1,,,False,,noindex,text/html,,,0,False,1
https://www.oligopolypeptides.com/wp-json/opl5/v1/spec-sheet/441?download=1,Excluded by 'noindex' tag,200,200,0,https://www.oligopolypeptides.com/wp-json/opl5/v1/spec-sheet/441?download=1,,,False,,noindex,text/html,,,0,False,1
https://www.oligopolypeptides.com/wp-json/opl5/v1/spec-sheet/443?download=1,Excluded by 'noindex' tag,200,200,0,https://www.oligopolypeptides.com/wp-json/opl5/v1/spec-sheet/443?download=1,,,False,,noindex,text/html,,,0,False,1
https://www.oligopolypeptides.com/wp-json/opl5/v1/spec-sheet/446?download=1,Excluded by 'noindex' tag,200,200,0,https://www.oligopolypeptides.com/wp-json/opl5/v1/spec-sheet/446?download=1,,,False,,noindex,text/html,,,0,False,1
https://www.oligopolypeptides.com/wp-json/opl5/v1/spec-sheet/447?download=1,Excluded by 'noindex' tag,200,200,0,https://www.oligopolypeptides.com/wp-json/opl5/v1/spec-sheet/447?download=1,,,False,,noindex,text/html,,,0,False,1
https://www.oligopolypeptides.com/wp-json/opl5/v1/spec-sheet/455?download=1,Excluded by 'noindex' tag,200,200,0,https://www.oligopolypeptides.com/wp-json/opl5/v1/spec-sheet/455?download=1,,,False,,noindex,text/html,,,0,False,1
https://www.oligopolypeptides.com/wp-json/opl5/v1/spec-sheet/458?download=1,Excluded by 'noindex' tag,200,200,0,https://www.oligopolypeptides.com/wp-json/opl5/v1/spec-sheet/458?download=1,,,False,,noindex,text/html,,,0,False,1
https://www.oligopolypeptides.com/wp-json/opl5/v1/spec-sheet/459?download=1,Excluded by 'noindex' tag,200,200,0,https://www.oligopolypeptides.com/wp-json/opl5/v1/spec-sheet/459?download=1,,,False,,noindex,text/html,,,0,False,1
https://www.oligopolypeptides.com/wp-json/opl5/v1/spec-sheet/468?download=1,Excluded by 'noindex' tag,200,200,0,https://www.oligopolypeptides.com/wp-json/opl5/v1/spec-sheet/468?download=1,,,False,,noindex,text/html,,,0,False,1
https://www.oligopolypeptides.com/wp-json/opl5/v1/spec-sheet/49?download=1,Excluded by 'noindex' tag,200,200,0,https://www.oligopolypeptides.com/wp-json/opl5/v1/spec-sheet/49?download=1,,,False,,noindex,text/html,,,0,False,1
https://www.oligopolypeptides.com/wp-json/opl5/v1/spec-sheet/52?download=1,Excluded by 'noindex' tag,200,200,0,https://www.oligopolypeptides.com/wp-json/opl5/v1/spec-sheet/52?download=1,,,False,,noindex,text/html,,,0,False,1
https://www.oligopolypeptides.com/wp-json/opl5/v1/spec-sheet/55?download=1,Excluded by 'noindex' tag,200,200,0,https://www.oligopolypeptides.com/wp-json/opl5/v1/spec-sheet/55?download=1,,,False,,noindex,text/html,,,0,False,1
https://www.oligopolypeptides.com/wp-json/opl5/v1/spec-sheet/60?download=1,Excluded by 'noindex' tag,200,200,0,https://www.oligopolypeptides.com/wp-json/opl5/v1/spec-sheet/60?download=1,,,False,,noindex,text/html,,,0,False,1
https://www.oligopolypeptides.com/wp-json/opl5/v1/spec-sheet/63?download=1,Excluded by 'noindex' tag,200,200,0,https://www.oligopolypeptides.com/wp-json/opl5/v1/spec-sheet/63?download=1,,,False,,noindex,text/html,,,0,False,1
https://www.oligopolypeptides.com/wp-json/opl5/v1/spec-sheet/70?download=1,Excluded by 'noindex' tag,200,200,0,https://www.oligopolypeptides.com/wp-json/opl5/v1/spec-sheet/70?download=1,,,False,,noindex,text/html,,,0,False,1
https://www.oligopolypeptides.com/wp-json/opl6/v1/guide/coa-guide?download=1,Excluded by 'noindex' tag,200,200,0,https://www.oligopolypeptides.com/wp-json/opl6/v1/guide/coa-guide?download=1,,,False,,noindex,text/html,,,0,False,1
https://www.oligopolypeptides.com/wp-json/opl6/v1/guide/ingredient-summary?download=1,Excluded by 'noindex' tag,200,200,0,https://www.oligopolypeptides.com/wp-json/opl6/v1/guide/ingredient-summary?download=1,,,False,,noindex,text/html,,,0,False,1
https://www.oligopolypeptides.com/wp-json/opl6/v1/guide/product-guide?download=1,Excluded by 'noindex' tag,200,200,0,https://www.oligopolypeptides.com/wp-json/opl6/v1/guide/product-guide?download=1,,,False,,noindex,text/html,,,0,False,1
https://www.oligopolypeptides.com/wp-json/opl6/v1/guide/quality-guide?download=1,Excluded by 'noindex' tag,200,200,0,https://www.oligopolypeptides.com/wp-json/opl6/v1/guide/quality-guide?download=1,,,False,,noindex,text/html,,,0,False,1
https://www.oligopolypeptides.com/wp-login.php?redirect_to=https%3A%2F%2Fwww.oligopolypeptides.com%2Faod-9604-vs-cagrilintide-research-comparison%2F,Excluded by 'noindex' tag,200,200,0,https://www.oligopolypeptides.com/wp-login.php?redirect_to=https%3A%2F%2Fwww.oligopolypeptides.com%2Faod-9604-vs-cagrilintide-research-comparison%2F,,,False,"max-image-preview:large, noindex, noarchive",,text/html,Log In ‹ OligoPoly Laboratories — WordPress,Log In,2,False,1
https://www.oligopolypeptides.com/wp-login.php?redirect_to=https%3A%2F%2Fwww.oligopolypeptides.com%2Faod-9604-vs-retatrutide-research-comparison%2F,Excluded by 'noindex' tag,200,200,0,https://www.oligopolypeptides.com/wp-login.php?redirect_to=https%3A%2F%2Fwww.oligopolypeptides.com%2Faod-9604-vs-retatrutide-research-comparison%2F,,,False,"max-image-preview:large, noindex, noarchive",,text/html,Log In ‹ OligoPoly Laboratories — WordPress,Log In,2,False,1
https://www.oligopolypeptides.com/wp-login.php?redirect_to=https%3A%2F%2Fwww.oligopolypeptides.com%2Faod-9604-vs-semaglutide-research-comparison%2F,Excluded by 'noindex' tag,200,200,0,https://www.oligopolypeptides.com/wp-login.php?redirect_to=https%3A%2F%2Fwww.oligopolypeptides.com%2Faod-9604-vs-semaglutide-research-comparison%2F,,,False,"max-image-preview:large, noindex, noarchive",,text/html,Log In ‹ OligoPoly Laboratories — WordPress,Log In,2,False,1
https://www.oligopolypeptides.com/wp-login.php?redirect_to=https%3A%2F%2Fwww.oligopolypeptides.com%2Fbpc-157-kpv-blend-recovery-immune-research%2F,Excluded by 'noindex' tag,200,200,0,https://www.oligopolypeptides.com/wp-login.php?redirect_to=https%3A%2F%2Fwww.oligopolypeptides.com%2Fbpc-157-kpv-blend-recovery-immune-research%2F,,,False,"max-image-preview:large, noindex, noarchive",,text/html,Log In ‹ OligoPoly Laboratories — WordPress,Log In,2,False,1
https://www.oligopolypeptides.com/wp-login.php?redirect_to=https%3A%2F%2Fwww.oligopolypeptides.com%2Fbpc-157-kpv-research-comparison%2F,Excluded by 'noindex' tag,200,200,0,https://www.oligopolypeptides.com/wp-login.php?redirect_to=https%3A%2F%2Fwww.oligopolypeptides.com%2Fbpc-157-kpv-research-comparison%2F,,,False,"max-image-preview:large, noindex, noarchive",,text/html,Log In ‹ OligoPoly Laboratories — WordPress,Log In,2,False,1
https://www.oligopolypeptides.com/wp-login.php?redirect_to=https%3A%2F%2Fwww.oligopolypeptides.com%2Fbpc-157-research-mechanisms-applications%2F,Excluded by 'noindex' tag,200,200,0,https://www.oligopolypeptides.com/wp-login.php?redirect_to=https%3A%2F%2Fwww.oligopolypeptides.com%2Fbpc-157-research-mechanisms-applications%2F,,,False,"max-image-preview:large, noindex, noarchive",,text/html,Log In ‹ OligoPoly Laboratories — WordPress,Log In,2,False,1
https://www.oligopolypeptides.com/wp-login.php?redirect_to=https%3A%2F%2Fwww.oligopolypeptides.com%2Fbpc-157-tb-500-blend-research%2F,Excluded by 'noindex' tag,200,200,0,https://www.oligopolypeptides.com/wp-login.php?redirect_to=https%3A%2F%2Fwww.oligopolypeptides.com%2Fbpc-157-tb-500-blend-research%2F,,,False,"max-image-preview:large, noindex, noarchive",,text/html,Log In ‹ OligoPoly Laboratories — WordPress,Log In,2,False,1
https://www.oligopolypeptides.com/wp-login.php?redirect_to=https%3A%2F%2Fwww.oligopolypeptides.com%2Fbpc-157-vs-tb-500-research-comparison%2F,Excluded by 'noindex' tag,200,200,0,https://www.oligopolypeptides.com/wp-login.php?redirect_to=https%3A%2F%2Fwww.oligopolypeptides.com%2Fbpc-157-vs-tb-500-research-comparison%2F,,,False,"max-image-preview:large, noindex, noarchive",,text/html,Log In ‹ OligoPoly Laboratories — WordPress,Log In,2,False,1
https://www.oligopolypeptides.com/wp-login.php?redirect_to=https%3A%2F%2Fwww.oligopolypeptides.com%2Fcagrilintide-research-guide-amylin-analog%2F,Excluded by 'noindex' tag,200,200,0,https://www.oligopolypeptides.com/wp-login.php?redirect_to=https%3A%2F%2Fwww.oligopolypeptides.com%2Fcagrilintide-research-guide-amylin-analog%2F,,,False,"max-image-preview:large, noindex, noarchive",,text/html,Log In ‹ OligoPoly Laboratories — WordPress,Log In,2,False,1
https://www.oligopolypeptides.com/wp-login.php?redirect_to=https%3A%2F%2Fwww.oligopolypeptides.com%2Fcoa-verification-batch-documentation-research-peptide-sourcing%2F,Excluded by 'noindex' tag,200,200,0,https://www.oligopolypeptides.com/wp-login.php?redirect_to=https%3A%2F%2Fwww.oligopolypeptides.com%2Fcoa-verification-batch-documentation-research-peptide-sourcing%2F,,,False,"max-image-preview:large, noindex, noarchive",,text/html,Log In ‹ OligoPoly Laboratories — WordPress,Log In,2,False,1
https://www.oligopolypeptides.com/wp-login.php?redirect_to=https%3A%2F%2Fwww.oligopolypeptides.com%2Fcoa-verification-guide-peptide-quality-documentation%2F,Excluded by 'noindex' tag,200,200,0,https://www.oligopolypeptides.com/wp-login.php?redirect_to=https%3A%2F%2Fwww.oligopolypeptides.com%2Fcoa-verification-guide-peptide-quality-documentation%2F,,,False,"max-image-preview:large, noindex, noarchive",,text/html,Log In ‹ OligoPoly Laboratories — WordPress,Log In,2,False,1
https://www.oligopolypeptides.com/wp-login.php?redirect_to=https%3A%2F%2Fwww.oligopolypeptides.com%2Fcognitive-research-peptides-semax-selank-dihexa%2F,Excluded by 'noindex' tag,200,200,0,https://www.oligopolypeptides.com/wp-login.php?redirect_to=https%3A%2F%2Fwww.oligopolypeptides.com%2Fcognitive-research-peptides-semax-selank-dihexa%2F,,,False,"max-image-preview:large, noindex, noarchive",,text/html,Log In ‹ OligoPoly Laboratories — WordPress,Log In,2,False,1
https://www.oligopolypeptides.com/wp-login.php?redirect_to=https%3A%2F%2Fwww.oligopolypeptides.com%2Fcustom-research-peptide-blends-guide%2F,Excluded by 'noindex' tag,200,200,0,https://www.oligopolypeptides.com/wp-login.php?redirect_to=https%3A%2F%2Fwww.oligopolypeptides.com%2Fcustom-research-peptide-blends-guide%2F,,,False,"max-image-preview:large, noindex, noarchive",,text/html,Log In ‹ OligoPoly Laboratories — WordPress,Log In,2,False,1
https://www.oligopolypeptides.com/wp-login.php?redirect_to=https%3A%2F%2Fwww.oligopolypeptides.com%2Fepitalon-pinealon-blend-longevity-research%2F,Excluded by 'noindex' tag,200,200,0,https://www.oligopolypeptides.com/wp-login.php?redirect_to=https%3A%2F%2Fwww.oligopolypeptides.com%2Fepitalon-pinealon-blend-longevity-research%2F,,,False,"max-image-preview:large, noindex, noarchive",,text/html,Log In ‹ OligoPoly Laboratories — WordPress,Log In,2,False,1
https://www.oligopolypeptides.com/wp-login.php?redirect_to=https%3A%2F%2Fwww.oligopolypeptides.com%2Fepitalon-pinealon-research-comparison%2F,Excluded by 'noindex' tag,200,200,0,https://www.oligopolypeptides.com/wp-login.php?redirect_to=https%3A%2F%2Fwww.oligopolypeptides.com%2Fepitalon-pinealon-research-comparison%2F,,,False,"max-image-preview:large, noindex, noarchive",,text/html,Log In ‹ OligoPoly Laboratories — WordPress,Log In,2,False,1
https://www.oligopolypeptides.com/wp-login.php?redirect_to=https%3A%2F%2Fwww.oligopolypeptides.com%2Ffollistatin-344-vs-igf-1-lr3-research-comparison%2F,Excluded by 'noindex' tag,200,200,0,https://www.oligopolypeptides.com/wp-login.php?redirect_to=https%3A%2F%2Fwww.oligopolypeptides.com%2Ffollistatin-344-vs-igf-1-lr3-research-comparison%2F,,,False,"max-image-preview:large, noindex, noarchive",,text/html,Log In ‹ OligoPoly Laboratories — WordPress,Log In,2,False,1
https://www.oligopolypeptides.com/wp-login.php?redirect_to=https%3A%2F%2Fwww.oligopolypeptides.com%2Fglp-1-receptor-peptides-explained%2F,Excluded by 'noindex' tag,200,200,0,https://www.oligopolypeptides.com/wp-login.php?redirect_to=https%3A%2F%2Fwww.oligopolypeptides.com%2Fglp-1-receptor-peptides-explained%2F,,,False,"max-image-preview:large, noindex, noarchive",,text/html,Log In ‹ OligoPoly Laboratories — WordPress,Log In,2,False,1
https://www.oligopolypeptides.com/wp-login.php?redirect_to=https%3A%2F%2Fwww.oligopolypeptides.com%2Fglp-1-research-peptides-guide%2F,Excluded by 'noindex' tag,200,200,0,https://www.oligopolypeptides.com/wp-login.php?redirect_to=https%3A%2F%2Fwww.oligopolypeptides.com%2Fglp-1-research-peptides-guide%2F,,,False,"max-image-preview:large, noindex, noarchive",,text/html,Log In ‹ OligoPoly Laboratories — WordPress,Log In,2,False,1
https://www.oligopolypeptides.com/wp-login.php?redirect_to=https%3A%2F%2Fwww.oligopolypeptides.com%2Fglp-1-research-peptides-laboratory-guide%2F,Excluded by 'noindex' tag,200,200,0,https://www.oligopolypeptides.com/wp-login.php?redirect_to=https%3A%2F%2Fwww.oligopolypeptides.com%2Fglp-1-research-peptides-laboratory-guide%2F,,,False,"max-image-preview:large, noindex, noarchive",,text/html,Log In ‹ OligoPoly Laboratories — WordPress,Log In,2,False,1
https://www.oligopolypeptides.com/wp-login.php?redirect_to=https%3A%2F%2Fwww.oligopolypeptides.com%2Fhow-peptides-are-used-in-laboratory-research%2F,Excluded by 'noindex' tag,200,200,0,https://www.oligopolypeptides.com/wp-login.php?redirect_to=https%3A%2F%2Fwww.oligopolypeptides.com%2Fhow-peptides-are-used-in-laboratory-research%2F,,,False,"max-image-preview:large, noindex, noarchive",,text/html,Log In ‹ OligoPoly Laboratories — WordPress,Log In,2,False,1
https://www.oligopolypeptides.com/wp-login.php?redirect_to=https%3A%2F%2Fwww.oligopolypeptides.com%2Fhow-to-choose-research-peptides-buying-guide%2F,Excluded by 'noindex' tag,200,200,0,https://www.oligopolypeptides.com/wp-login.php?redirect_to=https%3A%2F%2Fwww.oligopolypeptides.com%2Fhow-to-choose-research-peptides-buying-guide%2F,,,False,"max-image-preview:large, noindex, noarchive",,text/html,Log In ‹ OligoPoly Laboratories — WordPress,Log In,2,False,1
https://www.oligopolypeptides.com/wp-login.php?redirect_to=https%3A%2F%2Fwww.oligopolypeptides.com%2Fhow-to-choose-research-peptides-for-laboratory-studies%2F,Excluded by 'noindex' tag,200,200,0,https://www.oligopolypeptides.com/wp-login.php?redirect_to=https%3A%2F%2Fwww.oligopolypeptides.com%2Fhow-to-choose-research-peptides-for-laboratory-studies%2F,,,False,"max-image-preview:large, noindex, noarchive",,text/html,Log In ‹ OligoPoly Laboratories — WordPress,Log In,2,False,1
https://www.oligopolypeptides.com/wp-login.php?redirect_to=https%3A%2F%2Fwww.oligopolypeptides.com%2Fhow-to-measure-peptide-purity-hplc-mass-spec%2F,Excluded by 'noindex' tag,200,200,0,https://www.oligopolypeptides.com/wp-login.php?redirect_to=https%3A%2F%2Fwww.oligopolypeptides.com%2Fhow-to-measure-peptide-purity-hplc-mass-spec%2F,,,False,"max-image-preview:large, noindex, noarchive",,text/html,Log In ‹ OligoPoly Laboratories — WordPress,Log In,2,False,1
https://www.oligopolypeptides.com/wp-login.php?redirect_to=https%3A%2F%2Fwww.oligopolypeptides.com%2Fhow-to-read-peptide-coa-report-hplc-mass-spec%2F,Excluded by 'noindex' tag,200,200,0,https://www.oligopolypeptides.com/wp-login.php?redirect_to=https%3A%2F%2Fwww.oligopolypeptides.com%2Fhow-to-read-peptide-coa-report-hplc-mass-spec%2F,,,False,"max-image-preview:large, noindex, noarchive",,text/html,Log In ‹ OligoPoly Laboratories — WordPress,Log In,2,False,1
https://www.oligopolypeptides.com/wp-login.php?redirect_to=https%3A%2F%2Fwww.oligopolypeptides.com%2Figf-1-lr3-vs-peg-mgf-research-comparison%2F,Excluded by 'noindex' tag,200,200,0,https://www.oligopolypeptides.com/wp-login.php?redirect_to=https%3A%2F%2Fwww.oligopolypeptides.com%2Figf-1-lr3-vs-peg-mgf-research-comparison%2F,,,False,"max-image-preview:large, noindex, noarchive",,text/html,Log In ‹ OligoPoly Laboratories — WordPress,Log In,2,False,1
https://www.oligopolypeptides.com/wp-login.php?redirect_to=https%3A%2F%2Fwww.oligopolypeptides.com%2Fipamorelin-vs-tesamorelin-research-comparison%2F,Excluded by 'noindex' tag,200,200,0,https://www.oligopolypeptides.com/wp-login.php?redirect_to=https%3A%2F%2Fwww.oligopolypeptides.com%2Fipamorelin-vs-tesamorelin-research-comparison%2F,,,False,"max-image-preview:large, noindex, noarchive",,text/html,Log In ‹ OligoPoly Laboratories — WordPress,Log In,2,False,1
https://www.oligopolypeptides.com/wp-login.php?redirect_to=https%3A%2F%2Fwww.oligopolypeptides.com%2Fkpv-vs-thymosin-beta-4-research-comparison%2F,Excluded by 'noindex' tag,200,200,0,https://www.oligopolypeptides.com/wp-login.php?redirect_to=https%3A%2F%2Fwww.oligopolypeptides.com%2Fkpv-vs-thymosin-beta-4-research-comparison%2F,,,False,"max-image-preview:large, noindex, noarchive",,text/html,Log In ‹ OligoPoly Laboratories — WordPress,Log In,2,False,1
https://www.oligopolypeptides.com/wp-login.php?redirect_to=https%3A%2F%2Fwww.oligopolypeptides.com%2Fmitochondrial-research-peptides-guide%2F,Excluded by 'noindex' tag,200,200,0,https://www.oligopolypeptides.com/wp-login.php?redirect_to=https%3A%2F%2Fwww.oligopolypeptides.com%2Fmitochondrial-research-peptides-guide%2F,,,False,"max-image-preview:large, noindex, noarchive",,text/html,Log In ‹ OligoPoly Laboratories — WordPress,Log In,2,False,1
https://www.oligopolypeptides.com/wp-login.php?redirect_to=https%3A%2F%2Fwww.oligopolypeptides.com%2Fmitochondrial-research-peptides-mots-c-ss-31%2F,Excluded by 'noindex' tag,200,200,0,https://www.oligopolypeptides.com/wp-login.php?redirect_to=https%3A%2F%2Fwww.oligopolypeptides.com%2Fmitochondrial-research-peptides-mots-c-ss-31%2F,,,False,"max-image-preview:large, noindex, noarchive",,text/html,Log In ‹ OligoPoly Laboratories — WordPress,Log In,2,False,1
https://www.oligopolypeptides.com/wp-login.php?redirect_to=https%3A%2F%2Fwww.oligopolypeptides.com%2Fmots-c-ss-31-blend-mitochondrial-research%2F,Excluded by 'noindex' tag,200,200,0,https://www.oligopolypeptides.com/wp-login.php?redirect_to=https%3A%2F%2Fwww.oligopolypeptides.com%2Fmots-c-ss-31-blend-mitochondrial-research%2F,,,False,"max-image-preview:large, noindex, noarchive",,text/html,Log In ‹ OligoPoly Laboratories — WordPress,Log In,2,False,1
https://www.oligopolypeptides.com/wp-login.php?redirect_to=https%3A%2F%2Fwww.oligopolypeptides.com%2Fmots-c-ss-31-research-comparison%2F,Excluded by 'noindex' tag,200,200,0,https://www.oligopolypeptides.com/wp-login.php?redirect_to=https%3A%2F%2Fwww.oligopolypeptides.com%2Fmots-c-ss-31-research-comparison%2F,,,False,"max-image-preview:large, noindex, noarchive",,text/html,Log In ‹ OligoPoly Laboratories — WordPress,Log In,2,False,1
https://www.oligopolypeptides.com/wp-login.php?redirect_to=https%3A%2F%2Fwww.oligopolypeptides.com%2Fmulti-compound-peptide-research-study-design%2F,Excluded by 'noindex' tag,200,200,0,https://www.oligopolypeptides.com/wp-login.php?redirect_to=https%3A%2F%2Fwww.oligopolypeptides.com%2Fmulti-compound-peptide-research-study-design%2F,,,False,"max-image-preview:large, noindex, noarchive",,text/html,Log In ‹ OligoPoly Laboratories — WordPress,Log In,2,False,1
https://www.oligopolypeptides.com/wp-login.php?redirect_to=https%3A%2F%2Fwww.oligopolypeptides.com%2Fquality-standards-comparing-research-peptide-vendors%2F,Excluded by 'noindex' tag,200,200,0,https://www.oligopolypeptides.com/wp-login.php?redirect_to=https%3A%2F%2Fwww.oligopolypeptides.com%2Fquality-standards-comparing-research-peptide-vendors%2F,,,False,"max-image-preview:large, noindex, noarchive",,text/html,Log In ‹ OligoPoly Laboratories — WordPress,Log In,2,False,1
https://www.oligopolypeptides.com/wp-login.php?redirect_to=https%3A%2F%2Fwww.oligopolypeptides.com%2Fresearch-blends-vs-single-compounds-study-design%2F,Excluded by 'noindex' tag,200,200,0,https://www.oligopolypeptides.com/wp-login.php?redirect_to=https%3A%2F%2Fwww.oligopolypeptides.com%2Fresearch-blends-vs-single-compounds-study-design%2F,,,False,"max-image-preview:large, noindex, noarchive",,text/html,Log In ‹ OligoPoly Laboratories — WordPress,Log In,2,False,1
https://www.oligopolypeptides.com/wp-login.php?redirect_to=https%3A%2F%2Fwww.oligopolypeptides.com%2Fresearch-peptide-research-panels-guide%2F,Excluded by 'noindex' tag,200,200,0,https://www.oligopolypeptides.com/wp-login.php?redirect_to=https%3A%2F%2Fwww.oligopolypeptides.com%2Fresearch-peptide-research-panels-guide%2F,,,False,"max-image-preview:large, noindex, noarchive",,text/html,Log In ‹ OligoPoly Laboratories — WordPress,Log In,2,False,1
https://www.oligopolypeptides.com/wp-login.php?redirect_to=https%3A%2F%2Fwww.oligopolypeptides.com%2Fresearch-peptide-research-panels-how-to-choose%2F,Excluded by 'noindex' tag,200,200,0,https://www.oligopolypeptides.com/wp-login.php?redirect_to=https%3A%2F%2Fwww.oligopolypeptides.com%2Fresearch-peptide-research-panels-how-to-choose%2F,,,False,"max-image-preview:large, noindex, noarchive",,text/html,Log In ‹ OligoPoly Laboratories — WordPress,Log In,2,False,1
https://www.oligopolypeptides.com/wp-login.php?redirect_to=https%3A%2F%2Fwww.oligopolypeptides.com%2Fresearch-peptide-storage-handling-documentation%2F,Excluded by 'noindex' tag,200,200,0,https://www.oligopolypeptides.com/wp-login.php?redirect_to=https%3A%2F%2Fwww.oligopolypeptides.com%2Fresearch-peptide-storage-handling-documentation%2F,,,False,"max-image-preview:large, noindex, noarchive",,text/html,Log In ‹ OligoPoly Laboratories — WordPress,Log In,2,False,1
https://www.oligopolypeptides.com/wp-login.php?redirect_to=https%3A%2F%2Fwww.oligopolypeptides.com%2Fretatrutide-cagrilintide-research-comparison%2F,Excluded by 'noindex' tag,200,200,0,https://www.oligopolypeptides.com/wp-login.php?redirect_to=https%3A%2F%2Fwww.oligopolypeptides.com%2Fretatrutide-cagrilintide-research-comparison%2F,,,False,"max-image-preview:large, noindex, noarchive",,text/html,Log In ‹ OligoPoly Laboratories — WordPress,Log In,2,False,1
https://www.oligopolypeptides.com/wp-login.php?redirect_to=https%3A%2F%2Fwww.oligopolypeptides.com%2Fretatrutide-research-guide-triple-agonist%2F,Excluded by 'noindex' tag,200,200,0,https://www.oligopolypeptides.com/wp-login.php?redirect_to=https%3A%2F%2Fwww.oligopolypeptides.com%2Fretatrutide-research-guide-triple-agonist%2F,,,False,"max-image-preview:large, noindex, noarchive",,text/html,Log In ‹ OligoPoly Laboratories — WordPress,Log In,2,False,1
https://www.oligopolypeptides.com/wp-login.php?redirect_to=https%3A%2F%2Fwww.oligopolypeptides.com%2Fselank-vs-dihexa-research-comparison%2F,Excluded by 'noindex' tag,200,200,0,https://www.oligopolypeptides.com/wp-login.php?redirect_to=https%3A%2F%2Fwww.oligopolypeptides.com%2Fselank-vs-dihexa-research-comparison%2F,,,False,"max-image-preview:large, noindex, noarchive",,text/html,Log In ‹ OligoPoly Laboratories — WordPress,Log In,2,False,1
https://www.oligopolypeptides.com/wp-login.php?redirect_to=https%3A%2F%2Fwww.oligopolypeptides.com%2Fsemaglutide-cagrilintide-blend-research%2F,Excluded by 'noindex' tag,200,200,0,https://www.oligopolypeptides.com/wp-login.php?redirect_to=https%3A%2F%2Fwww.oligopolypeptides.com%2Fsemaglutide-cagrilintide-blend-research%2F,,,False,"max-image-preview:large, noindex, noarchive",,text/html,Log In ‹ OligoPoly Laboratories — WordPress,Log In,2,False,1
https://www.oligopolypeptides.com/wp-login.php?redirect_to=https%3A%2F%2Fwww.oligopolypeptides.com%2Fsemaglutide-cagrilintide-research-comparison%2F,Excluded by 'noindex' tag,200,200,0,https://www.oligopolypeptides.com/wp-login.php?redirect_to=https%3A%2F%2Fwww.oligopolypeptides.com%2Fsemaglutide-cagrilintide-research-comparison%2F,,,False,"max-image-preview:large, noindex, noarchive",,text/html,Log In ‹ OligoPoly Laboratories — WordPress,Log In,2,False,1
https://www.oligopolypeptides.com/wp-login.php?redirect_to=https%3A%2F%2Fwww.oligopolypeptides.com%2Fsemaglutide-vs-tirzepatide-research-comparison%2F,Excluded by 'noindex' tag,200,200,0,https://www.oligopolypeptides.com/wp-login.php?redirect_to=https%3A%2F%2Fwww.oligopolypeptides.com%2Fsemaglutide-vs-tirzepatide-research-comparison%2F,,,False,"max-image-preview:large, noindex, noarchive",,text/html,Log In ‹ OligoPoly Laboratories — WordPress,Log In,2,False,1
https://www.oligopolypeptides.com/wp-login.php?redirect_to=https%3A%2F%2Fwww.oligopolypeptides.com%2Fsemax-vs-dihexa-research-comparison%2F,Excluded by 'noindex' tag,200,200,0,https://www.oligopolypeptides.com/wp-login.php?redirect_to=https%3A%2F%2Fwww.oligopolypeptides.com%2Fsemax-vs-dihexa-research-comparison%2F,,,False,"max-image-preview:large, noindex, noarchive",,text/html,Log In ‹ OligoPoly Laboratories — WordPress,Log In,2,False,1
https://www.oligopolypeptides.com/wp-login.php?redirect_to=https%3A%2F%2Fwww.oligopolypeptides.com%2Ftb-500-peptide-research-mechanisms-applications%2F,Excluded by 'noindex' tag,200,200,0,https://www.oligopolypeptides.com/wp-login.php?redirect_to=https%3A%2F%2Fwww.oligopolypeptides.com%2Ftb-500-peptide-research-mechanisms-applications%2F,,,False,"max-image-preview:large, noindex, noarchive",,text/html,Log In ‹ OligoPoly Laboratories — WordPress,Log In,2,False,1
https://www.oligopolypeptides.com/wp-login.php?redirect_to=https%3A%2F%2Fwww.oligopolypeptides.com%2Fthymosin-alpha-1-vs-kpv-research-comparison%2F,Excluded by 'noindex' tag,200,200,0,https://www.oligopolypeptides.com/wp-login.php?redirect_to=https%3A%2F%2Fwww.oligopolypeptides.com%2Fthymosin-alpha-1-vs-kpv-research-comparison%2F,,,False,"max-image-preview:large, noindex, noarchive",,text/html,Log In ‹ OligoPoly Laboratories — WordPress,Log In,2,False,1
https://www.oligopolypeptides.com/wp-login.php?redirect_to=https%3A%2F%2Fwww.oligopolypeptides.com%2Funderstanding-glp-1-metabolic-pathways-peptide-research%2F,Excluded by 'noindex' tag,200,200,0,https://www.oligopolypeptides.com/wp-login.php?redirect_to=https%3A%2F%2Fwww.oligopolypeptides.com%2Funderstanding-glp-1-metabolic-pathways-peptide-research%2F,,,False,"max-image-preview:large, noindex, noarchive",,text/html,Log In ‹ OligoPoly Laboratories — WordPress,Log In,2,False,1
https://www.oligopolypeptides.com/wp-login.php?redirect_to=https%3A%2F%2Fwww.oligopolypeptides.com%2Fwhat-are-oligopeptides-definition-structure-uses%2F,Excluded by 'noindex' tag,200,200,0,https://www.oligopolypeptides.com/wp-login.php?redirect_to=https%3A%2F%2Fwww.oligopolypeptides.com%2Fwhat-are-oligopeptides-definition-structure-uses%2F,,,False,"max-image-preview:large, noindex, noarchive",,text/html,Log In ‹ OligoPoly Laboratories — WordPress,Log In,2,False,1
https://www.oligopolypeptides.com/wp-login.php?redirect_to=https%3A%2F%2Fwww.oligopolypeptides.com%2Fwhat-are-research-peptides-supplier-quality-guide%2F,Excluded by 'noindex' tag,200,200,0,https://www.oligopolypeptides.com/wp-login.php?redirect_to=https%3A%2F%2Fwww.oligopolypeptides.com%2Fwhat-are-research-peptides-supplier-quality-guide%2F,,,False,"max-image-preview:large, noindex, noarchive",,text/html,Log In ‹ OligoPoly Laboratories — WordPress,Log In,2,False,1
https://www.oligopolypeptides.com/wp-login.php?redirect_to=https%3A%2F%2Fwww.oligopolypeptides.com%2Fwhat-is-cagrilintide-triple-receptor-peptide%2F,Excluded by 'noindex' tag,200,200,0,https://www.oligopolypeptides.com/wp-login.php?redirect_to=https%3A%2F%2Fwww.oligopolypeptides.com%2Fwhat-is-cagrilintide-triple-receptor-peptide%2F,,,False,"max-image-preview:large, noindex, noarchive",,text/html,Log In ‹ OligoPoly Laboratories — WordPress,Log In,2,False,1
https://www.oligopolypeptides.com/wp-login.php?redirect_to=https%3A%2F%2Fwww.oligopolypeptides.com%2Fwhat-is-retatrutide-triple-agonist%2F,Excluded by 'noindex' tag,200,200,0,https://www.oligopolypeptides.com/wp-login.php?redirect_to=https%3A%2F%2Fwww.oligopolypeptides.com%2Fwhat-is-retatrutide-triple-agonist%2F,,,False,"max-image-preview:large, noindex, noarchive",,text/html,Log In ‹ OligoPoly Laboratories — WordPress,Log In,2,False,1
https://www.oligopolypeptides.com/wp-login.php?redirect_to=https%3A%2F%2Fwww.oligopolypeptides.com%2Fwhat-makes-a-research-peptide-supplier-trustworthy%2F,Excluded by 'noindex' tag,200,200,0,https://www.oligopolypeptides.com/wp-login.php?redirect_to=https%3A%2F%2Fwww.oligopolypeptides.com%2Fwhat-makes-a-research-peptide-supplier-trustworthy%2F,,,False,"max-image-preview:large, noindex, noarchive",,text/html,Log In ‹ OligoPoly Laboratories — WordPress,Log In,2,False,1
